group_type,position,games,goals,shots,time,xG,assists,xA,key_passes,season,team,yellow,red,npg,npxG,xGChain,xGBuildup,player_id,player_name
season,Sub,18,1,36,1482,3.1959573924541473,4,3.5917510129511356,44,2019,Lokomotiv Moscow,3,0,1,3.1959573924541473,7.818332403898239,3.76688495837152,1512,João Mário
season,MC,20,1,16,1081,1.1253598313778639,2,1.8842778028920293,18,2018,Inter,2,0,1,1.1253598313778639,6.405343489721417,4.276857392862439,1512,João Mário
season,AMC,13,2,16,1037,1.7682282999157906,1,1.1529978923499584,16,2017,West Ham,0,0,2,1.7682282999157906,3.5322310738265514,1.0783339915797114,1512,João Mário
season,Sub,14,0,12,548,1.5326030477881432,3,1.6735506504774094,17,2017,Inter,0,0,0,1.5326030477881432,4.666062079370022,2.6421938464045525,1512,João Mário
season,AMC,30,3,32,1999,4.814515192061663,5,4.550249212421477,55,2016,Inter,5,0,3,4.814515192061663,16.24547467008233,9.530046442523599,1512,João Mário
