group_type,position,games,goals,shots,time,xG,assists,xA,key_passes,season,team,yellow,red,npg,npxG,xGChain,xGBuildup,player_id,player_name
season,Sub,29,0,10,2468,1.1912503112107515,0,0.24653062969446182,4,2024,Las Palmas,5,1,0,1.1912503112107515,4.782997235655785,4.271701442077756,10757,Scott McKenna
season,DC,5,0,2,420,0.17008375376462936,0,0.19044238328933716,3,2023,Nottingham Forest,0,0,0,0.17008375376462936,0.285503588616848,0.18080484867095947,10757,Scott McKenna
season,DC,20,0,2,1568,0.072630500420928,0,0.8567974828183651,8,2022,Nottingham Forest,4,0,0,0.072630500420928,3.309428296983242,2.500349510461092,10757,Scott McKenna
