group_type,position,games,goals,shots,time,xG,assists,xA,key_passes,season,team,yellow,red,npg,npxG,xGChain,xGBuildup,player_id,player_name
season,Sub,11,0,4,457,0.32717460207641125,0,0,0,2021,Getafe,1,0,0,0.32717460207641125,0.21985990181565285,0.20401970110833645,6932,Okay Yokuslu
season,Sub,8,0,2,126,0.10445579886436462,0,0,0,2021,Celta Vigo,0,0,0,0.10445579886436462,0.08979739993810654,0.08979739993810654,6932,Okay Yokuslu
season,Sub,16,0,12,1328,0.7194964047521353,1,0.4425208047032356,6,2020,West Bromwich Albion,4,0,0,0.7194964047521353,2.787972727790475,2.3611941933631897,6932,Okay Yokuslu
season,MC,12,0,3,437,0.4188010971993208,0,0.37696629017591476,5,2020,Celta Vigo,4,1,0,0.4188010971993208,2.915165990591049,2.255391091108322,6932,Okay Yokuslu
season,MC,26,0,12,1994,0.4123956011608243,2,1.1699272152036428,10,2019,Celta Vigo,6,0,0,0.4123956011608243,4.686179794371128,3.4993060221895576,6932,Okay Yokuslu
season,Sub,30,2,18,2219,1.904700206592679,0,0.9007064942270517,11,2018,Celta Vigo,10,0,2,1.904700206592679,7.995004029944539,7.467725308611989,6932,Okay Yokuslu
