group_type,position,games,goals,shots,time,xG,assists,xA,key_passes,season,team,yellow,red,npg,npxG,xGChain,xGBuildup,player_id,player_name
season,Sub,6,0,2,442,0.09984919615089893,0,0.08443289995193481,3,2020,Newcastle United,0,0,0,0.09984919615089893,0.5257030911743641,0.3566388040781021,727,DeAndre Yedlin
season,Sub,16,1,1,935,0.7519299983978271,0,0.26691549830138683,7,2019,Newcastle United,3,0,1,0.7519299983978271,2.288469258695841,1.3399439696222544,727,DeAndre Yedlin
season,DR,29,1,11,2476,1.1860909033566713,2,2.1516155572608113,28,2018,Newcastle United,6,1,1,1.1860909033566713,6.88816512003541,4.478997932747006,727,DeAndre Yedlin
season,DR,34,0,6,2838,0.14289419818669558,2,2.098215593956411,18,2017,Newcastle United,5,0,0,0.14289419818669558,5.393824853003025,3.426079908385873,727,DeAndre Yedlin
season,DR,23,0,4,1810,0.20718932896852493,1,1.1340486258268356,12,2015,Sunderland,2,0,0,0.20718932896852493,2.8879296984523535,1.674485383555293,727,DeAndre Yedlin
season,Sub,1,0,0,9,0,0,0,0,2014,Tottenham,0,0,0,0,0,0,727,DeAndre Yedlin
