group_type,position,games,goals,shots,time,xG,assists,xA,key_passes,season,team,yellow,red,npg,npxG,xGChain,xGBuildup,player_id,player_name
season,DR,35,1,26,2926,1.9333325140178204,3,2.46300520375371,17,2020,West Bromwich Albion,5,0,1,1.9333325140178204,6.135472722351551,3.374022333882749,4391,Darnell Furlong
season,DR,3,0,1,228,0.009575449861586094,0,0,0,2014,Queens Park Rangers,1,0,0,0.009575449861586094,0.06898230314254761,0.05940689891576767,4391,Darnell Furlong
