group_type,position,games,goals,shots,time,xG,assists,xA,key_passes,season,team,yellow,red,npg,npxG,xGChain,xGBuildup,player_id,player_name
season,DC,24,1,13,1840,0.7898285016417503,0,0.15476999524980783,3,2017,Everton,3,1,1,0.7898285016417503,1.5408849865198135,1.4772319942712784,709,Ashley Williams
season,DC,36,1,15,3156,1.3583404114469886,3,1.2082149414345622,10,2016,Everton,7,1,1,1.3583404114469886,7.198602022603154,6.826772337779403,709,Ashley Williams
season,DC,36,2,16,3240,1.7815254908055067,1,0.44039199873805046,11,2015,Swansea,8,0,2,1.7815254908055067,7.390198610723019,7.146746585145593,709,Ashley Williams
season,DC,37,0,7,3330,0.39955429919064045,0,0.14684819988906384,6,2014,Swansea,6,0,0,0.39955429919064045,6.921002980321646,6.7357996590435505,709,Ashley Williams
