group_type,position,games,goals,shots,time,xG,assists,xA,key_passes,season,team,yellow,red,npg,npxG,xGChain,xGBuildup,player_id,player_name
season,DC,19,1,4,1113,0.8699327614158392,0,0,0,2024,Leicester,4,0,1,0.8699327614158392,2.478840259835124,2.4601404275745153,7333,Caleb Okoli
season,Sub,34,0,13,2908,0.6606414467096329,1,0.7082394063472748,5,2023,Frosinone,9,0,0,0.6606414467096329,5.585356507450342,5.5629331804811954,7333,Caleb Okoli
season,DC,17,0,7,944,0.7267578430473804,0,0,0,2022,Atalanta,2,0,0,0.7267578430473804,2.9623250141739845,2.679384171962738,7333,Caleb Okoli
