group_type,position,games,goals,shots,time,xG,assists,xA,key_passes,season,team,yellow,red,npg,npxG,xGChain,xGBuildup,player_id,player_name
season,Sub,20,7,28,965,4.667759530246258,0,0.4187602028250694,8,2019,Lille,2,0,7,4.667759530246258,7.155953414738178,2.661250028759241,690,Loïc Remy
season,Sub,26,7,34,1221,6.315743928775191,2,0.722341800108552,8,2018,Lille,3,0,6,4.7955539133399725,6.9913773369044065,2.257713422179222,690,Loïc Remy
season,Sub,12,5,31,757,3.7402372881770134,0,0.12163770012557507,5,2017,Las Palmas,1,0,5,3.7402372881770134,4.934484090656042,1.7842687703669071,690,Loïc Remy
season,Sub,11,3,11,460,1.9516893550753593,0,0,0,2017,Getafe,2,1,2,1.208413414657116,1.0410775057971478,0.07600115798413754,690,Loïc Remy
season,Sub,5,0,6,121,0.35255349427461624,0,0.08155010268092155,2,2016,Crystal Palace,0,0,0,0.35255349427461624,0.43410320207476616,0.04100320115685463,690,Loïc Remy
season,Sub,13,1,13,269,2.0837942995131016,0,0.15876660123467445,4,2015,Chelsea,0,0,1,2.0837942995131016,2.4009377881884575,0.1583769991993904,690,Loïc Remy
season,Sub,19,7,30,659,4.30410292185843,0,0.22390720061957836,5,2014,Chelsea,0,0,7,4.30410292185843,4.963815376162529,1.6167294811457396,690,Loïc Remy
season,FW,2,0,7,180,0.3511070981621742,0,0.38135701417922974,1,2014,Queens Park Rangers,0,0,0,0.3511070981621742,0.6894480958580971,0.028657300397753716,690,Loïc Remy
