group_type,position,games,goals,shots,time,xG,assists,xA,key_passes,season,team,yellow,red,npg,npxG,xGChain,xGBuildup,player_id,player_name
season,Sub,15,0,11,869,0.447073707357049,1,0.31341930106282234,8,2019,Saint-Etienne,3,0,0,0.447073707357049,1.0067361947149038,0.6836181804537773,516,Yohan Cabaye
season,MC,31,0,38,2422,2.1468065194785595,1,3.3855136707425117,41,2017,Crystal Palace,7,0,0,2.1468065194785595,9.485376745462418,6.560186420567334,516,Yohan Cabaye
season,Sub,32,4,40,2138,3.425436284393072,3,2.888524482026696,34,2016,Crystal Palace,7,0,4,2.6642672680318356,6.46074209548533,3.456773331388831,516,Yohan Cabaye
season,MC,33,5,67,2728,6.7147998213768005,1,3.237457119859755,50,2015,Crystal Palace,7,0,2,3.67012457549572,7.653649169951677,4.280717957764864,516,Yohan Cabaye
season,Sub,24,1,21,965,1.0748178232461214,1,1.098797314800322,9,2014,Paris Saint Germain,6,1,1,1.0748178232461214,6.535579565912485,4.97234058752656,516,Yohan Cabaye
