group_type,position,games,goals,shots,time,xG,assists,xA,key_passes,season,team,yellow,red,npg,npxG,xGChain,xGBuildup,player_id,player_name
season,Sub,34,9,45,1932,11.174661604687572,2,2.7728103697299957,13,2017,Barcelona,2,0,9,11.174661604687572,22.3264680840075,11.327867018058896,4442,Paulinho
season,Sub,15,0,7,461,0.43089600279927254,1,0.9786125011742115,4,2014,Tottenham,3,0,0,0.43089600279927254,2.241101998835802,1.4849746953696012,4442,Paulinho
