group_type,position,games,goals,shots,time,xG,assists,xA,key_passes,season,team,yellow,red,npg,npxG,xGChain,xGBuildup,player_id,player_name
season,Sub,11,2,8,734,0.8963725846260786,0,0.1954167988151312,4,2017,Swansea,1,0,2,0.8963725846260786,1.2676436211913824,0.8978111008182168,784,Andy King
season,MC,11,1,6,530,0.6642411025241017,0,0.06123100034892559,2,2017,Leicester,1,0,1,0.6642411025241017,0.8652914175763726,0.6545540066435933,784,Andy King
season,MC,23,1,14,1439,0.6111542116850615,0,0.24182540364563465,6,2016,Leicester,4,0,1,0.6111542116850615,3.630845595151186,3.1202397271990776,784,Andy King
season,MC,25,2,19,1030,2.7156347036361694,1,1.0578415095806122,9,2015,Leicester,2,0,2,2.7156347036361694,5.486793368123472,2.4575446471571922,784,Andy King
season,MC,24,2,14,1366,2.062913218513131,0,0.12908219825476408,5,2014,Leicester,1,0,2,2.062913218513131,4.114323317073286,2.8485571844503284,784,Andy King
