group_type,position,games,goals,shots,time,xG,assists,xA,key_passes,season,team,yellow,red,npg,npxG,xGChain,xGBuildup,player_id,player_name
season,GK,4,0,0,271,0,0,0,0,2022,Nottingham Forest,0,0,0,0,0.06834100186824799,0.06834100186824799,509,Wayne Hennessey
season,GK,2,0,0,180,0,0,0.15275900065898895,3,2021,Burnley,0,0,0,0,0.0792241021990776,0,509,Wayne Hennessey
season,GK,3,0,0,270,0,0,0,0,2019,Crystal Palace,0,0,0,0,0.11491400003433228,0.11491400003433228,509,Wayne Hennessey
season,GK,18,0,0,1576,0,0,0,0,2018,Crystal Palace,0,0,0,0,1.1737918490543962,1.1737918490543962,509,Wayne Hennessey
season,GK,27,0,0,2430,0,0,0.3960070013999939,1,2017,Crystal Palace,1,0,0,0,2.2112761959433556,1.8152688890695572,509,Wayne Hennessey
season,GK,29,0,0,2610,0,0,0.0900442972779274,3,2016,Crystal Palace,1,0,0,0,1.6218599863350391,1.5807639881968498,509,Wayne Hennessey
season,GK,29,0,0,2610,0,0,0,0,2015,Crystal Palace,1,0,0,0,0.6296927938237786,0.6296927938237786,509,Wayne Hennessey
season,Sub,3,0,0,213,0,0,0,0,2014,Crystal Palace,0,0,0,0,0.01407730020582676,0.01407730020582676,509,Wayne Hennessey
