group_type,position,games,goals,shots,time,xG,assists,xA,key_passes,season,team,yellow,red,npg,npxG,xGChain,xGBuildup,player_id,player_name
season,ML,11,0,3,517,0.195931700989604,0,0.4075127951800823,3,2017,Verona,0,0,0,0.195931700989604,0.4699890920892358,0.008665899746119976,915,Rolando Aarons
season,Sub,4,0,2,133,0.045414301566779613,0,0,0,2017,Newcastle United,0,0,0,0.045414301566779613,0.08596080169081688,0.04054649919271469,915,Rolando Aarons
season,Sub,10,1,2,365,0.4009544104337692,1,0.5955119878053665,5,2015,Newcastle United,1,0,1,0.4009544104337692,1.9611597135663033,0.9918922856450081,915,Rolando Aarons
season,Sub,4,1,7,121,0.3429449051618576,0,0.08277810364961624,2,2014,Newcastle United,1,0,1,0.3429449051618576,0.42625200748443604,0.16750760097056627,915,Rolando Aarons
