group_type,position,games,goals,shots,time,xG,assists,xA,key_passes,season,team,yellow,red,npg,npxG,xGChain,xGBuildup,player_id,player_name
season,Sub,2,0,0,10,0,0,0.024853600189089775,1,2021,Lille,0,0,0,0,0.024853600189089775,0,1784,Jérémy Pied
season,Sub,6,0,1,324,0.02534550055861473,0,0.45901069417595863,5,2020,Lille,1,0,0,0.02534550055861473,2.2095445953309536,2.0150965601205826,1784,Jérémy Pied
season,DR,5,0,2,450,0.07368629984557629,0,0.16982050240039825,2,2019,Lille,2,0,0,0.07368629984557629,0.7275053896009922,0.6538194008171558,1784,Jérémy Pied
season,Sub,11,0,0,445,0,2,1.1761702187359333,7,2018,Lille,0,0,0,0,2.4463292211294174,1.691749207675457,1784,Jérémy Pied
season,DR,2,0,2,180,0.028276700526475906,1,0.24314800649881363,2,2017,Southampton,0,0,0,0.028276700526475906,0.4706539958715439,0.21417270600795746,1784,Jérémy Pied
season,Sub,4,0,3,119,0.09670139849185944,0,0.07148980349302292,1,2016,Southampton,0,0,0,0.09670139849185944,0.5148207955062389,0.4181193970143795,1784,Jérémy Pied
season,DR,33,0,22,2961,0.807150099426508,3,3.8757800068706274,33,2015,Nice,10,0,0,0.807150099426508,10.430625781882554,7.924722373485565,1784,Jérémy Pied
season,AML,28,2,21,1984,0.8335540061816573,6,3.7809097208082676,44,2014,Guingamp,6,0,2,0.8335540061816573,5.794750459492207,2.921527486294508,1784,Jérémy Pied
season,FWR,2,0,2,160,0.04154900088906288,1,0.9236390218138695,7,2014,Nice,0,0,0,0.04154900088906288,0.44450198858976364,0.2107170969247818,1784,Jérémy Pied
