group_type,position,games,goals,shots,time,xG,assists,xA,key_passes,season,team,yellow,red,npg,npxG,xGChain,xGBuildup,player_id,player_name
season,Sub,12,0,5,366,0.5373578174039721,0,0.9246402978897095,7,2022,Auxerre,1,0,0,0.5373578174039721,2.1602377519011497,1.6264638807624578,10749,Siriki Dembélé
season,Sub,6,0,2,93,0.1077635008841753,0,0.26048700511455536,4,2022,Bournemouth,0,0,0,0.1077635008841753,0.40328139811754227,0.16375209763646126,10749,Siriki Dembélé
