group_type,position,games,goals,shots,time,xG,assists,xA,key_passes,season,team,yellow,red,npg,npxG,xGChain,xGBuildup,player_id,player_name
season,DC,33,4,15,2869,2.423757927492261,1,1.0142897926270962,5,2025,Tottenham,8,1,4,2.423757927492261,5.484926518052816,5.175989206880331,10050,Micky van de Ven
season,DC,13,0,6,1031,0.7710057385265827,2,1.1784075498580933,2,2024,Tottenham,4,0,0,0.7710057385265827,5.82832533121109,4.649917840957642,10050,Micky van de Ven
season,DC,27,3,8,2345,0.9709036685526371,0,0.03540848568081856,1,2023,Tottenham,5,0,3,0.9709036685526371,10.605861792340875,10.423011044040322,10050,Micky van de Ven
season,DL,33,1,16,2970,1.3219706201925874,1,1.628925770521164,6,2022,Wolfsburg,5,0,1,1.3219706201925874,9.035741279833019,8.689012460410595,10050,Micky van de Ven
season,Sub,5,0,0,187,0,1,0.6503440141677856,1,2021,Wolfsburg,0,0,0,0,0.754754014313221,0.10441000014543533,10050,Micky van de Ven
