group_type,position,games,goals,shots,time,xG,assists,xA,key_passes,season,team,yellow,red,npg,npxG,xGChain,xGBuildup,player_id,player_name
season,MC,34,1,18,2755,1.2462569223716855,1,1.441765757277608,16,2025,Wolverhampton Wanderers,10,0,1,1.2462569223716855,5.866124276071787,4.743295691907406,11384,João Gomes
season,DMC,36,3,35,3034,2.872034505009651,1,1.199560061097145,22,2024,Wolverhampton Wanderers,9,1,3,2.872034505009651,13.400589838624,10.574760969728231,11384,João Gomes
season,MC,34,2,26,2690,1.8554088305681944,1,1.327573673799634,19,2023,Wolverhampton Wanderers,11,0,2,1.8554088305681944,6.302764528430998,4.639164644293487,11384,João Gomes
season,Sub,11,1,4,650,0.20527732465416193,0,0.12254814058542252,5,2022,Wolverhampton Wanderers,5,0,1,0.20527732465416193,1.6348600052297115,1.3494900930672884,11384,João Gomes
