group_type,position,games,goals,shots,time,xG,assists,xA,key_passes,season,team,yellow,red,npg,npxG,xGChain,xGBuildup,player_id,player_name
season,AML,33,2,70,2465,6.729042689315975,0,1.4676385000348091,18,2017,Huddersfield,0,0,2,6.729042689315975,11.467254269868135,3.950781467370689,4454,Tom Ince
season,AMC,7,0,7,302,0.803355410695076,0,0.04229079931974411,2,2014,Hull,0,0,0,0.803355410695076,0.9460436310619116,0.16142219863831997,4454,Tom Ince
