group_type,position,games,goals,shots,time,xG,assists,xA,key_passes,season,team,yellow,red,npg,npxG,xGChain,xGBuildup,player_id,player_name
season,Sub,5,0,2,89,0.09148639999330044,0,0,0,2015,Stoke,0,0,0,0.09148639999330044,0.10960070043802261,0.018114300444722176,1001,Peter Odemwingie
season,AMR,7,0,1,176,0.028979400172829628,0,0.3135387059301138,6,2014,Stoke,0,0,0,0.028979400172829628,0.47173409443348646,0.32089469488710165,1001,Peter Odemwingie
