group_type,position,games,goals,shots,time,xG,assists,xA,key_passes,season,team,yellow,red,npg,npxG,xGChain,xGBuildup,player_id,player_name
season,MC,29,0,20,2172,1.0539293810725212,0,0.1333967000246048,2,2018,Newcastle United,3,0,0,1.0539293810725212,5.13216845318675,4.3882328337058425,4471,Mohamed Diamé
season,Sub,31,2,20,2042,1.6824482176452875,0,1.005540020763874,14,2017,Newcastle United,3,0,2,1.6824482176452875,3.0895158294588327,2.0187498051673174,4471,Mohamed Diamé
season,MC,12,4,16,885,1.1911563985049725,0,0.1744060032069683,3,2014,Hull,2,0,4,1.1911563985049725,2.0244258902966976,0.8052981942892075,4471,Mohamed Diamé
season,Sub,3,0,1,52,0.017921600490808487,0,0,0,2014,West Ham,0,0,0,0.017921600490808487,0.11371199786663055,0.09579010307788849,4471,Mohamed Diamé
