group_type,position,games,goals,shots,time,xG,assists,xA,key_passes,season,team,yellow,red,npg,npxG,xGChain,xGBuildup,player_id,player_name
season,MC,29,0,6,2610,0.14996399730443954,1,1.1398535147309303,10,2020,Dijon,7,0,0,0.14996399730443954,5.070892211049795,3.9977893754839897,1720,Didier Ndong
season,DMC,27,0,19,2394,0.8618646021932364,2,1.364066295325756,16,2019,Dijon,5,0,0,0.8618646021932364,6.052196214906871,5.244979305192828,1720,Didier Ndong
season,Sub,11,0,3,748,0.1002312982454896,0,0.07820120081305504,4,2018,Guingamp,3,0,0,0.1002312982454896,0.8602675925940275,0.7346229013055563,1720,Didier Ndong
season,Sub,31,1,16,2519,0.7632233016192913,0,1.2343515437096357,16,2016,Sunderland,5,0,1,0.7632233016192913,6.009580111131072,4.343480583280325,1720,Didier Ndong
season,MC,2,0,1,119,0.02083900012075901,0,0.014751500450074673,1,2016,Lorient,0,1,0,0.02083900012075901,0.8381339907646179,0.8025430291891098,1720,Didier Ndong
season,MR,34,2,33,3056,1.5998761039227247,1,1.0508920028805733,16,2015,Lorient,11,0,2,1.5998761039227247,9.675179462879896,8.150716997683048,1720,Didier Ndong
season,Sub,12,0,3,819,0.04721670038998127,1,0.4582352004945278,4,2014,Lorient,3,1,0,0.04721670038998127,1.6127650579437613,1.5558675890788436,1720,Didier Ndong
