group_type,position,games,goals,shots,time,xG,assists,xA,key_passes,season,team,yellow,red,npg,npxG,xGChain,xGBuildup,player_id,player_name
season,GK,10,0,0,853,0,0,0,0,2022,Chelsea,1,0,0,0,1.1355492491275072,1.1355492491275072,6880,Edouard Mendy
season,GK,34,0,0,3060,0,0,0,0,2021,Chelsea,3,0,0,0,5.087311686947942,5.087311686947942,6880,Edouard Mendy
season,GK,31,0,0,2748,0,0,0,0,2020,Chelsea,2,0,0,0,4.780521096661687,4.780521096661687,6880,Edouard Mendy
season,GK,1,0,0,90,0,0,0.03283039852976799,1,2020,Rennes,0,0,0,0,0.09787099808454514,0.06504060328006744,6880,Edouard Mendy
season,GK,24,0,0,2160,0,0,0,0,2019,Rennes,1,0,0,0,2.858466994948685,2.858466994948685,6880,Edouard Mendy
season,GK,38,0,0,3420,0,0,0.024869399145245552,1,2018,Reims,3,0,0,0,2.5442241253331304,2.5442241253331304,6880,Edouard Mendy
