group_type,position,games,goals,shots,time,xG,assists,xA,key_passes,season,team,yellow,red,npg,npxG,xGChain,xGBuildup,player_id,player_name
season,AMR,5,0,0,237,0,0,0.07338971272110939,2,2024,Ipswich,0,0,0,0,0.08639794308692217,0.013008230365812778,11719,Chiedozie Ogbene
season,Sub,30,4,35,1984,4.80650751106441,1,3.4691168274730444,27,2023,Luton,1,0,4,4.80650751106441,10.154046710580587,3.8293104991316795,11719,Chiedozie Ogbene
