group_type,position,games,goals,shots,time,xG,assists,xA,key_passes,season,team,yellow,red,npg,npxG,xGChain,xGBuildup,player_id,player_name
season,Sub,14,0,8,493,0.46047965809702873,0,0.36098963394761086,6,2025,Everton,0,0,0,0.46047965809702873,1.1940784398466349,0.5707362964749336,11331,Merlin Röhl
season,Sub,2,0,0,52,0,0,0,0,2025,Freiburg,0,0,0,0,0.5478483885526657,0.5478483885526657,11331,Merlin Röhl
season,AMC,19,0,12,970,1.1238267552107573,1,1.742141860537231,9,2024,Freiburg,2,0,0,1.1238267552107573,3.592243045568466,1.3427801579236984,11331,Merlin Röhl
season,DMC,24,2,24,1509,3.106929948553443,3,2.4336063899099827,18,2023,Freiburg,3,1,2,3.106929948553443,8.70490767993033,3.5572371650487185,11331,Merlin Röhl
season,Sub,3,0,0,52,0,1,0.9473840594291687,3,2022,Freiburg,0,0,0,0,0.7184529304504395,0.46850669384002686,11331,Merlin Röhl
