group_type,position,games,goals,shots,time,xG,assists,xA,key_passes,season,team,yellow,red,npg,npxG,xGChain,xGBuildup,player_id,player_name
season,Sub,12,1,4,125,0.4415289834141731,0,0.05113080143928528,1,2016,Crystal Palace,0,0,1,0.4415289834141731,0.5101623870432377,0.1331046037375927,634,Fraizer Campbell
season,Sub,11,0,4,354,0.75689297914505,0,0.08030790090560913,1,2015,Crystal Palace,1,0,0,0.75689297914505,0.9301700070500374,0.24219300597906113,634,Fraizer Campbell
season,FW,20,4,25,1187,4.221141066402197,0,0.46638406813144684,8,2014,Crystal Palace,5,0,4,4.221141066402197,3.9519820688292384,0.7666481966152787,634,Fraizer Campbell
