group_type,position,games,goals,shots,time,xG,assists,xA,key_passes,season,team,yellow,red,npg,npxG,xGChain,xGBuildup,player_id,player_name
season,Sub,30,5,40,1106,5.168096538633108,0,0,0,2025,Sunderland,2,0,5,5.168096538633108,5.580873493105173,0.6748491153120995,7148,Wilson Isidor
season,Sub,3,1,4,50,0.6451322436332703,0,0,0,2024,Zenit St. Petersburg,0,0,1,0.6451322436332703,0.5044630169868469,0,7148,Wilson Isidor
season,FWL,14,2,17,403,2.8801921755075455,0,0,0,2023,Zenit St. Petersburg,1,0,2,2.8801921755075455,3.3810954988002777,0.5009033344686031,7148,Wilson Isidor
season,Sub,4,1,3,143,0.2807520180940628,0,0.05127846822142601,2,2023,Lokomotiv Moscow,1,0,1,0.2807520180940628,0.3320304676890373,0,7148,Wilson Isidor
season,FW,20,8,39,1161,5.121194541454315,1,1.8954692110419273,15,2022,Lokomotiv Moscow,3,0,8,5.121194541454315,6.713215555995703,2.2238466031849384,7148,Wilson Isidor
season,AML,11,7,30,899,4.115623377263546,1,2.0120590245351195,13,2021,Lokomotiv Moscow,3,0,5,2.607069306075573,5.910861410200596,1.830000702291727,7148,Wilson Isidor
season,Sub,4,0,1,42,0.1386999934911728,0,0.11704199761152267,1,2021,Monaco,0,0,0,0.1386999934911728,0.25574201345443726,0.11704199761152267,7148,Wilson Isidor
season,Sub,1,0,2,37,0.04192990064620972,0,0,0,2018,Monaco,0,0,0,0.04192990064620972,0.09403689950704575,0.05210699886083603,7148,Wilson Isidor
