group_type,position,games,goals,shots,time,xG,assists,xA,key_passes,season,team,yellow,red,npg,npxG,xGChain,xGBuildup,player_id,player_name
season,Sub,15,2,19,699,1.4676998127251863,0,0.18284399807453156,4,2017,Swansea,2,0,2,1.4676998127251863,1.6155326701700687,0.2549112942069769,622,Wilfried Bony
season,FW,10,2,21,702,2.4631300158798695,0,0.8356749005615711,7,2016,Stoke,1,0,2,2.4631300158798695,3.3504210747778416,0.9201749879866838,622,Wilfried Bony
season,FW,26,4,60,1203,6.749876271001995,3,2.988756734877825,13,2015,Manchester City,1,0,4,5.988702247850597,8.198028582148254,1.1061074063181877,622,Wilfried Bony
season,FW,20,9,66,1312,7.815615499392152,2,2.3429291788488626,19,2014,Swansea,2,1,8,7.054447008296847,9.992263782769442,3.006494138389826,622,Wilfried Bony
season,Sub,10,2,23,292,2.6391233149915934,1,1.1653639767318964,7,2014,Manchester City,1,0,2,2.6391233149915934,4.259955383837223,1.4059314280748367,622,Wilfried Bony
