group_type,position,games,goals,shots,time,xG,assists,xA,key_passes,season,team,yellow,red,npg,npxG,xGChain,xGBuildup,player_id,player_name
season,Sub,2,0,0,57,0,0,0.08171311765909195,1,2024,Southampton,1,0,0,0,0.6017810702323914,0.5200679302215576,10072,Samuel Edozie
season,Sub,17,0,8,540,1.0850969199091196,0,0.3165547512471676,8,2022,Southampton,0,0,0,1.0850969199091196,2.7462167609483004,1.4620534982532263,10072,Samuel Edozie
