group_type,position,games,goals,shots,time,xG,assists,xA,key_passes,season,team,yellow,red,npg,npxG,xGChain,xGBuildup,player_id,player_name
season,GK,12,0,0,1025,0,0,0,0,2022,Schalke 04,0,0,0,0,1.0106055745854974,1.0106055745854974,330,Ralf Fährmann
season,GK,22,0,1,1878,0.1326960027217865,0,0.04956579953432083,2,2020,Schalke 04,2,0,0,0.1326960027217865,1.9803992956876755,1.9308334961533546,330,Ralf Fährmann
season,GK,1,0,0,21,0,0,0,0,2019,Norwich,0,0,0,0,0,0,330,Ralf Fährmann
season,GK,17,0,0,1469,0,0,0,0,2018,Schalke 04,0,0,0,0,0.8812676062807441,0.8812676062807441,330,Ralf Fährmann
season,GK,34,0,0,3017,0,0,0.12540699541568756,1,2017,Schalke 04,1,0,0,0,1.6085717342793941,1.6085717342793941,330,Ralf Fährmann
season,GK,34,0,0,3060,0,0,0.025546399876475334,1,2016,Schalke 04,3,0,0,0,2.969859505072236,2.944313505664468,330,Ralf Fährmann
season,GK,34,0,0,3060,0,0,0,0,2015,Schalke 04,1,0,0,0,4.87615530192852,4.87615530192852,330,Ralf Fährmann
season,GK,25,0,0,2250,0,0,0.021944500505924225,1,2014,Schalke 04,0,0,0,0,1.2578421905636787,1.2578421905636787,330,Ralf Fährmann
