group_type,position,games,goals,shots,time,xG,assists,xA,key_passes,season,team,yellow,red,npg,npxG,xGChain,xGBuildup,player_id,player_name
season,MC,35,2,26,1207,2.2472731824964285,2,2.549862952902913,30,2022,Manchester United,6,0,2,2.2472731824964285,12.157874770462513,8.124852128326893,6817,Fred
season,DMC,28,4,14,2038,1.0861352998763323,4,2.331524911336601,28,2021,Manchester United,5,0,4,1.0861352998763323,8.365100169554353,5.868255811743438,6817,Fred
season,Sub,30,1,25,2404,1.7331655826419592,0,2.2325712125748396,24,2020,Manchester United,5,0,1,1.7331655826419592,13.51970374956727,10.6886385679245,6817,Fred
season,Sub,29,0,40,2147,1.5917408838868141,0,2.314132208004594,35,2019,Manchester United,8,0,0,1.5917408838868141,12.033238369971514,9.726842829957604,6817,Fred
season,MC,17,1,17,1045,0.904592817183584,1,0.9538170415908098,12,2018,Manchester United,2,0,1,0.904592817183584,7.189614565111697,5.615092068910599,6817,Fred
