group_type,position,games,goals,shots,time,xG,assists,xA,key_passes,season,team,yellow,red,npg,npxG,xGChain,xGBuildup,player_id,player_name
season,DC,16,2,10,1407,0.8858112841844559,0,0.2695878790691495,3,2025,Marseille,4,0,2,0.8858112841844559,9.148570242337883,9.126714654266834,6935,Naif Aguerd
season,DC,2,0,2,180,0.0885777547955513,0,0,0,2025,West Ham,0,0,0,0.0885777547955513,0.13815459609031677,0.13815459609031677,6935,Naif Aguerd
season,DC,21,0,15,1772,2.1500954031944275,0,0.35499830543994904,5,2024,Real Sociedad,4,0,0,2.1500954031944275,5.742619335651398,4.794124662876129,6935,Naif Aguerd
season,DC,21,1,14,1871,1.6546711716800928,0,0.2851862292736769,4,2023,West Ham,1,1,1,1.6546711716800928,3.5052518025040627,3.46653238683939,6935,Naif Aguerd
season,Sub,18,2,12,1600,2.5115839689970016,0,0.6282200030982494,6,2022,West Ham,4,0,2,2.5115839689970016,1.3947869138792157,1.2775431917980313,6935,Naif Aguerd
season,DC,31,2,25,2744,2.11302069760859,2,0.2937882989645004,4,2021,Rennes,3,1,2,2.11302069760859,12.333892300724983,12.130214311182499,6935,Naif Aguerd
season,DC,35,3,27,3148,3.2915524458512664,1,0.7040680199861526,5,2020,Rennes,6,0,3,3.2915524458512664,9.132666235789657,9.015431238338351,6935,Naif Aguerd
season,DC,11,1,4,958,0.2719050571322441,0,0,0,2019,Dijon,2,0,1,0.2719050571322441,1.9425856247544289,1.9339555874466896,6935,Naif Aguerd
season,DC,13,3,10,1051,1.5870024403557181,0,0.0361774992197752,2,2018,Dijon,4,1,3,1.5870024403557181,2.0080095436424017,1.9746161419898272,6935,Naif Aguerd
