group_type,position,games,goals,shots,time,xG,assists,xA,key_passes,season,team,yellow,red,npg,npxG,xGChain,xGBuildup,player_id,player_name
season,DML,30,0,16,2700,1.447223442606628,1,1.609739189967513,17,2020,Sheffield United,6,0,0,1.447223442606628,8.22920673713088,6.430097249336541,7707,Enda Stevens
season,DML,38,2,22,3350,1.5212564039975405,4,5.414861211553216,34,2019,Sheffield United,7,0,2,1.5212564039975405,13.609743199311197,10.10498693305999,7707,Enda Stevens
