group_type,position,games,goals,shots,time,xG,assists,xA,key_passes,season,team,yellow,red,npg,npxG,xGChain,xGBuildup,player_id,player_name
season,DR,25,1,10,1788,0.77887053322047,2,2.1353227254003286,17,2021,Burnley,3,1,1,0.77887053322047,4.2348743081092834,3.173536453396082,1652,Matthew Lowton
season,DR,34,1,21,3060,0.7594853155314922,1,2.7722550611943007,26,2020,Burnley,5,0,1,0.7594853155314922,6.366659976541996,3.579444417729974,1652,Matthew Lowton
season,DR,17,0,1,1530,0.01424339972436428,1,1.2746501006186008,11,2019,Burnley,2,0,0,0.01424339972436428,3.158141316846013,2.1331435050815344,1652,Matthew Lowton
season,DR,21,0,4,1743,0.8291757237166166,0,0.49654679372906685,8,2018,Burnley,7,0,0,0.8291757237166166,3.3565020514652133,2.3069359892979264,1652,Matthew Lowton
season,DR,26,0,3,2290,0.07934289984405041,3,1.7641669921576977,14,2017,Burnley,1,0,0,0.07934289984405041,2.7697003660723567,1.2400168953463435,1652,Matthew Lowton
season,DR,36,0,6,3240,0.5120369298383594,2,1.8188618961721659,31,2016,Burnley,9,0,0,0.5120369298383594,4.557840577326715,2.7797148171812296,1652,Matthew Lowton
season,DR,12,0,3,749,0.10120640136301517,0,0.4257541075348854,5,2014,Aston Villa,2,0,0,0.10120640136301517,1.6330742202699184,1.1808961182832718,1652,Matthew Lowton
