group_type,position,games,goals,shots,time,xG,assists,xA,key_passes,season,team,yellow,red,npg,npxG,xGChain,xGBuildup,player_id,player_name
season,Sub,5,0,1,230,0.027736099436879158,0,0.048970598727464676,1,2019,Bournemouth,1,0,0,0.027736099436879158,0.9394945111125708,0.8905235137790442,460,Andrew Surman
season,MC,18,0,9,1440,0.2738317009061575,0,0.47865819558501244,10,2018,Bournemouth,2,0,0,0.2738317009061575,4.042274998500943,3.5818280540406704,460,Andrew Surman
season,MC,25,2,18,1842,0.9914278090000153,5,1.5283968970179558,16,2017,Bournemouth,2,0,2,0.9914278090000153,3.8402681201696396,2.9263524897396564,460,Andrew Surman
season,MC,22,0,8,1803,0.5123748127371073,1,0.43586469255387783,11,2016,Bournemouth,1,1,0,0.5123748127371073,5.605382360517979,5.298719773069024,460,Andrew Surman
season,MC,38,0,16,3420,0.5702397022396326,3,1.399254309013486,43,2015,Bournemouth,4,0,0,0.5702397022396326,8.661977034062147,7.8040744718164206,460,Andrew Surman
