group_type,position,games,goals,shots,time,xG,assists,xA,key_passes,season,team,yellow,red,npg,npxG,xGChain,xGBuildup,player_id,player_name
season,Sub,1,0,2,9,0.17312699556350708,0,0.13494999706745148,1,2016,West Bromwich Albion,0,0,0,0.17312699556350708,0.17312699556350708,0,816,Rickie Lambert
season,FW,19,1,14,604,1.4416358908638358,1,0.9207850070670247,11,2015,West Bromwich Albion,2,0,0,0.6804667999967933,1.3934175092726946,0.212576094083488,816,Rickie Lambert
season,Sub,25,2,19,798,1.8370392173528671,2,0.8429333930835128,11,2014,Liverpool,2,0,2,1.8370392173528671,4.115938443690538,1.7272390127182007,816,Rickie Lambert
