group_type,position,games,goals,shots,time,xG,assists,xA,key_passes,season,team,yellow,red,npg,npxG,xGChain,xGBuildup,player_id,player_name
season,MC,24,2,16,1315,1.9254915285855532,3,1.4533061496913433,8,2025,Tottenham,2,0,2,1.9254915285855532,5.930503115057945,4.705666016787291,9021,Pape Sarr
season,MC,36,3,34,1913,3.994037317112088,2,2.0150707801803946,16,2024,Tottenham,6,0,3,3.994037317112088,11.247560657560825,7.256752958521247,9021,Pape Sarr
season,Sub,34,3,36,2141,3.842421315610409,3,2.0322468373924494,20,2023,Tottenham,9,0,3,3.842421315610409,16.10821724496782,11.238362627103925,9021,Pape Sarr
season,Sub,11,0,2,200,0.05625629983842373,1,0.5660416968166828,2,2022,Tottenham,1,0,0,0.05625629983842373,1.8612066991627216,1.2539500053972006,9021,Pape Sarr
season,AMC,33,1,31,2128,1.7983045596629381,3,1.5993151916190982,20,2021,Metz,7,0,1,1.7983045596629381,5.455072950571775,2.9677818790078163,9021,Pape Sarr
season,Sub,22,3,31,1588,0.7922857236117125,0,0.40928400307893753,16,2020,Metz,5,0,3,0.7922857236117125,4.021569043863565,3.2592279887758195,9021,Pape Sarr
