group_type,position,games,goals,shots,time,xG,assists,xA,key_passes,season,team,yellow,red,npg,npxG,xGChain,xGBuildup,player_id,player_name
season,Sub,28,2,12,1538,1.0376689522527158,0,0.4255148032680154,9,2021,Burnley,2,0,2,1.0376689522527158,3.1641288422979414,1.9789244886487722,593,Aaron Lennon
season,Sub,16,0,1,466,0.024231400340795517,0,0.15801360458135605,2,2019,Burnley,4,0,0,0.024231400340795517,0.2908954042941332,0.10865039937198162,593,Aaron Lennon
season,MR,16,1,4,1223,0.9156382624059916,1,0.6648929938673973,7,2018,Burnley,1,0,1,0.9156382624059916,1.9413912547752261,0.5965600004419684,593,Aaron Lennon
season,ML,14,0,10,1133,0.43630190566182137,2,0.9550116173923016,7,2017,Burnley,2,0,0,0.43630190566182137,1.7982951812446117,0.5549922995269299,593,Aaron Lennon
season,Sub,15,0,4,800,0.23072800040245056,0,0.28280749917030334,4,2017,Everton,0,0,0,0.23072800040245056,1.6394593194127083,1.2532441075891256,593,Aaron Lennon
season,Sub,11,0,5,511,0.27522760443389416,1,0.5299299117177725,6,2016,Everton,0,0,0,0.27522760443389416,2.018862111493945,1.7739661429077387,593,Aaron Lennon
season,Sub,25,5,18,1534,2.2260953821241856,0,1.6979509945958853,23,2015,Everton,1,0,5,2.2260953821241856,5.535392314195633,1.9037395846098661,593,Aaron Lennon
season,MR,14,2,7,1073,1.1444895025342703,0,1.4462098218500614,15,2014,Everton,2,0,2,1.1444895025342703,4.124988351017237,2.1278997994959354,593,Aaron Lennon
season,AML,9,0,2,272,0.07521479949355125,2,1.2640550918877125,9,2014,Tottenham,1,0,0,0.07521479949355125,1.7413954809308052,0.4763761945068836,593,Aaron Lennon
