group_type,position,games,goals,shots,time,xG,assists,xA,key_passes,season,team,yellow,red,npg,npxG,xGChain,xGBuildup,player_id,player_name
season,Sub,2,0,0,13,0,0,0,0,2022,Nottingham Forest,0,0,0,0,0.06861740350723267,0.06861740350723267,7282,Giulian Biancone
season,DL,33,1,31,2286,2.123479629866779,2,1.1943912981078029,15,2021,Troyes,10,0,1,2.123479629866779,5.105148038826883,3.6485043046995997,7282,Giulian Biancone
season,Sub,2,0,1,91,0.04067020118236542,0,0.06997960060834885,2,2020,Monaco,1,0,0,0.04067020118236542,0.5613219738006592,0.4506720006465912,7282,Giulian Biancone
season,DR,1,0,1,90,0.015239899978041649,0,0,0,2018,Monaco,0,0,0,0.015239899978041649,0.015239899978041649,0,7282,Giulian Biancone
