group_type,position,games,goals,shots,time,xG,assists,xA,key_passes,season,team,yellow,red,npg,npxG,xGChain,xGBuildup,player_id,player_name
season,Sub,18,0,4,843,0.08024511579424143,0,0.2964532244950533,4,2025,Sassuolo,2,0,0,0.08024511579424143,4.129455208778381,4.063479372300208,12782,Woyo Coulibaly
season,DR,14,0,3,1082,0.11187431681901217,1,1.3046283889561892,8,2024,Parma Calcio 1913,1,1,0,0.11187431681901217,3.6352696400135756,2.4448944218456745,12782,Woyo Coulibaly
season,Sub,4,0,2,107,0.07459224760532379,0,0,0,2024,Leicester,1,0,0,0.07459224760532379,0.0910294447094202,0.016437197104096413,12782,Woyo Coulibaly
