group_type,position,games,goals,shots,time,xG,assists,xA,key_passes,season,team,yellow,red,npg,npxG,xGChain,xGBuildup,player_id,player_name
season,Sub,7,0,2,252,0.051186107099056244,0,0.21663446724414825,3,2025,Wolverhampton Wanderers,0,0,0,0.051186107099056244,0.3844115883111954,0.20353493839502335,13156,Pedro Lima
season,DMR,3,0,1,68,0.05142717435956001,0,0.07187306135892868,2,2024,Wolverhampton Wanderers,0,0,0,0.05142717435956001,0.13705480471253395,0.05479290708899498,13156,Pedro Lima
