group_type,position,games,goals,shots,time,xG,assists,xA,key_passes,season,team,yellow,red,npg,npxG,xGChain,xGBuildup,player_id,player_name
season,Sub,7,0,3,369,0.17141835950315,0,0.03801676072180271,2,2023,Nottingham Forest,3,0,0,0.17141835950315,1.4830044843256474,1.4425167199224234,7921,Felipe
season,Sub,16,0,13,1427,1.246483264490962,1,1.5024280175566673,7,2022,Nottingham Forest,4,0,0,1.246483264490962,2.322425527498126,2.1818392034620047,7921,Felipe
season,DC,3,0,1,190,0.07861319929361343,0,0.03996080160140991,2,2022,Atletico Madrid,0,0,0,0.07861319929361343,0.05738639831542969,0.05738639831542969,7921,Felipe
season,DC,26,2,11,1488,1.2815612256526947,1,0.6495694816112518,5,2021,Atletico Madrid,5,1,2,1.2815612256526947,3.871247540228069,3.798184239305556,7921,Felipe
season,DC,31,0,13,2049,1.2922934163361788,0,0.42395586566999555,3,2020,Atletico Madrid,8,0,0,1.2922934163361788,6.536196740344167,6.514497743919492,7921,Felipe
season,Sub,25,1,19,2094,1.8041778448969126,0,0.11486930027604103,4,2019,Atletico Madrid,7,0,1,1.8041778448969126,2.4984271097928286,2.443687604740262,7921,Felipe
