group_type,position,games,goals,shots,time,xG,assists,xA,key_passes,season,team,yellow,red,npg,npxG,xGChain,xGBuildup,player_id,player_name
season,MC,27,1,32,2011,0.9201299175620079,7,3.4552896190434694,34,2025,Paris Saint Germain,2,0,1,0.9201299175620079,19.34108628705144,16.957963097840548,8777,Vitinha
season,MC,29,5,27,2020,3.7106160493567586,1,2.7980539528653026,27,2024,Paris Saint Germain,1,0,3,2.190425810404122,28.018506303429604,26.460083283483982,8777,Vitinha
season,MC,28,7,45,2127,3.1169276209548116,4,3.475747575983405,36,2023,Paris Saint Germain,0,0,7,3.1169276209548116,19.426674520596862,15.858192145824432,8777,Vitinha
season,MC,36,2,30,2473,2.882865082472563,3,2.6762779876589775,27,2022,Paris Saint Germain,3,0,2,2.882865082472563,21.72390940785408,17.688012532889843,8777,Vitinha
season,Sub,19,0,8,500,0.6649116026237607,1,0.7201342023909092,12,2020,Wolverhampton Wanderers,0,0,0,0.6649116026237607,1.9456945769488811,1.4773436626419425,8777,Vitinha
