group_type,position,games,goals,shots,time,xG,assists,xA,key_passes,season,team,yellow,red,npg,npxG,xGChain,xGBuildup,player_id,player_name
season,ML,19,1,10,1034,1.0162738040089607,1,1.5426131635904312,18,2015,Norwich,0,0,1,1.0162738040089607,3.479270667769015,1.1707294899970293,800,Matthew Jarvis
season,Sub,3,0,0,66,0,0,0,0,2015,West Ham,0,0,0,0,0.08250679820775986,0.08250679820775986,800,Matthew Jarvis
season,Sub,11,0,5,409,0.3824862018227577,0,1.025754403322935,10,2014,West Ham,0,0,0,0.3824862018227577,1.5946353152394295,0.5290609039366245,800,Matthew Jarvis
