group_type,position,games,goals,shots,time,xG,assists,xA,key_passes,season,team,yellow,red,npg,npxG,xGChain,xGBuildup,player_id,player_name
season,Sub,4,0,0,68,0,0,0.17700029537081718,3,2018,Huddersfield,0,0,0,0,0.21944859996438026,0.04244820028543472,1764,Ramadan Sobhi
season,Sub,24,2,13,1227,1.0705089047551155,0,0.9927289932966232,15,2017,Stoke,2,0,2,1.0705089047551155,3.505622163414955,1.78343546949327,1764,Ramadan Sobhi
season,AMC,17,0,4,840,0.5948705971240997,1,1.4871754087507725,9,2016,Stoke,2,0,0,0.5948705971240997,3.717141054570675,2.2913616001605988,1764,Ramadan Sobhi
