group_type,position,games,goals,shots,time,xG,assists,xA,key_passes,season,team,yellow,red,npg,npxG,xGChain,xGBuildup,player_id,player_name
season,Sub,20,0,7,394,0.35847950726747513,0,0.272127328440547,4,2025,Union Berlin,1,0,0,0.35847950726747513,1.076263951137662,0.6060352418571711,8017,Alex Kral
season,Sub,37,0,21,2699,1.9735915949568152,1,2.1177187860012054,13,2024,Espanyol,1,0,0,1.9735915949568152,5.209526886232197,2.9570606537163258,8017,Alex Kral
season,MC,24,0,18,1340,1.7174312379211187,0,0.21861195657402277,5,2023,Union Berlin,2,0,0,1.7174312379211187,4.68869945500046,3.0566357942298055,8017,Alex Kral
season,DMC,29,0,32,2357,1.562538480386138,0,0.5070484662428498,11,2022,Schalke 04,3,0,0,1.562538480386138,6.027862414717674,4.629865577444434,8017,Alex Kral
season,Sub,5,0,5,241,0.29633840546011925,1,0.12109199538826942,4,2021,Spartak Moscow,0,0,0,0.29633840546011925,0.7138008996844292,0.2963715121150017,8017,Alex Kral
season,Sub,1,0,0,1,0,0,0,0,2021,West Ham,0,0,0,0,0,0,8017,Alex Kral
season,DMC,29,0,19,2407,1.1116091003641486,5,2.581019171513617,28,2020,Spartak Moscow,3,0,0,1.1116091003641486,9.505887893028557,7.570807239972055,8017,Alex Kral
season,DMC,19,0,17,1637,0.8341108970344067,0,1.6293860515579581,16,2019,Spartak Moscow,4,0,0,0.8341108970344067,5.558536095544696,3.4895675778388977,8017,Alex Kral
