group_type,position,games,goals,shots,time,xG,assists,xA,key_passes,season,team,yellow,red,npg,npxG,xGChain,xGBuildup,player_id,player_name
season,Sub,8,0,6,208,0.255093090236187,0,0.3646051771938801,6,2025,Le Havre,0,0,0,0.255093090236187,0.34396071173250675,0.08218205347657204,9250,Reda Khadra
season,Sub,4,0,0,39,0,0,0.06717409193515778,1,2024,Reims,0,0,0,0,0.10996738821268082,0.10996738821268082,9250,Reda Khadra
season,AML,29,1,23,1363,2.098100846633315,3,3.5564336143434048,22,2023,Reims,1,0,1,2.098100846633315,8.14067292585969,2.898024605587125,9250,Reda Khadra
season,Sub,1,0,0,3,0,0,0,0,2020,Brighton,0,0,0,0,0,0,9250,Reda Khadra
