group_type,position,games,goals,shots,time,xG,assists,xA,key_passes,season,team,yellow,red,npg,npxG,xGChain,xGBuildup,player_id,player_name
season,Sub,17,0,14,892,0.6113132052123547,3,1.567457627505064,11,2018,Frosinone,4,0,0,0.6113132052123547,2.8106159903109074,1.098351021297276,506,Joel Campbell
season,MR,8,2,7,204,0.8204422714188695,1,0.444567309692502,5,2017,Real Betis,1,0,2,0.8204422714188695,2.3131253449246287,1.245305873453617,506,Joel Campbell
season,Sub,19,3,19,891,2.59413100220263,2,2.8309967815876007,13,2015,Arsenal,0,0,3,2.59413100220263,7.517784925177693,3.5691321585327387,506,Joel Campbell
season,FW,16,1,24,1213,1.92168028652668,0,2.609559213742614,23,2014,Villarreal,1,0,1,1.92168028652668,5.473909113556147,2.0945994816720486,506,Joel Campbell
season,Sub,4,0,0,34,0,0,0.08552379906177521,2,2014,Arsenal,0,0,0,0,0.1540088001638651,0.13456200063228607,506,Joel Campbell
