group_type,position,games,goals,shots,time,xG,assists,xA,key_passes,season,team,yellow,red,npg,npxG,xGChain,xGBuildup,player_id,player_name
season,DC,24,2,15,1705,2.0548217091709375,0,0.1775842010974884,4,2019,Manchester City,3,0,2,2.0548217091709375,10.63933565095067,10.601855654269457,611,Nicolás Otamendi
season,DC,18,0,15,1233,1.1752215111628175,0,0.2891284003853798,2,2018,Manchester City,1,0,0,1.1752215111628175,8.132093070074916,7.953523067757487,611,Nicolás Otamendi
season,DC,34,4,32,2975,3.190081707201898,0,1.1602247087284923,12,2017,Manchester City,9,0,4,3.190081707201898,19.018252965062857,17.797392796725035,611,Nicolás Otamendi
season,DC,30,1,15,2588,1.0554080856963992,1,1.1595253236591816,6,2016,Manchester City,9,0,1,1.0554080856963992,11.596422753296793,11.425041644833982,611,Nicolás Otamendi
season,DC,30,1,27,2673,0.9926669923588634,0,0.628144808113575,5,2015,Manchester City,9,0,1,0.9926669923588634,6.772215612232685,6.60351499542594,611,Nicolás Otamendi
season,DC,35,6,20,3102,3.1114870849996805,0,0.08121890015900135,3,2014,Valencia,9,1,6,3.1114870849996805,4.894688945263624,4.794739529490471,611,Nicolás Otamendi
