group_type,position,games,goals,shots,time,xG,assists,xA,key_passes,season,team,yellow,red,npg,npxG,xGChain,xGBuildup,player_id,player_name
season,AMC,37,5,70,2492,9.479461440816522,4,8.066669742576778,56,2022,Marseille,3,0,4,8.719365926459432,18.94257284887135,6.676763540133834,6162,Cengiz Ünder
season,AMR,32,10,58,2225,6.0185533869080245,2,4.43167410325259,34,2021,Marseille,0,1,9,5.258458414580673,14.55936518125236,7.305522307753563,6162,Cengiz Ünder
season,Sub,9,0,9,259,0.25260320119559765,2,1.6640292070806026,6,2020,Leicester,0,0,0,0.25260320119559765,2.688688376918435,1.0227029919624329,6162,Cengiz Ünder
season,AMR,18,3,27,870,2.56335287168622,0,2.8297149129211903,27,2019,Roma,2,0,3,2.56335287168622,7.682266503572464,2.9557585269212723,6162,Cengiz Ünder
season,FWR,26,3,39,1377,3.078036207705736,7,4.065196853131056,32,2018,Roma,1,0,3,3.078036207705736,10.854306787252426,6.154645223170519,6162,Cengiz Ünder
season,Sub,26,7,46,1262,4.7892716228961945,1,1.7753915451467037,21,2017,Roma,0,0,7,4.7892716228961945,7.147365532815456,1.593542903661728,6162,Cengiz Ünder
