group_type,position,games,goals,shots,time,xG,assists,xA,key_passes,season,team,yellow,red,npg,npxG,xGChain,xGBuildup,player_id,player_name
season,Sub,26,1,11,1443,0.38030465599149466,2,1.0560636082664132,18,2025,Manchester United,1,0,1,0.38030465599149466,7.433799762278795,6.918379904702306,11174,Kobbie Mainoo
season,DMC,25,0,15,1660,0.7448182795196772,0,2.04548772983253,14,2024,Manchester United,5,0,0,0.7448182795196772,6.994521474465728,4.4265395030379295,11174,Kobbie Mainoo
season,DMC,24,3,11,1980,0.7737709768116474,1,0.8450042605400085,15,2023,Manchester United,3,0,3,0.7737709768116474,5.0805817022919655,3.867461297661066,11174,Kobbie Mainoo
season,Sub,1,0,0,7,0,0,0,0,2022,Manchester United,0,0,0,0,0.16662700474262238,0.16662700474262238,11174,Kobbie Mainoo
