group_type,position,games,goals,shots,time,xG,assists,xA,key_passes,season,team,yellow,red,npg,npxG,xGChain,xGBuildup,player_id,player_name
season,FWR,21,3,24,690,3.69132237136364,1,0.8733555935323238,7,2016,Everton,1,0,3,3.69132237136364,4.789857763797045,0.8321622982621193,539,Enner Valencia
season,FWL,3,0,7,217,0.40969299525022507,0,0,0,2016,West Ham,0,0,0,0.40969299525022507,0.6571170091629028,0.3157545030117035,539,Enner Valencia
season,Sub,19,4,34,1014,4.249641552567482,2,1.475322525948286,12,2015,West Ham,1,0,4,4.249641552567482,5.659652873873711,0.6797333937138319,539,Enner Valencia
season,Sub,32,4,72,2119,6.480698708444834,3,2.593669313006103,18,2014,West Ham,2,0,4,6.480698708444834,8.838937357068062,2.8980731437914073,539,Enner Valencia
