group_type,position,games,goals,shots,time,xG,assists,xA,key_passes,season,team,yellow,red,npg,npxG,xGChain,xGBuildup,player_id,player_name
season,Sub,20,0,4,1304,0.19843307230621576,0,0.9450412020087242,19,2025,Fulham,4,0,0,0.19843307230621576,4.114393882453442,3.517760969698429,8940,Antonee Robinson
season,DL,36,0,16,3166,1.0538900159299374,10,4.40445202216506,43,2024,Fulham,9,0,0,1.0538900159299374,16.498610505834222,13.76876728888601,8940,Antonee Robinson
season,DL,37,0,16,3290,0.8533244347199798,6,3.767484251409769,31,2023,Fulham,6,0,0,0.8533244347199798,13.781186819076538,11.46092726662755,8940,Antonee Robinson
season,DL,35,0,3,3088,0.05792669951915741,1,1.0235916152596474,21,2022,Fulham,8,0,0,0.05792669951915741,8.392814400605857,7.63532301876694,8940,Antonee Robinson
season,DL,28,0,10,2158,0.4677492957562208,0,2.0327451694756746,29,2020,Fulham,4,1,0,0.4677492957562208,7.802952338010073,6.396044296212494,8940,Antonee Robinson
