group_type,position,games,goals,shots,time,xG,assists,xA,key_passes,season,team,yellow,red,npg,npxG,xGChain,xGBuildup,player_id,player_name
season,DC,26,1,10,2294,0.9142137980088592,0,0.30866459757089615,3,2015,Newcastle United,2,1,1,0.9142137980088592,3.4135534837841988,3.2123251855373383,941,Fabricio Coloccini
season,DC,32,1,9,2839,1.313181420788169,0,0.7221941277384758,2,2014,Newcastle United,3,1,1,1.313181420788169,3.846536375582218,3.2423979863524437,941,Fabricio Coloccini
