group_type,position,games,goals,shots,time,xG,assists,xA,key_passes,season,team,yellow,red,npg,npxG,xGChain,xGBuildup,player_id,player_name
season,Sub,17,1,13,471,3.2381826024502516,0,0.13480328023433685,2,2025,Newcastle United,2,0,1,3.2381826024502516,4.319344099611044,1.3058659806847572,5786,Yoane Wissa
season,FW,35,18,90,2943,20.731059528887272,4,3.4494741149246693,28,2024,Brentford,5,0,18,20.731059528887272,27.726778712123632,5.426989254541695,5786,Yoane Wissa
season,FW,34,12,67,2556,11.16999962553382,3,3.828521143645048,29,2023,Brentford,7,0,12,11.16999962553382,16.368419870734215,4.587590790353715,5786,Yoane Wissa
season,FWL,38,7,32,1583,5.207585535943508,3,2.6399280801415443,13,2022,Brentford,3,0,7,5.207585535943508,11.27296715322882,4.301408238708973,5786,Yoane Wissa
season,Sub,30,7,32,1230,3.4018343733623624,1,0.6705948002636433,9,2021,Brentford,0,0,7,3.4018343733623624,4.416324868798256,1.8253055810928345,5786,Yoane Wissa
season,AML,38,10,59,2693,13.373511863872409,4,3.5753452135249972,29,2020,Lorient,2,0,6,9.573037549853325,14.744663499295712,3.5842560827732086,5786,Yoane Wissa
season,Sub,2,0,0,25,0,0,0,0,2016,Angers,0,0,0,0,0,0,5786,Yoane Wissa
