group_type,position,games,goals,shots,time,xG,assists,xA,key_passes,season,team,yellow,red,npg,npxG,xGChain,xGBuildup,player_id,player_name
season,DMC,30,0,8,2404,0.30783276446163654,2,2.257875836454332,19,2024,Nantes,6,0,0,0.30783276446163654,9.50188134610653,7.889349973760545,1022,Pedro Chirivella
season,MC,32,1,17,2625,1.30850313231349,1,0.8502244986593723,17,2023,Nantes,5,0,1,1.30850313231349,9.587031641975045,8.019579717889428,1022,Pedro Chirivella
season,MC,26,0,16,2062,0.5962844016030431,0,1.3811528012156487,22,2022,Nantes,1,0,0,0.5962844016030431,6.344182256609201,4.86217674985528,1022,Pedro Chirivella
season,DMC,31,3,21,2661,0.9085051054134965,1,1.190145649947226,25,2021,Nantes,6,0,3,0.9085051054134965,7.972717259079218,6.769303115084767,1022,Pedro Chirivella
season,MC,32,0,9,2279,0.4220547955483198,2,1.0354176899418235,17,2020,Nantes,4,0,0,0.4220547955483198,8.342092772945762,7.5104937218129635,1022,Pedro Chirivella
season,MC,1,0,0,47,0,0,0,0,2015,Liverpool,0,0,0,0,0.05236930027604103,0.05236930027604103,1022,Pedro Chirivella
