group_type,position,games,goals,shots,time,xG,assists,xA,key_passes,season,team,yellow,red,npg,npxG,xGChain,xGBuildup,player_id,player_name
season,DR,32,1,24,2629,3.3240479733794928,1,1.935293773189187,29,2025,Barcelona,5,0,1,3.3240479733794928,23.99164791405201,22.925275675952435,8045,Eric Garcia
season,Sub,29,2,14,1532,2.354891483671963,3,1.012534737586975,7,2024,Barcelona,4,0,2,2.354891483671963,12.874616280198097,12.290382117033005,8045,Eric Garcia
season,DC,30,5,16,2656,3.487088166177273,0,0.3726290613412857,10,2023,Girona,3,0,5,3.487088166177273,19.06886362656951,18.90855297073722,8045,Eric Garcia
season,Sub,2,0,1,44,0.07676322758197784,0,0,0,2023,Barcelona,1,0,0,0.07676322758197784,0.9130409061908722,0.9130409061908722,8045,Eric Garcia
season,DC,24,1,7,1411,1.0597839690744877,0,0.27242177724838257,1,2022,Barcelona,3,0,1,1.0597839690744877,8.766820788383484,8.425637289881706,8045,Eric Garcia
season,DC,26,0,6,2053,0.431579795666039,0,0.11836410313844681,4,2021,Barcelona,5,1,0,0.431579795666039,12.205468721687794,12.10722578316927,8045,Eric Garcia
season,DC,6,0,2,378,0.07463670149445534,0,0.00832298956811428,1,2020,Manchester City,0,0,0,0.07463670149445534,0.8594749793410301,0.7848389744758606,8045,Eric Garcia
season,Sub,13,0,2,780,0.6039479970932007,0,0.22260919585824013,2,2019,Manchester City,1,0,0,0.6039479970932007,4.964903242886066,4.964903242886066,8045,Eric Garcia
