group_type,position,games,goals,shots,time,xG,assists,xA,key_passes,season,team,yellow,red,npg,npxG,xGChain,xGBuildup,player_id,player_name
season,DC,31,2,19,2646,3.4643044117838144,0,0.9506413880735636,7,2023,Sheffield United,9,1,2,3.4643044117838144,5.8164455853402615,2.930068898946047,10386,Anel Ahmedhodzic
season,DC,15,0,8,1350,0.4953960021957755,1,0.4944580104202032,11,2021,Bordeaux,6,0,0,0.4953960021957755,2.6036438327282667,2.148199785500765,10386,Anel Ahmedhodzic
