group_type,position,games,goals,shots,time,xG,assists,xA,key_passes,season,team,yellow,red,npg,npxG,xGChain,xGBuildup,player_id,player_name
season,MC,16,0,1,834,0.012277700006961823,0,0.2898285947740078,5,2020,Crystal Palace,1,0,0,0.012277700006961823,1.1981807127594948,1.0280193164944649,589,James McCarthy
season,Sub,33,0,12,1641,0.4151823967695236,0,1.3983890786767006,17,2019,Crystal Palace,9,0,0,0.4151823967695236,3.684042476117611,2.971498465165496,589,James McCarthy
season,Sub,1,0,0,11,0,0,0,0,2018,Everton,0,0,0,0,0,0,589,James McCarthy
season,MC,4,0,1,210,0.02804959937930107,0,0.024386299774050713,1,2017,Everton,0,0,0,0.02804959937930107,0.6067057177424431,0.554270014166832,589,James McCarthy
season,MR,12,1,6,608,0.4602263029664755,1,0.2503915000706911,5,2016,Everton,2,0,1,0.4602263029664755,2.297516133636236,1.6062764897942543,589,James McCarthy
season,DMC,29,2,16,2445,0.8192178858444095,2,1.3880207985639572,14,2015,Everton,5,1,2,0.8192178858444095,9.486362321302295,7.581050584092736,589,James McCarthy
season,DMC,28,2,19,2416,1.406343501061201,1,1.040039410814643,16,2014,Everton,7,0,2,1.406343501061201,8.40133503638208,6.607741830870509,589,James McCarthy
