group_type,position,games,goals,shots,time,xG,assists,xA,key_passes,season,team,yellow,red,npg,npxG,xGChain,xGBuildup,player_id,player_name
season,Sub,4,0,0,42,0,0,0.018648400902748108,1,2016,Crystal Palace,0,0,0,0,0.09373869746923447,0.07509029656648636,632,Jordon Mutch
season,AMC,20,0,17,784,0.9309703093022108,0,0.4809456095099449,7,2015,Crystal Palace,0,0,0,0.9309703093022108,2.766180396080017,1.9822706580162048,632,Jordon Mutch
season,MC,9,0,9,515,0.7244495833292603,1,0.5040750987827778,4,2014,Queens Park Rangers,3,0,0,0.7244495833292603,1.495195209980011,0.7774208430200815,632,Jordon Mutch
season,Sub,7,0,5,335,0.21238639950752258,0,0.34093110635876656,6,2014,Crystal Palace,2,0,0,0.21238639950752258,0.3830856028944254,0.18529650010168552,632,Jordon Mutch
