group_type,position,games,goals,shots,time,xG,assists,xA,key_passes,season,team,yellow,red,npg,npxG,xGChain,xGBuildup,player_id,player_name
season,Sub,7,0,2,421,0.05644090101122856,0,0.043232500553131104,1,2022,Angers,2,0,0,0.05644090101122856,0.3099130019545555,0.25347159802913666,3358,Ibrahim Amadou
season,DC,10,1,3,822,0.4581704158335924,0,0.05909010022878647,3,2021,Metz,4,0,1,0.4581704158335924,0.5453550107777119,0.5291406102478504,3358,Ibrahim Amadou
season,DMC,24,0,14,1524,1.3126971228048205,0,0.2148182988166809,4,2020,Angers,6,0,0,1.3126971228048205,5.471795458346605,4.182436501607299,3358,Ibrahim Amadou
season,MC,10,0,5,788,0.7127684885635972,0,0.020260699093341827,1,2019,Leganes,2,0,0,0.7127684885635972,1.4410812892019749,0.7908943109214306,3358,Ibrahim Amadou
season,Sub,11,0,6,757,0.5927503108978271,0,0.050286199897527695,1,2019,Norwich,1,0,0,0.5927503108978271,1.2464549839496613,1.1509819775819778,3358,Ibrahim Amadou
season,Sub,17,0,9,760,0.3480069022625685,0,0.06515179947018623,3,2018,Sevilla,2,0,0,0.3480069022625685,2.001700410619378,1.6048995880410075,3358,Ibrahim Amadou
season,DC,30,0,16,2417,0.7406188864260912,0,0.2991576995700598,10,2017,Lille,3,0,0,0.7406188864260912,5.6407316531986,5.240410517901182,3358,Ibrahim Amadou
season,MC,35,1,16,2957,1.2690231343731284,1,0.8803029116243124,14,2016,Lille,4,0,1,1.2690231343731284,5.802462629042566,4.328557329252362,3358,Ibrahim Amadou
season,DC,22,1,12,1663,1.048850515857339,0,0.16361339762806892,4,2015,Lille,2,0,1,1.048850515857339,3.4872966753318906,3.2572402888908982,3358,Ibrahim Amadou
