group_type,position,games,goals,shots,time,xG,assists,xA,key_passes,season,team,yellow,red,npg,npxG,xGChain,xGBuildup,player_id,player_name
season,DL,36,1,16,3211,1.9886900894343853,3,3.7882603835314512,28,2025,Bournemouth,4,0,1,1.9886900894343853,13.49446621723473,8.740460558794439,8640,Adrien Truffert
season,Sub,33,2,23,2764,1.991267278790474,2,3.4053147826343775,39,2024,Rennes,3,0,2,1.991267278790474,12.53561694547534,8.545055355876684,8640,Adrien Truffert
season,Sub,30,1,20,2145,1.2452726271003485,2,2.754145013168454,19,2023,Rennes,6,0,1,1.2452726271003485,7.635853089392185,5.3059947937726974,8640,Adrien Truffert
season,DL,28,0,10,1970,0.4528154004365206,6,1.7042309008538723,21,2022,Rennes,1,0,0,0.4528154004365206,9.272313602268696,7.677102919667959,8640,Adrien Truffert
season,DL,30,3,19,1639,2.35931849014014,2,1.7527285851538181,13,2021,Rennes,4,0,3,2.35931849014014,9.930735630914569,6.198886746540666,8640,Adrien Truffert
season,Sub,29,1,24,1968,0.9464823007583618,3,2.4274095101282,21,2020,Rennes,3,0,1,0.9464823007583618,8.366732224822044,5.659574795514345,8640,Adrien Truffert
