group_type,position,games,goals,shots,time,xG,assists,xA,key_passes,season,team,yellow,red,npg,npxG,xGChain,xGBuildup,player_id,player_name
season,DMC,28,0,22,2368,1.973463961854577,5,2.7866385113447905,17,2024,Leicester,8,0,0,1.973463961854577,8.735264824703336,5.421601940877736,5545,Wilfred Ndidi
season,MC,27,0,7,1691,0.15156159829348326,0,0.05307970102876425,3,2022,Leicester,4,0,0,0.15156159829348326,2.460558785125613,2.331264717504382,5545,Wilfred Ndidi
season,DMC,19,0,14,1621,0.5835882108658552,0,0.07641300186514854,2,2021,Leicester,4,0,0,0.5835882108658552,4.509538160637021,4.185820620507002,5545,Wilfred Ndidi
season,DC,26,1,16,2181,0.5960322907194495,4,1.3334988076239824,16,2020,Leicester,6,0,1,0.5960322907194495,10.230051901191473,8.725674789398909,5545,Wilfred Ndidi
season,DMC,32,2,26,2679,1.727272005751729,1,0.5916656069457531,15,2019,Leicester,6,0,2,1.727272005751729,10.079844063147902,9.054950127378106,5545,Wilfred Ndidi
season,DMC,38,2,55,3305,3.119846511632204,0,1.6935293599963188,22,2018,Leicester,8,0,2,3.119846511632204,10.332129164133221,7.799395915586501,5545,Wilfred Ndidi
season,MC,33,0,41,2902,1.5658826967701316,3,0.5101174954324961,11,2017,Leicester,6,2,0,1.5658826967701316,7.971068240702152,6.808556106872857,5545,Wilfred Ndidi
season,MC,17,2,31,1523,1.8456833129748702,1,0.9799964837729931,6,2016,Leicester,0,0,2,1.8456833129748702,2.9463370591402054,1.896820118650794,5545,Wilfred Ndidi
