group_type,position,games,goals,shots,time,xG,assists,xA,key_passes,season,team,yellow,red,npg,npxG,xGChain,xGBuildup,player_id,player_name
season,Sub,4,0,0,82,0,0,0.10508622229099274,1,2023,Sheffield United,1,0,0,0,0.14322500303387642,0.038138783536851406,7709,John Fleck
season,MC,31,0,17,2576,0.5031575029715896,2,2.3917010659351945,33,2020,Sheffield United,4,0,0,0.5031575029715896,6.435383918695152,4.761176783591509,7709,John Fleck
season,MC,30,5,31,2513,3.248101287521422,2,3.429328804835677,39,2019,Sheffield United,8,0,5,3.248101287521422,10.274550246074796,5.323464645072818,7709,John Fleck
