group_type,position,games,goals,shots,time,xG,assists,xA,key_passes,season,team,yellow,red,npg,npxG,xGChain,xGBuildup,player_id,player_name
season,Sub,18,0,16,630,0.5913859363645315,3,2.5491114612668753,14,2022,Chelsea,1,0,0,0.5913859363645315,3.1017296006903052,1.5464539704844356,8992,Hakim Ziyech
season,Sub,23,4,52,1304,3.0387300960719585,3,3.926885128952563,30,2021,Chelsea,3,0,4,3.0387300960719585,10.714838811196387,5.662911152467132,8992,Hakim Ziyech
season,Sub,23,2,35,1182,1.9873142782598734,3,4.478449231013656,34,2020,Chelsea,3,0,2,1.9873142782598734,7.6606698632240295,3.6919246558099985,8992,Hakim Ziyech
