group_type,position,games,goals,shots,time,xG,assists,xA,key_passes,season,team,yellow,red,npg,npxG,xGChain,xGBuildup,player_id,player_name
season,DMC,8,0,0,275,0,0,0,0,2024,Nottingham Forest,0,0,0,0,2.1522383373230696,2.1522383373230696,11317,Danilo
season,FWR,29,2,23,1799,1.6652069194242358,2,1.5294003784656525,20,2023,Nottingham Forest,4,0,2,1.6652069194242358,10.227419295348227,7.997594775632024,11317,Danilo
season,Sub,13,3,15,999,1.6606165627017617,2,0.8088494967669249,9,2022,Nottingham Forest,1,0,3,1.6606165627017617,2.9866478964686394,0.7929538227617741,11317,Danilo
