group_type,position,games,goals,shots,time,xG,assists,xA,key_passes,season,team,yellow,red,npg,npxG,xGChain,xGBuildup,player_id,player_name
season,Sub,15,0,6,962,0.21982916723936796,1,1.1937107481062412,4,2025,Liverpool,5,0,0,0.21982916723936796,3.412436105310917,2.4054819140583277,10120,Conor Bradley
season,Sub,19,0,10,736,1.1355030871927738,2,1.9162586014717817,7,2024,Liverpool,4,0,0,1.1355030871927738,7.865552997216582,5.193093849346042,10120,Conor Bradley
season,DR,11,1,12,776,0.9028667435050011,3,1.9515707418322563,15,2023,Liverpool,2,0,1,0.9028667435050011,6.451037675142288,4.833862990140915,10120,Conor Bradley
