group_type,position,games,goals,shots,time,xG,assists,xA,key_passes,season,team,yellow,red,npg,npxG,xGChain,xGBuildup,player_id,player_name
season,DC,13,0,5,1046,0.559219591319561,0,0,0,2025,Monaco,3,0,0,0.559219591319561,3.1247669383883476,3.1247669383883476,8646,Wout Faes
season,DC,34,1,12,2799,1.563155423849821,0,0.17054090928286314,4,2024,Leicester,4,0,1,1.563155423849821,5.0110078155994415,4.808216721750796,8646,Wout Faes
season,DC,31,1,13,2790,1.100052266381681,2,0.5714022628962994,9,2022,Leicester,4,1,1,1.100052266381681,7.8726406786590815,7.729764981195331,8646,Wout Faes
season,DC,3,0,0,270,0,0,0.009163619950413704,1,2022,Reims,2,0,0,0,0.22099961526691914,0.22099961526691914,8646,Wout Faes
season,DC,37,4,22,3330,1.928336082957685,0,0.12050480023026466,3,2021,Reims,2,0,4,1.928336082957685,4.455075977370143,4.288094874471426,8646,Wout Faes
season,DC,33,1,11,2903,1.5466954805888236,0,0.052215199917554855,2,2020,Reims,11,2,1,1.5466954805888236,4.515692522749305,4.367794217541814,8646,Wout Faes
