group_type,position,games,goals,shots,time,xG,assists,xA,key_passes,season,team,yellow,red,npg,npxG,xGChain,xGBuildup,player_id,player_name
season,GK,23,0,0,2042,0,0,0.07206714153289795,1,2025,Bayer Leverkusen,1,0,0,0,5.080403530970216,5.008336389437318,7047,Mark Flekken
season,GK,37,0,0,3275,0,2,0.5480153113603592,2,2024,Brentford,1,0,0,0,7.107891340740025,6.884677250869572,7047,Mark Flekken
season,GK,37,0,0,3293,0,1,0.29118523746728897,3,2023,Brentford,3,0,0,0,4.7133525144308805,4.524704350158572,7047,Mark Flekken
season,GK,34,0,0,3060,0,0,0.5663741230964661,4,2022,Freiburg,0,0,0,0,4.181364476680756,3.9041163437068462,7047,Mark Flekken
season,GK,32,0,0,2880,0,0,0.017605699598789215,1,2021,Freiburg,0,0,0,0,3.4323646873235703,3.4323646873235703,7047,Mark Flekken
season,GK,3,0,0,270,0,0,0,0,2020,Freiburg,0,0,0,0,0.20999519899487495,0.20999519899487495,7047,Mark Flekken
season,GK,10,0,0,900,0,0,0,0,2019,Freiburg,0,0,0,0,0.9332457855343819,0.9332457855343819,7047,Mark Flekken
season,GK,1,0,0,90,0,0,0,0,2018,Freiburg,0,0,0,0,0.06789260357618332,0.06789260357618332,7047,Mark Flekken
