group_type,position,games,goals,shots,time,xG,assists,xA,key_passes,season,team,yellow,red,npg,npxG,xGChain,xGBuildup,player_id,player_name
season,DMC,22,0,10,1532,0.18760879337787628,2,1.32591406814754,17,2024,Leicester,4,0,0,0.18760879337787628,5.152881131507456,4.76618863362819,971,Harry Winks
season,Sub,20,0,14,1721,0.4215813269838691,0,0.9793751584365964,15,2022,Sampdoria,2,0,0,0.4215813269838691,4.353261454030871,3.6766641922295094,971,Harry Winks
season,Sub,19,0,3,896,0.0675618015229702,1,1.5235150288790464,10,2021,Tottenham,2,0,0,0.0675618015229702,7.735785078257322,6.400966715067625,971,Harry Winks
season,DMC,15,0,4,854,0.061471300199627876,0,0.18998110108077526,4,2020,Tottenham,5,0,0,0.061471300199627876,3.7452505696564913,3.6405259910970926,971,Harry Winks
season,MC,31,0,14,2236,0.39007960353046656,0,0.899267990142107,17,2019,Tottenham,9,0,0,0.39007960353046656,7.9978032894432545,7.1402160339057446,971,Harry Winks
season,Sub,26,1,9,1578,1.094499010592699,0,0.24433190003037453,7,2018,Tottenham,4,0,1,1.094499010592699,6.521413702517748,5.996375743299723,971,Harry Winks
season,Sub,16,0,3,771,0.04893159959465265,1,0.5688206991180778,10,2017,Tottenham,0,0,0,0.04893159959465265,2.82641538977623,2.6461629942059517,971,Harry Winks
season,Sub,21,1,6,455,1.0234675891697407,1,0.6690505091100931,8,2016,Tottenham,1,0,1,1.0234675891697407,2.754540614783764,1.6087495982646942,971,Harry Winks
