group_type,position,games,goals,shots,time,xG,assists,xA,key_passes,season,team,yellow,red,npg,npxG,xGChain,xGBuildup,player_id,player_name
season,DMR,25,0,4,2052,0.12427976634353399,2,2.4247501185163856,21,2023,Augsburg,5,0,0,0.12427976634353399,6.46109638735652,4.813772508874536,983,Kevin Mbabu
season,Sub,6,0,0,138,0,1,0.5595380067825317,2,2022,Fulham,1,0,0,0,0.665716927498579,0.1061783991754055,983,Kevin Mbabu
season,DR,24,0,5,1379,0.34723779559135437,0,1.7119646044448018,21,2021,Wolfsburg,4,0,0,0.34723779559135437,3.703231326304376,3.186026773415506,983,Kevin Mbabu
season,DR,22,0,11,1645,0.6892770091071725,1,1.8968015238642693,15,2020,Wolfsburg,7,0,0,0.6892770091071725,5.747020600363612,4.2300063110888,983,Kevin Mbabu
season,Sub,20,3,11,1694,1.8817782495170832,1,2.599290195852518,16,2019,Wolfsburg,4,0,3,1.8817782495170832,4.88356489315629,4.037629299797118,983,Kevin Mbabu
season,Sub,3,0,1,147,0.018361499533057213,0,0.10677500069141388,1,2015,Newcastle United,0,0,0,0.018361499533057213,0.18000580370426178,0.16164430230855942,983,Kevin Mbabu
