group_type,position,games,goals,shots,time,xG,assists,xA,key_passes,season,team,yellow,red,npg,npxG,xGChain,xGBuildup,player_id,player_name
season,DC,38,2,31,3420,1.875526551157236,0,0.055060699582099915,1,2020,Dijon,3,0,2,1.875526551157236,4.3609694093465805,4.166052006185055,4883,Bruno Ecuele Manga
season,DC,28,0,17,2520,1.605183906853199,0,0.20864349976181984,5,2019,Dijon,2,0,0,1.605183906853199,4.155741638503969,4.147475788369775,4883,Bruno Ecuele Manga
season,DC,38,0,10,3374,1.2095466200262308,1,0.28514513466507196,6,2018,Cardiff,0,0,0,1.2095466200262308,1.0749457152560353,0.9345037108287215,4883,Bruno Ecuele Manga
season,DC,3,0,3,270,0.21253850311040878,0,0,0,2014,Lorient,0,0,0,0.21253850311040878,0.19922969304025173,0.19922969304025173,4883,Bruno Ecuele Manga
