group_type,position,games,goals,shots,time,xG,assists,xA,key_passes,season,team,yellow,red,npg,npxG,xGChain,xGBuildup,player_id,player_name
season,DC,4,0,1,266,0.08639729768037796,0,0.019498199224472046,1,2020,Fulham,2,0,0,0.08639729768037796,0.4653735049068928,0.44587551429867744,5274,Michael Hector
season,DC,22,1,7,1358,0.3060884214937687,0,0,0,2016,Eintracht Frankfurt,4,1,1,0.3060884214937687,2.013700172305107,1.8874711692333221,5274,Michael Hector
