group_type,position,games,goals,shots,time,xG,assists,xA,key_passes,season,team,yellow,red,npg,npxG,xGChain,xGBuildup,player_id,player_name
season,DC,33,1,16,2824,0.8511606128886342,1,0.8806272074580193,9,2025,Juventus,4,0,1,0.8511606128886342,12.105742741376162,11.541460987180471,8090,Lloyd Kelly
season,Sub,12,0,7,1018,0.6167027596384287,0,0.1340404450893402,3,2024,Juventus,1,0,0,0.6167027596384287,3.028360364958644,2.810955699533224,8090,Lloyd Kelly
season,Sub,10,0,3,303,0.2711419649422169,1,0.3751976788043976,2,2024,Newcastle United,2,0,0,0.2711419649422169,0.8785770535469055,0.5033793747425079,8090,Lloyd Kelly
season,Sub,23,0,4,1567,0.3132251426577568,1,1.6466527543962002,9,2023,Bournemouth,2,0,0,0.3132251426577568,5.733856109902263,4.144671676680446,8090,Lloyd Kelly
season,DC,23,0,3,2044,0.1227391017600894,2,0.3940800903365016,7,2022,Bournemouth,3,0,0,0.1227391017600894,2.421963883563876,2.336171578615904,8090,Lloyd Kelly
season,Sub,8,0,1,634,0.035675499588251114,0,0.13822199404239655,1,2019,Bournemouth,2,0,0,0.035675499588251114,0.6540593802928925,0.5158373862504959,8090,Lloyd Kelly
