group_type,position,games,goals,shots,time,xG,assists,xA,key_passes,season,team,yellow,red,npg,npxG,xGChain,xGBuildup,player_id,player_name
season,FWL,16,5,27,1276,5.748055808246136,3,2.5483999252319336,23,2018,Fulham,3,0,5,5.748055808246136,10.397958263754845,4.0375392232090235,5176,Ryan Babel
season,Sub,11,4,13,554,1.9698621239513159,1,0.232622804120183,3,2016,Deportivo La Coruna,3,0,4,1.2265851106494665,1.7207445930689573,0.794900132343173,5176,Ryan Babel
