group_type,position,games,goals,shots,time,xG,assists,xA,key_passes,season,team,yellow,red,npg,npxG,xGChain,xGBuildup,player_id,player_name
season,Sub,29,6,29,957,7.486107310280204,1,0.9115723762661219,7,2025,Leeds,0,0,4,5.202600775286555,5.493612319231033,1.3704526536166668,6544,Lukas Nmecha
season,Sub,19,3,20,427,4.476938123814762,0,0.21524709835648537,3,2024,Wolfsburg,1,0,3,4.476938123814762,5.4614677941426635,0.806901890784502,6544,Lukas Nmecha
season,Sub,3,1,1,23,0.1309233158826828,0,0.020786482840776443,1,2023,Wolfsburg,0,0,1,0.1309233158826828,0.04156995005905628,0.02078346721827984,6544,Lukas Nmecha
season,FW,16,4,22,893,3.553670769557357,0,0.44907110556960106,6,2022,Wolfsburg,3,0,4,3.553670769557357,4.6232008170336485,0.7894729934632778,6544,Lukas Nmecha
season,Sub,25,8,52,1637,9.073013249784708,0,2.333377905189991,14,2021,Wolfsburg,5,0,8,9.073013249784708,12.664575710892677,3.2212457107380033,6544,Lukas Nmecha
season,Sub,6,0,3,123,0.39200699888169765,0,0.07229240238666534,1,2019,Wolfsburg,1,0,0,0.39200699888169765,0.5568715035915375,0.09257180243730545,6544,Lukas Nmecha
season,Sub,2,0,0,8,0,0,0,0,2017,Manchester City,0,0,0,0,0,0,6544,Lukas Nmecha
