group_type,position,games,goals,shots,time,xG,assists,xA,key_passes,season,team,yellow,red,npg,npxG,xGChain,xGBuildup,player_id,player_name
season,FW,31,7,31,1792,7.789635218679905,3,2.610018329694867,17,2025,Newcastle United,0,0,6,7.028466381132603,8.028608808293939,2.0636389032006264,8117,Nick Woltemade
season,AMR,1,0,0,90,0,0,0.34767159819602966,1,2025,VfB Stuttgart,0,0,0,0,0.5924015045166016,0.2447298914194107,8117,Nick Woltemade
season,Sub,28,12,49,1604,12.919283613562584,2,5.339851493015885,36,2024,VfB Stuttgart,3,1,10,10.64595346339047,18.696467697620392,5.270718416199088,8117,Nick Woltemade
season,Sub,30,2,21,1170,2.1179728470742702,0,1.358275574631989,24,2023,Werder Bremen,1,0,2,2.1179728470742702,7.065050270408392,4.377801384776831,8117,Nick Woltemade
season,Sub,6,0,5,138,0.32912619784474373,0,0.11958839930593967,3,2020,Werder Bremen,1,0,0,0.32912619784474373,0.593024093657732,0.144308902323246,8117,Nick Woltemade
season,FWR,5,0,1,86,0.023466700688004494,0,0.0608487194404006,2,2019,Werder Bremen,0,0,0,0.023466700688004494,0.032857720740139484,0,8117,Nick Woltemade
