group_type,position,games,goals,shots,time,xG,assists,xA,key_passes,season,team,yellow,red,npg,npxG,xGChain,xGBuildup,player_id,player_name
season,Sub,7,0,3,16,0.09603007324039936,0,0.05864348262548447,1,2023,Cadiz,0,0,0,0.09603007324039936,0.15892047248780727,0.08472940512001514,1715,Álvaro Negredo
season,Sub,21,1,22,756,2.0394542226567864,2,2.398107411339879,10,2022,Cadiz,0,0,1,2.0394542226567864,4.833618828095496,1.0559767689555883,1715,Álvaro Negredo
season,FW,34,7,68,2167,8.650729690678418,2,2.310485614463687,22,2021,Cadiz,3,0,5,6.420897637493908,8.739513839129359,1.3446673303842545,1715,Álvaro Negredo
season,FW,35,8,47,2247,6.637725971639156,4,3.937865663319826,20,2020,Cadiz,3,1,8,6.637725971639156,9.901588110253215,1.9470295011997223,1715,Álvaro Negredo
season,FW,36,9,69,2891,8.803118763957173,4,4.10040766838938,26,2016,Middlesbrough,5,0,7,7.28078123787418,11.963996449951082,2.7907413113862276,1715,Álvaro Negredo
season,FW,25,5,39,1145,6.753434831742197,2,3.0649616569280624,13,2015,Valencia,0,0,5,6.753434831742197,9.301996430382133,2.1841909904032946,1715,Álvaro Negredo
season,FW,30,5,54,1524,7.124821193516254,4,4.415884301066399,22,2014,Valencia,4,0,4,6.381547190248966,11.037331186234951,1.8385933972895145,1715,Álvaro Negredo
