group_type,position,games,goals,shots,time,xG,assists,xA,key_passes,season,team,yellow,red,npg,npxG,xGChain,xGBuildup,player_id,player_name
season,MR,30,2,27,1823,2.1101625114679337,6,4.206585308536887,35,2018,Brighton,4,1,2,2.1101625114679337,5.284967917948961,2.7696708887815475,4497,Anthony Knockaert
season,Sub,33,3,46,2433,4.248457320034504,1,3.075597818940878,32,2017,Brighton,4,1,3,4.248457320034504,8.72051627188921,3.1949113737791777,4497,Anthony Knockaert
season,ML,9,0,8,324,0.8844657093286514,0,0.16690009832382202,2,2014,Leicester,0,0,0,0.8844657093286514,1.109160490334034,0.2769537977874279,4497,Anthony Knockaert
