group_type,position,games,goals,shots,time,xG,assists,xA,key_passes,season,team,yellow,red,npg,npxG,xGChain,xGBuildup,player_id,player_name
season,DL,3,0,1,235,0.0784623995423317,0,0.04650849848985672,1,2018,Burnley,1,0,0,0.0784623995423317,0.0647628977894783,0.018254399299621582,1655,Stephen Ward
season,DL,28,1,7,2463,0.3668020013719797,1,1.5311810243874788,16,2017,Burnley,1,0,1,0.3668020013719797,3.486951706930995,2.875680286437273,1655,Stephen Ward
season,DL,37,1,7,3233,1.3775879833847284,1,2.2142866030335426,22,2016,Burnley,5,0,1,1.3775879833847284,5.215952057391405,3.2452167961746454,1655,Stephen Ward
season,DL,9,0,1,623,0.02184930071234703,0,0.2681835778057575,7,2014,Burnley,3,0,0,0.02184930071234703,1.4511311501264572,1.30172997713089,1655,Stephen Ward
