group_type,position,games,goals,shots,time,xG,assists,xA,key_passes,season,team,yellow,red,npg,npxG,xGChain,xGBuildup,player_id,player_name
season,ML,20,1,7,1218,0.7339671859517694,3,1.4782118201255798,13,2019,Amiens,3,0,1,0.7339671859517694,3.247903979383409,1.4223290188238025,5767,Fousseni Diabate
season,AML,1,0,0,55,0,0,0.07528399676084518,1,2018,Leicester,0,0,0,0,0.07528399676084518,0,5767,Fousseni Diabate
season,MR,14,0,6,575,0.5881275981664658,1,0.3885362930595875,7,2017,Leicester,1,0,0,0.5881275981664658,2.9709372874349356,2.1427000612020493,5767,Fousseni Diabate
