group_type,position,games,goals,shots,time,xG,assists,xA,key_passes,season,team,yellow,red,npg,npxG,xGChain,xGBuildup,player_id,player_name
season,DML,10,0,1,288,0.046877000480890274,0,0,0,2022,Bournemouth,2,0,0,0.046877000480890274,0.19376499950885773,0.14688799902796745,7823,Jack Stacey
season,DR,19,0,5,1553,0.5616067014634609,2,2.4069034699350595,10,2019,Bournemouth,2,0,0,0.5616067014634609,5.1768355099484324,3.1207157438620925,7823,Jack Stacey
