group_type,position,games,goals,shots,time,xG,assists,xA,key_passes,season,team,yellow,red,npg,npxG,xGChain,xGBuildup,player_id,player_name
season,DC,1,0,0,90,0,0,0,0,2020,Fulham,0,0,0,0,0.3735769987106323,0.3735769987106323,6067,Terence Kongolo
season,DC,32,1,14,2728,1.4236592901870608,1,0.8421062119305134,9,2018,Huddersfield,4,0,1,1.4236592901870608,3.2573850117623806,1.7151393815875053,6067,Terence Kongolo
season,Sub,13,0,2,1043,0.15550689585506916,0,0.16785089671611786,3,2017,Huddersfield,0,0,0,0.15550689585506916,1.4275777218863368,1.2597271157428622,6067,Terence Kongolo
season,DL,3,0,1,259,0.3616659939289093,0,0.3332259953022003,1,2017,Monaco,0,0,0,0.3616659939289093,0.9122133664786816,0.5789874009788036,6067,Terence Kongolo
