group_type,position,games,goals,shots,time,xG,assists,xA,key_passes,season,team,yellow,red,npg,npxG,xGChain,xGBuildup,player_id,player_name
season,DL,3,0,2,251,0.08444029837846756,0,0.07369480282068253,1,2016,West Bromwich Albion,0,0,0,0.08444029837846756,0.9288630187511444,0.8444230109453201,909,Brendan Galloway
season,DL,15,0,8,1230,0.4483555927872658,1,0.5782207902520895,4,2015,Everton,2,0,0,0.4483555927872658,3.398559760302305,2.901043578982353,909,Brendan Galloway
season,DL,2,0,0,175,0,0,0.0945373997092247,2,2014,Everton,1,0,0,0,0.13886309787631035,0.08104079961776733,909,Brendan Galloway
