group_type,position,games,goals,shots,time,xG,assists,xA,key_passes,season,team,yellow,red,npg,npxG,xGChain,xGBuildup,player_id,player_name
season,DR,20,0,10,1014,0.514072947204113,1,2.353353440761566,14,2025,Liverpool,1,0,0,0.514072947204113,5.407018333673477,3.853940596804023,9328,Jeremie Frimpong
season,DMR,33,5,34,2335,5.46559808216989,5,4.449963368475437,30,2024,Bayer Leverkusen,4,0,5,5.46559808216989,14.958293974399567,6.565218105912209,9328,Jeremie Frimpong
season,DMR,31,9,56,2296,10.86039075627923,7,6.639975064434111,45,2023,Bayer Leverkusen,6,0,9,10.86039075627923,22.837955810129642,6.852963579818606,9328,Jeremie Frimpong
season,DR,34,8,38,2727,8.343600986525416,7,5.546072905883193,45,2022,Bayer Leverkusen,4,0,8,8.343600986525416,18.800267400220037,6.1089749513193965,9328,Jeremie Frimpong
season,DR,25,1,11,2074,0.9708234146237373,6,4.056737244129181,30,2021,Bayer Leverkusen,6,0,1,0.9708234146237373,10.710917338728905,6.975408505648375,9328,Jeremie Frimpong
season,Sub,10,0,3,431,0.14472810178995132,0,0.8550183773040771,4,2020,Bayer Leverkusen,1,0,0,0.14472810178995132,2.417246676981449,1.5374694243073463,9328,Jeremie Frimpong
