group_type,position,games,goals,shots,time,xG,assists,xA,key_passes,season,team,yellow,red,npg,npxG,xGChain,xGBuildup,player_id,player_name
season,Sub,2,0,0,39,0,0,0,0,2019,Bournemouth,0,0,0,0,0.02199850045144558,0.02199850045144558,481,Jordon Ibe
season,Sub,19,1,9,799,0.7752668149769306,1,0.41998659167438745,10,2018,Bournemouth,1,0,1,0.7752668149769306,1.8733189031481743,1.1102916896343231,481,Jordon Ibe
season,Sub,32,2,54,2005,2.9314231853932142,6,3.7532153269276023,37,2017,Bournemouth,1,0,2,2.9314231853932142,6.119109710678458,2.675478817895055,481,Jordon Ibe
season,FWR,25,0,15,1067,0.8431019950658083,0,1.0524157071486115,18,2016,Bournemouth,0,0,0,0.8431019950658083,3.201797315850854,1.8253067899495363,481,Jordon Ibe
season,AMR,27,1,29,1161,1.426460581831634,2,1.6390917217358947,20,2015,Liverpool,0,0,1,1.426460581831634,5.9807505793869495,3.414081832394004,481,Jordon Ibe
season,Sub,12,0,10,616,0.5851631872355938,0,0.3594918064773083,6,2014,Liverpool,0,0,0,0.5851631872355938,2.3427453879266977,1.7213451024144888,481,Jordon Ibe
