group_type,position,games,goals,shots,time,xG,assists,xA,key_passes,season,team,yellow,red,npg,npxG,xGChain,xGBuildup,player_id,player_name
season,Sub,12,0,3,366,0.27671280317008495,0,0.41531437635421753,1,2025,Chelsea,0,0,0,0.27671280317008495,3.2999991066753864,3.252035230398178,10004,Romeo Lavia
season,DMC,16,0,2,830,0.14645132422447205,1,0.7232360076159239,7,2024,Chelsea,4,0,0,0.14645132422447205,2.7111929208040237,1.9501979053020477,10004,Romeo Lavia
season,Sub,1,0,0,29,0,0,0,0,2023,Chelsea,0,0,0,0,0,0,10004,Romeo Lavia
season,MC,29,1,12,2261,0.2631778074428439,0,0.5177656905725598,16,2022,Southampton,9,0,1,0.2631778074428439,5.658787712454796,5.1632408164441586,10004,Romeo Lavia
