group_type,position,games,goals,shots,time,xG,assists,xA,key_passes,season,team,yellow,red,npg,npxG,xGChain,xGBuildup,player_id,player_name
season,Sub,15,0,2,937,0.03837163746356964,2,2.4323443844914436,10,2025,Borussia M.Gladbach,1,0,0,0.03837163746356964,3.8024985706433654,3.305356069467962,8401,Luca Netz
season,Sub,5,0,0,240,0,0,0.09805777668952942,2,2025,Nottingham Forest,0,0,0,0,2.7849777787923813,2.7686005532741547,8401,Luca Netz
season,DL,24,0,3,928,0.19083674438297749,2,1.3906789356842637,16,2024,Borussia M.Gladbach,2,0,0,0.19083674438297749,4.518790255300701,3.879877556115389,8401,Luca Netz
season,DL,30,0,17,2254,1.1590324370190501,4,3.0963007863610983,36,2023,Borussia M.Gladbach,2,0,0,1.1590324370190501,9.005601301789284,6.364106032066047,8401,Luca Netz
season,DL,20,1,4,691,0.9112387504428625,3,1.2129683569073677,5,2022,Borussia M.Gladbach,0,0,1,0.9112387504428625,3.2269129119813442,1.7279492877423763,8401,Luca Netz
season,Sub,24,0,14,1412,1.6344571094959974,4,1.5507191084325314,18,2021,Borussia M.Gladbach,1,0,0,1.6344571094959974,6.249289566650987,4.28535976447165,8401,Luca Netz
season,Sub,11,1,2,288,0.39406149461865425,0,0.09889289736747742,2,2020,Hertha Berlin,0,0,1,0.39406149461865425,1.049364384263754,0.6202029064297676,8401,Luca Netz
