group_type,position,games,goals,shots,time,xG,assists,xA,key_passes,season,team,yellow,red,npg,npxG,xGChain,xGBuildup,player_id,player_name
season,Sub,14,1,5,556,0.37418198585510254,0,0,0,2022,Arsenal,0,0,1,0.37418198585510254,3.300787255167961,3.20217327773571,1749,Rob Holding
season,DC,15,1,4,824,0.5605965945869684,0,0,0,2021,Arsenal,2,1,1,0.5605965945869684,2.167426660656929,2.167426660656929,1749,Rob Holding
season,DC,30,0,14,2548,0.7339214868843555,1,0.20068280026316643,4,2020,Arsenal,2,0,0,0.7339214868843555,7.403348095715046,7.163188092410564,1749,Rob Holding
season,DC,8,0,2,576,0.10935600101947784,0,0,0,2019,Arsenal,1,0,0,0.10935600101947784,0.4436413124203682,0.4436413124203682,1749,Rob Holding
season,Sub,10,0,2,807,0.12041040230542421,0,0.1658618003129959,2,2018,Arsenal,1,0,0,0.12041040230542421,2.4310919605195522,2.418538983911276,1749,Rob Holding
season,DC,12,0,1,816,0.10694999992847443,0,0.03383919969201088,2,2017,Arsenal,3,0,0,0.10694999992847443,3.4701873436570168,3.4503049477934837,1749,Rob Holding
season,DC,9,0,5,810,0.5570453740656376,0,0.10546769946813583,3,2016,Arsenal,3,0,0,0.5570453740656376,2.7223821710795164,2.608095182105899,1749,Rob Holding
