group_type,position,games,goals,shots,time,xG,assists,xA,key_passes,season,team,yellow,red,npg,npxG,xGChain,xGBuildup,player_id,player_name
season,DC,17,1,5,1221,0.24023419804871082,0,0.07192529737949371,1,2018,Manchester City,6,0,1,0.24023419804871082,8.014269940555096,7.911121018230915,612,Vincent Kompany
season,DC,17,1,9,1401,1.020152511075139,1,0.40822980646044016,4,2017,Manchester City,6,0,1,1.020152511075139,10.810240657068789,10.643547595478594,612,Vincent Kompany
season,DC,11,3,9,826,0.6902353912591934,0,0.5746745243668556,2,2016,Manchester City,5,0,3,0.6902353912591934,2.4782427847385406,2.434142768383026,612,Vincent Kompany
season,DC,14,2,11,1179,0.4174300068989396,0,0.08134989906102419,3,2015,Manchester City,5,0,2,0.4174300068989396,2.9507625503465533,2.9168542586266994,612,Vincent Kompany
season,DC,25,0,6,2035,0.32860000617802143,0,0.8567279204726219,4,2014,Manchester City,7,0,0,0.32860000617802143,8.872338181361556,8.623441951349378,612,Vincent Kompany
