group_type,position,games,goals,shots,time,xG,assists,xA,key_passes,season,team,yellow,red,npg,npxG,xGChain,xGBuildup,player_id,player_name
season,Sub,28,0,19,1501,2.208588045090437,2,1.7302230186760426,12,2025,Crystal Palace,6,0,0,2.208588045090437,7.378669970668852,5.859407640993595,2182,Jefferson Lerma
season,Sub,33,0,26,2274,0.8986045755445957,1,1.3882753169164062,10,2024,Crystal Palace,9,0,0,0.8986045755445957,10.00641503976658,8.994050413835794,2182,Jefferson Lerma
season,DMC,28,1,34,2413,2.384976907633245,1,2.4383071903139353,24,2023,Crystal Palace,8,0,1,2.384976907633245,8.658741846680641,5.520685154944658,2182,Jefferson Lerma
season,DC,37,5,35,3263,3.1550366831943393,0,2.628147560171783,18,2022,Bournemouth,7,0,5,3.1550366831943393,7.719455648213625,5.278287973254919,2182,Jefferson Lerma
season,MC,33,1,30,2724,0.8153309905901551,2,1.5313026988878846,11,2019,Bournemouth,11,1,1,0.8153309905901551,8.758196957409382,8.174159379675984,2182,Jefferson Lerma
season,MC,30,2,31,2527,1.0858129085972905,0,1.0097842952236533,15,2018,Bournemouth,12,0,2,1.0858129085972905,7.81013931427151,6.831547275185585,2182,Jefferson Lerma
season,MC,26,0,27,2142,1.017358205281198,1,1.5470352033153176,18,2017,Levante,16,0,0,1.017358205281198,6.4126161858439445,4.4626945070922375,2182,Jefferson Lerma
season,Sub,33,1,35,2687,1.4288082895800471,2,1.897630613297224,28,2015,Levante,11,0,1,1.4288082895800471,4.930306978523731,2.73524737264961,2182,Jefferson Lerma
