group_type,position,games,goals,shots,time,xG,assists,xA,key_passes,season,team,yellow,red,npg,npxG,xGChain,xGBuildup,player_id,player_name
season,Sub,13,0,8,593,1.3770281076431274,1,0.8043200671672821,4,2025,Aston Villa,0,0,0,1.3770281076431274,2.0303216241300106,0.46417562291026115,8006,Evann Guessand
season,Sub,6,1,3,301,0.4772399663925171,1,0.43341368436813354,1,2025,Crystal Palace,0,0,1,0.4772399663925171,1.6912033557891846,0.7805497050285339,8006,Evann Guessand
season,FW,33,12,61,2609,9.78530315682292,8,6.217509228736162,32,2024,Nice,2,0,12,9.78530315682292,19.578173577785492,5.419926440343261,8006,Evann Guessand
season,Sub,34,6,48,1508,9.788425955921412,0,1.4258180130273104,15,2023,Nice,1,0,4,8.268235716968775,9.983116066083312,2.018603900447488,8006,Evann Guessand
season,FW,30,3,22,1272,2.705712942406535,2,1.2579462677240372,13,2022,Nantes,2,0,3,2.705712942406535,5.259533826261759,2.304095419123769,8006,Evann Guessand
season,Sub,20,1,12,387,1.8742342609912157,2,1.4524920284748077,4,2021,Nice,3,0,1,1.8742342609912157,2.703612105920911,0.1249121967703104,8006,Evann Guessand
season,Sub,3,0,1,23,0.03578360006213188,0,0,0,2020,Nice,0,0,0,0.03578360006213188,0.03578360006213188,0,8006,Evann Guessand
