group_type,position,games,goals,shots,time,xG,assists,xA,key_passes,season,team,yellow,red,npg,npxG,xGChain,xGBuildup,player_id,player_name
season,DR,13,0,3,665,0.23875021189451218,0,0.97617865819484,5,2025,West Ham,2,0,0,0.23875021189451218,1.589765745215118,0.6791210677474737,12358,Oliver Scarles
season,Sub,15,0,3,644,0.13733690045773983,0,0.11610511690378189,3,2024,West Ham,1,0,0,0.13733690045773983,0.7346537318080664,0.5881846826523542,12358,Oliver Scarles
