group_type,position,games,goals,shots,time,xG,assists,xA,key_passes,season,team,yellow,red,npg,npxG,xGChain,xGBuildup,player_id,player_name
season,DC,31,0,9,2434,0.594410877674818,2,1.0016300892457366,4,2025,AC Milan,5,1,0,0.594410877674818,8.241818975657225,6.800956133753061,703,Fikayo Tomori
season,DC,22,0,2,1590,0.12429790012538433,1,0.5303027667105198,8,2024,AC Milan,2,1,0,0.12429790012538433,7.266339126974344,6.786335755139589,703,Fikayo Tomori
season,DC,26,4,17,2133,3.608174130320549,0,0.11083202064037323,4,2023,AC Milan,6,1,4,3.608174130320549,8.231157934293151,8.09448311291635,703,Fikayo Tomori
season,DC,33,1,9,2775,1.8003495261073112,1,0.7087417002767324,9,2022,AC Milan,5,0,1,1.8003495261073112,8.678818094544113,7.956129631958902,703,Fikayo Tomori
season,DC,31,0,12,2722,1.9482456389814615,0,0.05771327065303922,4,2021,AC Milan,4,0,0,1.9482456389814615,9.618878487497568,9.56257788464427,703,Fikayo Tomori
season,DC,17,1,5,1466,0.9769397769123316,0,0,0,2020,AC Milan,0,0,1,0.9769397769123316,4.998597530648112,4.998597530648112,703,Fikayo Tomori
season,Sub,1,0,0,43,0,0,0,0,2020,Chelsea,0,0,0,0,0.0727275013923645,0.0727275013923645,703,Fikayo Tomori
season,DC,15,1,7,1299,0.5629758918657899,0,0.11987659893929958,4,2019,Chelsea,3,0,1,0.5629758918657899,5.061155961826444,4.995166664943099,703,Fikayo Tomori
season,Sub,1,0,0,29,0,0,0,0,2015,Chelsea,0,0,0,0,0,0,703,Fikayo Tomori
