group_type,position,games,goals,shots,time,xG,assists,xA,key_passes,season,team,yellow,red,npg,npxG,xGChain,xGBuildup,player_id,player_name
season,Sub,22,7,37,987,8.05385542102158,1,2.0896335784345865,17,2025,Bayern Munich,2,1,7,8.05385542102158,12.462424851953983,3.059927706606686,10048,Nicolas Jackson
season,FW,30,10,76,2294,13.834070887416601,5,3.47239719517529,28,2024,Chelsea,7,1,10,13.834070887416601,16.895098600536585,3.0802767761051655,10048,Nicolas Jackson
season,FW,35,14,80,2818,19.860593939200044,5,5.2836981769651175,36,2023,Chelsea,10,0,14,19.860593939200044,27.917255371809006,7.270463835448027,10048,Nicolas Jackson
season,FW,26,12,41,1617,8.56287157163024,4,4.143055668100715,22,2022,Villarreal,4,1,12,8.56287157163024,15.196007523685694,3.050466211512685,10048,Nicolas Jackson
season,Sub,9,0,5,145,0.813447704538703,0,0.7375730276107788,3,2021,Villarreal,1,0,0,0.813447704538703,1.606246730312705,0.2561966981738806,10048,Nicolas Jackson
