group_type,position,games,goals,shots,time,xG,assists,xA,key_passes,season,team,yellow,red,npg,npxG,xGChain,xGBuildup,player_id,player_name
season,FWL,28,2,42,1768,2.7162908166646957,5,4.650560335256159,34,2025,Tottenham,5,1,2,2.7162908166646957,9.529860531911254,5.203196081332862,8700,Xavi Simons
season,MC,1,0,0,90,0,0,0.02922726608812809,1,2025,RasenBallsport Leipzig,0,0,0,0,0.25656625628471375,0.25656625628471375,8700,Xavi Simons
season,AMC,25,10,50,2171,6.223592175170779,6,6.1870312336832285,50,2024,RasenBallsport Leipzig,5,0,10,6.223592175170779,16.81583746895194,6.952227101661265,8700,Xavi Simons
season,AMC,32,8,81,2738,7.734520580619574,11,10.540094953030348,79,2023,RasenBallsport Leipzig,9,1,7,6.218967225402594,23.964530430734158,12.515338407829404,8700,Xavi Simons
season,Sub,6,0,2,120,0.22209399938583374,0,0.116287000477314,1,2021,Paris Saint Germain,1,0,0,0.22209399938583374,0.461500596255064,0.12311959639191628,8700,Xavi Simons
season,Sub,1,0,1,1,0.038109198212623596,0,0,0,2020,Paris Saint Germain,0,0,0,0.038109198212623596,0.05115640163421631,0.013047199696302414,8700,Xavi Simons
