group_type,position,games,goals,shots,time,xG,assists,xA,key_passes,season,team,yellow,red,npg,npxG,xGChain,xGBuildup,player_id,player_name
season,Sub,10,0,0,585,0,0,0.6028399094939232,3,2019,West Ham,2,0,0,0,2.176808997988701,2.176808997988701,610,Pablo Zabaleta
season,DR,26,0,7,2099,0.15616450086236,1,1.0272081028670073,7,2018,West Ham,4,0,0,0.15616450086236,4.339205970987678,4.110601559281349,610,Pablo Zabaleta
season,DR,37,0,6,3299,0.33209640718996525,1,0.9275469975546002,18,2017,West Ham,9,0,0,0.33209640718996525,6.20760318543762,5.599334348924458,610,Pablo Zabaleta
season,DR,20,1,7,1055,0.6953417919576168,1,0.45518549997359514,11,2016,Manchester City,2,0,1,0.6953417919576168,6.211660511791706,5.194827519357204,610,Pablo Zabaleta
season,DR,13,0,3,1061,0.17769970186054707,1,0.633639819920063,2,2015,Manchester City,3,0,0,0.17769970186054707,5.072045736946166,4.851451889611781,610,Pablo Zabaleta
season,DR,29,1,12,2590,1.3584490865468979,4,3.7550920881330967,26,2014,Manchester City,6,1,1,1.3584490865468979,16.997090798802674,14.821173903532326,610,Pablo Zabaleta
