group_type,position,games,goals,shots,time,xG,assists,xA,key_passes,season,team,yellow,red,npg,npxG,xGChain,xGBuildup,player_id,player_name
season,FW,16,1,15,514,1.292148396372795,0,0.7781423926353455,11,2016,Middlesbrough,3,0,1,1.292148396372795,2.2981619797647,0.29985570907592773,671,Rudy Gestede
season,Sub,32,5,61,1632,5.696741838008165,2,1.4262413000687957,15,2015,Aston Villa,2,0,5,5.696741838008165,5.786227121017873,0.9677258897572756,671,Rudy Gestede
