group_type,position,games,goals,shots,time,xG,assists,xA,key_passes,season,team,yellow,red,npg,npxG,xGChain,xGBuildup,player_id,player_name
season,DMC,36,4,43,3170,3.4291493920609355,2,3.572026797570288,50,2025,Nottingham Forest,7,0,3,2.6679805545136333,15.642364580184221,11.406840842217207,9154,Elliot Anderson
season,Sub,37,2,40,2773,2.230010911822319,6,4.1257980996742845,37,2024,Nottingham Forest,10,0,2,2.230010911822319,9.88364265859127,6.357638165354729,9154,Elliot Anderson
season,Sub,21,0,19,997,1.3419555649161339,2,1.5226023513823748,15,2023,Newcastle United,3,0,0,1.3419555649161339,6.666737984865904,4.969087693840265,9154,Elliot Anderson
season,Sub,22,0,11,353,1.1292364411056042,1,1.5604944918304682,9,2022,Newcastle United,0,0,0,1.1292364411056042,3.589391114190221,1.5997926257550716,9154,Elliot Anderson
season,Sub,1,0,0,3,0,0,0,0,2020,Newcastle United,0,0,0,0,0,0,9154,Elliot Anderson
