group_type,position,games,goals,shots,time,xG,assists,xA,key_passes,season,team,yellow,red,npg,npxG,xGChain,xGBuildup,player_id,player_name
season,AMC,25,4,42,1654,3.092769087292254,5,5.275783350691199,44,2025,VfB Stuttgart,6,0,4,3.092769087292254,11.292239958420396,5.437266502529383,13020,Bilal El Khannouss
season,Sub,32,2,30,2242,1.4420042671263218,3,4.914181550964713,42,2024,Leicester,4,0,2,1.4420042671263218,7.097214490175247,3.5222754068672657,13020,Bilal El Khannouss
