group_type,position,games,goals,shots,time,xG,assists,xA,key_passes,season,team,yellow,red,npg,npxG,xGChain,xGBuildup,player_id,player_name
season,DC,9,1,2,432,0.6184431239962578,0,0,0,2022,Salernitana,1,0,1,0.6184431239962578,0.7516812887042761,0.18690730445086956,6996,William Troost-Ekong
season,DC,17,0,2,1381,0.10419339779764414,0,0.07055959850549698,1,2021,Watford,3,0,0,0.10419339779764414,2.1512107932940125,2.0682591954246163,6996,William Troost-Ekong
season,DC,30,0,6,2578,1.0271629970520735,0,0.13370059989392757,3,2019,Udinese,5,0,0,1.0271629970520735,4.148660126142204,4.053081098012626,6996,William Troost-Ekong
season,DC,35,0,8,3070,0.351325293071568,0,0.3616686910390854,5,2018,Udinese,4,0,0,0.351325293071568,4.256136717274785,3.972696234472096,6996,William Troost-Ekong
