group_type,position,games,goals,shots,time,xG,assists,xA,key_passes,season,team,yellow,red,npg,npxG,xGChain,xGBuildup,player_id,player_name
season,MC,8,0,2,298,0.4091367721557617,0,0.142877459526062,2,2023,Sheffield United,1,0,0,0.4091367721557617,0.30363729596138,0.30363729596138,7704,Chris Basham
season,DC,31,0,10,2602,0.6195668987929821,1,1.0665377043187618,12,2020,Sheffield United,5,0,0,0.6195668987929821,7.368293853476644,6.053646124899387,7704,Chris Basham
season,DC,38,0,6,3275,0.3295384980738163,1,1.3122201254591346,13,2019,Sheffield United,4,0,0,0.3295384980738163,4.4559616930782795,4.018944967538118,7704,Chris Basham
