group_type,position,games,goals,shots,time,xG,assists,xA,key_passes,season,team,yellow,red,npg,npxG,xGChain,xGBuildup,player_id,player_name
season,AML,30,6,41,2625,6.014849102124572,3,4.430429849773645,29,2025,Everton,2,0,4,4.4925114046782255,14.153946589678526,5.711362023837864,9307,Iliman Ndiaye
season,Sub,33,9,37,2478,7.094870626926422,0,1.9087076298892498,18,2024,Everton,3,0,7,5.572532966732979,11.509084429591894,5.190615847706795,9307,Iliman Ndiaye
season,FW,30,3,35,1647,4.741980096325278,3,2.8300538305193186,22,2023,Marseille,0,1,3,4.741980096325278,12.221890777815133,5.667855674866587,9307,Iliman Ndiaye
season,Sub,1,0,0,10,0,0,0,0,2020,Sheffield United,0,0,0,0,0,0,9307,Iliman Ndiaye
