group_type,position,games,goals,shots,time,xG,assists,xA,key_passes,season,team,yellow,red,npg,npxG,xGChain,xGBuildup,player_id,player_name
season,Sub,9,0,4,236,0.14954010397195816,0,0.08683919906616211,1,2019,Sheffield United,2,0,0,0.14954010397195816,1.20465599745512,0.9843139946460724,908,Muhamed Besic
season,Sub,2,0,0,43,0,0,0.06163480132818222,1,2017,Everton,0,0,0,0,0,0,908,Muhamed Besic
season,MC,12,0,4,547,0.09823680203408003,0,0.43992059864103794,5,2015,Everton,1,0,0,0.09823680203408003,0.7725062146782875,0.3412116002291441,908,Muhamed Besic
season,Sub,23,0,18,1293,0.4019687967374921,0,0.44973520934581757,8,2014,Everton,8,0,0,0.4019687967374921,2.2160519044846296,1.5080286115407944,908,Muhamed Besic
