group_type,position,games,goals,shots,time,xG,assists,xA,key_passes,season,team,yellow,red,npg,npxG,xGChain,xGBuildup,player_id,player_name
season,Sub,9,0,8,689,0.21781210415065289,0,0.363968787714839,7,2019,Norwich,1,0,0,0.21781210415065289,4.275746572762728,3.8308857530355453,1217,Moritz Leitner
season,Sub,6,0,5,231,0.3043829910457134,0,0.04910789988934994,2,2016,Augsburg,0,0,0,0.3043829910457134,0.7640698850154877,0.4664210006594658,1217,Moritz Leitner
season,Sub,2,0,0,12,0,0,0,0,2016,Lazio,0,0,0,0,0.15957200154662132,0.15957200154662132,1217,Moritz Leitner
season,Sub,9,0,6,318,0.6464972794055939,1,0.2913012970238924,5,2015,Borussia Dortmund,0,0,0,0.6464972794055939,2.952661508694291,2.3061645049601793,1217,Moritz Leitner
season,Sub,19,1,21,1096,1.3828582987189293,1,1.0754439793527126,16,2014,VfB Stuttgart,5,0,1,1.3828582987189293,2.6163943614810705,1.086085006594658,1217,Moritz Leitner
