group_type,position,games,goals,shots,time,xG,assists,xA,key_passes,season,team,yellow,red,npg,npxG,xGChain,xGBuildup,player_id,player_name
season,DML,10,0,4,316,0.2177513688802719,1,0.6745163174346089,6,2025,Torino,3,0,0,0.2177513688802719,1.0414578495547175,0.18736152164638042,8109,Niels Nkounkou
season,Sub,12,0,4,371,0.4677810948342085,0,1.2774152494966984,9,2024,Eintracht Frankfurt,1,0,0,0.4677810948342085,2.973861999809742,1.4079697281122208,8109,Niels Nkounkou
season,Sub,29,3,23,1275,1.1915052942931652,2,2.0994782745838165,15,2023,Eintracht Frankfurt,3,1,3,1.1915052942931652,5.449065528810024,2.7327349856495857,8109,Niels Nkounkou
season,DL,2,0,1,80,0.016959799453616142,0,0,0,2020,Everton,1,0,0,0.016959799453616142,0.030957600101828575,0.013997799716889858,8109,Niels Nkounkou
