group_type,position,games,goals,shots,time,xG,assists,xA,key_passes,season,team,yellow,red,npg,npxG,xGChain,xGBuildup,player_id,player_name
season,Sub,9,0,1,359,0.07151660323143005,0,0.18834679573774338,3,2016,Sunderland,0,0,0,0.07151660323143005,0.9063028991222382,0.7179556004703045,559,Paddy McNair
season,DC,8,0,3,308,0.14904199540615082,0,0.14083600044250488,1,2015,Manchester United,0,0,0,0.14904199540615082,0.5057020038366318,0.36486560106277466,559,Paddy McNair
season,DC,16,0,4,1023,0.3108162861317396,0,0.24150970205664635,5,2014,Manchester United,2,0,0,0.3108162861317396,3.425563907250762,3.31623918376863,559,Paddy McNair
