group_type,position,games,goals,shots,time,xG,assists,xA,key_passes,season,team,yellow,red,npg,npxG,xGChain,xGBuildup,player_id,player_name
season,DL,30,0,3,2510,0.15955020301043987,1,1.6646690927445889,18,2024,Leicester,1,0,0,0.15955020301043987,6.266841299831867,5.768991779536009,11367,Victor Kristiansen
season,DL,32,0,6,2323,0.25584305450320244,3,2.372798257507384,23,2023,Bologna,5,0,0,0.25584305450320244,7.188016228377819,5.70120033621788,11367,Victor Kristiansen
season,DL,12,0,3,902,0.11820390075445175,1,0.6666268110275269,7,2022,Leicester,2,0,0,0.11820390075445175,2.8209515437483788,2.4717506989836693,11367,Victor Kristiansen
