group_type,position,games,goals,shots,time,xG,assists,xA,key_passes,season,team,yellow,red,npg,npxG,xGChain,xGBuildup,player_id,player_name
season,AMC,21,3,20,1034,2.854199543595314,3,1.5520698856562376,19,2016,West Ham,1,1,3,2.854199543595314,6.191003633663058,2.453573126345873,1674,Sofiane Feghouli
season,Sub,21,1,22,1253,2.817992167547345,1,3.019084606319666,26,2015,Valencia,4,0,1,2.817992167547345,6.732124038040638,2.5378512665629387,1674,Sofiane Feghouli
season,Sub,33,6,34,1933,4.930529720615596,6,4.677291356027126,27,2014,Valencia,5,0,6,4.930529720615596,11.596512530464679,4.847493122331798,1674,Sofiane Feghouli
