group_type,position,games,goals,shots,time,xG,assists,xA,key_passes,season,team,yellow,red,npg,npxG,xGChain,xGBuildup,player_id,player_name
season,Sub,22,3,25,1045,2.3333342373371124,4,2.817155722528696,23,2025,Fulham,0,0,3,2.3333342373371124,7.052116136997938,2.818359221331775,7208,Samuel Chukwueze
season,Sub,1,0,0,23,0,0,0,0,2025,AC Milan,0,0,0,0,0.021089907735586166,0.021089907735586166,7208,Samuel Chukwueze
season,AMR,26,3,32,910,2.7906703650951385,2,3.146787761710584,27,2024,AC Milan,0,0,3,2.7906703650951385,6.90047693438828,2.527507521212101,7208,Samuel Chukwueze
season,Sub,24,1,28,1011,2.3205178324133158,3,2.813594989478588,20,2023,AC Milan,1,0,1,2.3205178324133158,7.759905718266964,4.579765383154154,7208,Samuel Chukwueze
season,Sub,37,6,60,2360,7.250476302579045,5,4.412587216123939,44,2022,Villarreal,1,0,6,7.250476302579045,15.63541644345969,5.5250677997246385,7208,Samuel Chukwueze
season,Sub,27,3,32,1308,4.8456982765346766,3,4.700998198240995,27,2021,Villarreal,4,0,3,4.8456982765346766,13.559952955693007,4.692692028358579,7208,Samuel Chukwueze
season,MR,28,4,31,1344,3.201687107793987,2,2.5685454346239567,28,2020,Villarreal,0,0,4,3.201687107793987,8.28949117846787,3.2520117834210396,7208,Samuel Chukwueze
season,AMR,37,3,48,2025,3.824783965945244,2,4.581009453162551,39,2019,Villarreal,2,0,3,3.824783965945244,12.715854642912745,6.614581360481679,7208,Samuel Chukwueze
season,MR,26,5,58,1713,5.540321944281459,2,1.5905416999012232,22,2018,Villarreal,2,0,5,5.540321944281459,9.830890722572803,3.398013474419713,7208,Samuel Chukwueze
