group_type,position,games,goals,shots,time,xG,assists,xA,key_passes,season,team,yellow,red,npg,npxG,xGChain,xGBuildup,player_id,player_name
season,FW,28,4,50,1523,9.774512918666005,2,1.0358418971300125,12,2022,Leeds,3,0,4,8.252171130850911,8.993882125243545,1.0394691042602062,822,Patrick Bamford
season,FW,9,2,20,558,2.997420996427536,2,1.031534468755126,5,2021,Leeds,2,0,2,2.997420996427536,3.715276086702943,0.41540099680423737,822,Patrick Bamford
season,FW,38,17,107,3085,18.40186234563589,7,3.782248348928988,30,2020,Leeds,3,0,15,16.879525646567345,23.394968066364527,4.13179549202323,822,Patrick Bamford
season,FWR,8,1,6,268,1.1101989895105362,0,0.08816120028495789,1,2016,Middlesbrough,1,0,1,1.1101989895105362,1.3680599927902222,0.7465719953179359,822,Patrick Bamford
season,Sub,6,0,1,26,0.03301059827208519,0,0,0,2016,Burnley,0,0,0,0.03301059827208519,0.09193889796733856,0.09193889796733856,822,Patrick Bamford
season,Sub,7,0,7,229,0.4736107997596264,0,0.12513940036296844,2,2015,Norwich,0,0,0,0.4736107997596264,0.9912720285356045,0.5342335067689419,822,Patrick Bamford
season,Sub,6,0,3,111,0.4642859846353531,0,0.13822950050234795,2,2015,Crystal Palace,0,0,0,0.4642859846353531,0.5900932922959328,0.20619500428438187,822,Patrick Bamford
