group_type,position,games,goals,shots,time,xG,assists,xA,key_passes,season,team,yellow,red,npg,npxG,xGChain,xGBuildup,player_id,player_name
season,Sub,6,0,1,326,0.043418992310762405,1,0.8038922008126974,4,2024,Ipswich,1,0,0,0.043418992310762405,1.1632227841764688,0.4409727454185486,8905,Conor Townsend
season,DL,25,0,11,2237,0.82282321061939,2,2.6485062204301357,23,2020,West Bromwich Albion,0,0,0,0.82282321061939,6.119824014604092,3.785737205296755,8905,Conor Townsend
