group_type,position,games,goals,shots,time,xG,assists,xA,key_passes,season,team,yellow,red,npg,npxG,xGChain,xGBuildup,player_id,player_name
season,FWL,13,1,17,757,2.0665961261838675,3,2.290657388046384,15,2024,Lyon,0,0,1,2.0665961261838675,5.183834571391344,2.086453676223755,3585,Said Benrahma
season,FWL,12,3,25,799,1.6094996351748705,3,3.6835075058043003,23,2023,Lyon,2,0,3,1.6094996351748705,6.6209618747234344,2.8606580197811127,3585,Said Benrahma
season,AML,13,0,19,619,1.9243336878716946,1,1.6338380239903927,11,2023,West Ham,1,0,0,1.1631648428738117,4.428546093404293,1.7844416052103043,3585,Said Benrahma
season,Sub,35,6,73,2070,6.350573148578405,3,4.756499437615275,48,2022,West Ham,0,0,2,3.3058972023427486,8.221184162423015,2.454255508258939,3585,Said Benrahma
season,AMC,32,8,63,2208,6.1550276800990105,6,4.772110963240266,32,2021,West Ham,0,0,8,6.1550276800990105,13.894504733383656,4.217210453003645,3585,Said Benrahma
season,Sub,30,1,35,1381,2.455936680547893,6,5.114552590996027,27,2020,West Ham,0,0,1,2.455936680547893,10.364191408269107,3.779580977745354,3585,Said Benrahma
season,Sub,12,1,8,287,0.16905500274151564,0,0.218427998945117,3,2015,Angers,0,0,1,0.16905500274151564,0.9597011050209403,0.5921534113585949,3585,Said Benrahma
season,Sub,9,2,3,117,0.35446618869900703,0,0.022306600585579872,2,2015,Nice,0,0,2,0.35446618869900703,0.3530611898750067,0,3585,Said Benrahma
season,AMR,3,1,5,204,0.8252747096121311,2,1.2469665836542845,4,2014,Nice,0,0,1,0.8252747096121311,1.5005379989743233,0,3585,Said Benrahma
