group_type,position,games,goals,shots,time,xG,assists,xA,key_passes,season,team,yellow,red,npg,npxG,xGChain,xGBuildup,player_id,player_name
season,DML,19,1,9,1045,0.4771555783227086,1,1.5814345702528954,13,2025,AC Milan,5,1,1,0.4771555783227086,7.527399258688092,6.920363070443273,5136,Estupiñán
season,Sub,30,1,28,2404,1.3183485567569733,1,2.320820614695549,27,2024,Brighton,5,0,1,1.3183485567569733,12.298998538404703,10.615641921758652,5136,Estupiñán
season,DL,19,2,11,1239,1.034091948531568,3,3.28635298833251,26,2023,Brighton,4,0,2,1.034091948531568,8.131439451128244,5.950095744803548,5136,Estupiñán
season,Sub,35,1,30,2707,2.3249325277283788,5,5.642439822666347,50,2022,Brighton,4,0,1,2.3249325277283788,18.086723536252975,12.671537213027477,5136,Estupiñán
season,Sub,28,0,14,1571,0.8332497030496597,1,3.0931389816105366,13,2021,Villarreal,3,0,0,0.8332497030496597,11.31069670803845,8.163488669320941,5136,Estupiñán
season,Sub,25,0,10,1153,0.47782869823276997,0,1.8179207807406783,17,2020,Villarreal,1,0,0,0.47782869823276997,5.742749605327845,4.302823759615421,5136,Estupiñán
season,DL,36,1,19,2965,1.3112001437693834,5,3.608679547905922,45,2019,Osasuna,9,0,1,1.3112001437693834,8.66492565907538,5.844745613634586,5136,Estupiñán
season,DL,2,0,1,180,0.1110759973526001,0,0.052442800253629684,2,2016,Granada,1,0,0,0.1110759973526001,0.08031609654426575,0.02787330001592636,5136,Estupiñán
