group_type,position,games,goals,shots,time,xG,assists,xA,key_passes,season,team,yellow,red,npg,npxG,xGChain,xGBuildup,player_id,player_name
season,Sub,18,2,18,1343,1.3560621263459325,1,0.3993820995092392,7,2017,Burnley,3,0,2,1.3560621263459325,2.4331030063331127,0.8316158140078187,1659,Scott Arfield
season,ML,31,1,44,2118,2.939779778942466,0,1.8786321142688394,34,2016,Burnley,3,0,1,2.939779778942466,4.719801418483257,1.7680322285741568,1659,Scott Arfield
season,MR,37,2,44,3210,3.165451562963426,1,2.0567901832982898,28,2014,Burnley,6,0,2,2.4042825317010283,8.505874078720808,5.22395558655262,1659,Scott Arfield
