group_type,position,games,goals,shots,time,xG,assists,xA,key_passes,season,team,yellow,red,npg,npxG,xGChain,xGBuildup,player_id,player_name
season,Sub,6,1,2,232,0.4420046992599964,0,0.5711894929409027,6,2022,Leicester,0,0,1,0.4420046992599964,2.0923749804496765,1.671343982219696,753,Marc Albrighton
season,MR,17,1,4,1113,0.48756540939211845,2,1.6947175050154328,11,2021,Leicester,3,0,1,0.48756540939211845,4.001694183796644,2.970209274441004,753,Marc Albrighton
season,Sub,31,1,21,1731,1.246731299906969,5,4.036377124488354,38,2020,Leicester,2,0,1,1.246731299906969,8.017674952745438,5.142706813290715,753,Marc Albrighton
season,Sub,20,0,10,860,0.4460920002311468,3,2.2903373278677464,20,2019,Leicester,2,0,0,0.4460920002311468,4.42047256231308,2.3780248276889324,753,Marc Albrighton
season,AMR,27,2,19,1625,1.063951208256185,2,2.9882512697950006,29,2018,Leicester,3,0,2,1.063951208256185,5.236805399879813,2.29350558668375,753,Marc Albrighton
season,ML,34,2,20,2551,1.6331818122416735,7,5.699213662184775,47,2017,Leicester,5,1,2,1.6331818122416735,10.115601350553334,5.132043182849884,753,Marc Albrighton
season,ML,33,2,21,2449,1.282536887563765,6,4.638040881603956,47,2016,Leicester,5,0,2,1.282536887563765,6.39722306560725,2.8114807195961475,753,Marc Albrighton
season,MR,38,2,42,2796,2.549340220168233,6,8.095411790534854,62,2015,Leicester,4,0,2,2.549340220168233,11.863627067767084,4.015349085442722,753,Marc Albrighton
season,Sub,18,2,14,1011,1.3866986893117428,3,3.8937382074072957,31,2014,Leicester,3,0,2,1.3866986893117428,6.103297988884151,3.256588274613023,753,Marc Albrighton
