group_type,position,games,goals,shots,time,xG,assists,xA,key_passes,season,team,yellow,red,npg,npxG,xGChain,xGBuildup,player_id,player_name
season,Sub,1,0,0,4,0,0,0,0,2025,Leeds,0,0,0,0,0,0,902,Sam Byram
season,Sub,15,0,7,1019,0.3631415069103241,0,0.25589700043201447,4,2021,Norwich,3,0,0,0.3631415069103241,1.2248425083234906,1.041966606862843,902,Sam Byram
season,Sub,17,0,15,1292,2.192290347069502,0,0.36209359765052795,6,2019,Norwich,4,0,0,2.192290347069502,2.703713111579418,1.7859539240598679,902,Sam Byram
season,Sub,5,0,4,250,0.27880852296948433,0,0.1510169953107834,2,2017,West Ham,1,0,0,0.27880852296948433,0.516131229698658,0.10153699666261673,902,Sam Byram
season,Sub,18,0,8,1237,0.2568340031430125,1,0.923184284940362,7,2016,West Ham,5,1,0,0.2568340031430125,5.036810629069805,4.577837476506829,902,Sam Byram
season,Sub,4,0,0,286,0,0,0.1970272921025753,2,2015,West Ham,3,0,0,0,0.26757609471678734,0.07054819911718369,902,Sam Byram
