group_type,position,games,goals,shots,time,xG,assists,xA,key_passes,season,team,yellow,red,npg,npxG,xGChain,xGBuildup,player_id,player_name
season,Sub,7,0,2,127,0.05533710680902004,0,0.1608402132987976,3,2025,Cremonese,0,0,0,0.05533710680902004,0.5485026314854622,0.3956798752769828,10036,Jeremy Sarmiento
season,Sub,1,0,0,4,0,0,0,0,2024,Brighton,0,0,0,0,0.09746789187192917,0.09746789187192917,10036,Jeremy Sarmiento
season,Sub,9,0,5,156,0.2745006997138262,1,0.20081399381160736,2,2022,Brighton,1,0,0,0.2745006997138262,1.288041802123189,0.812727190554142,10036,Jeremy Sarmiento
season,Sub,5,0,0,35,0,0,0,0,2021,Brighton,0,0,0,0,0.056968700140714645,0.056968700140714645,10036,Jeremy Sarmiento
