group_type,position,games,goals,shots,time,xG,assists,xA,key_passes,season,team,yellow,red,npg,npxG,xGChain,xGBuildup,player_id,player_name
season,MC,36,0,18,2691,0.6533067272976041,2,2.687867143191397,17,2022,Liverpool,11,0,0,0.6533067272976041,15.346531419083476,13.409233009442687,3420,Fabinho
season,Sub,29,5,21,2320,5.033523061312735,1,1.262206269428134,17,2021,Liverpool,7,0,3,3.511185065843165,10.567334730178118,9.501623323187232,3420,Fabinho
season,Sub,30,0,10,2563,0.36248929984867573,0,0.2980616018176079,4,2020,Liverpool,6,0,0,0.36248929984867573,11.808018939569592,11.55500485189259,3420,Fabinho
season,MC,28,2,12,2063,0.308101499453187,3,1.6751397987827659,19,2019,Liverpool,6,0,2,0.308101499453187,11.502582296729088,10.285113245248795,3420,Fabinho
season,Sub,28,1,17,2006,1.1445506745949388,2,1.3083825185894966,16,2018,Liverpool,6,0,1,1.1445506745949388,9.326501950621605,7.9683539643883705,3420,Fabinho
season,MC,34,7,25,3060,5.170689343474805,3,4.252503065392375,36,2017,Monaco,8,0,3,2.130308272317052,16.51916810683906,14.181379232555628,3420,Fabinho
season,MC,37,9,31,3067,7.34357899799943,1,2.5583842024207115,33,2016,Monaco,8,0,2,2.0229182951152325,18.127021067775786,14.364796848967671,3420,Fabinho
season,DR,34,6,29,3060,5.418282768689096,4,3.1770199108868837,25,2015,Monaco,9,0,0,0.8577117016538978,8.815976854413748,6.300277759321034,3420,Fabinho
season,DR,36,1,18,3170,0.8046537060290575,0,1.4105224050581455,22,2014,Monaco,4,0,1,0.8046537060290575,13.049409849569201,11.491599874570966,3420,Fabinho
