group_type,position,games,goals,shots,time,xG,assists,xA,key_passes,season,team,yellow,red,npg,npxG,xGChain,xGBuildup,player_id,player_name
season,Sub,15,0,10,177,0.9828338120132685,2,0.731904000043869,2,2022,Leeds,1,0,0,0.9828338120132685,1.7896137908101082,0.8910369034856558,9339,Joe Gelhardt
season,Sub,20,2,23,700,3.8046448081731796,2,1.8083356712013483,9,2021,Leeds,4,0,2,3.8046448081731796,5.506509491242468,0.7224636012688279,9339,Joe Gelhardt
