group_type,position,games,goals,shots,time,xG,assists,xA,key_passes,season,team,yellow,red,npg,npxG,xGChain,xGBuildup,player_id,player_name
season,DL,1,0,0,69,0,0,0.03704100102186203,1,2020,Southampton,0,0,0,0,0.17254400253295898,0.13550299406051636,8493,Jake Vokins
season,DL,1,0,1,90,0.013284199871122837,0,0.09659569710493088,1,2019,Southampton,0,0,0,0.013284199871122837,0.5018609762191772,0.4885770082473755,8493,Jake Vokins
