group_type,position,games,goals,shots,time,xG,assists,xA,key_passes,season,team,yellow,red,npg,npxG,xGChain,xGBuildup,player_id,player_name
season,MC,1,1,1,86,0.03902139887213707,0,0,0,2017,Newcastle United,0,0,1,0.03902139887213707,0.5357739925384521,0.5357739925384521,778,Henri Saivet
season,MC,27,1,36,1776,2.9207071037963033,2,2.370254316367209,22,2016,Saint-Etienne,3,0,1,2.9207071037963033,5.055061284452677,1.9940529139712453,778,Henri Saivet
season,MC,18,2,27,1564,0.9880650946870446,0,0.6564860856160522,14,2015,Bordeaux,3,1,2,0.9880650946870446,3.9454665016382933,3.618890631943941,778,Henri Saivet
season,Sub,4,0,0,150,0,0,0.015325600281357765,1,2015,Newcastle United,0,0,0,0,0.23047260381281376,0.23047260381281376,778,Henri Saivet
season,Sub,14,0,21,733,1.4244816899299622,0,0.21800240315496922,6,2014,Bordeaux,2,0,0,1.4244816899299622,3.3058143723756075,2.0752498116344213,778,Henri Saivet
