group_type,position,games,goals,shots,time,xG,assists,xA,key_passes,season,team,yellow,red,npg,npxG,xGChain,xGBuildup,player_id,player_name
season,FW,17,0,7,524,1.4485037550330162,0,0.11218349635601044,2,2017,Bournemouth,0,0,0,1.4485037550330162,1.9634350836277008,0.590020690113306,826,Benik Afobe
season,Sub,31,6,39,1436,8.921731073409319,3,1.8278376227244735,23,2016,Bournemouth,1,0,6,8.160559136420488,8.775064839050174,1.2637336254119873,826,Benik Afobe
season,Sub,15,4,14,950,3.3959609642624855,0,0.6378889800980687,12,2015,Bournemouth,0,0,4,3.3959609642624855,3.453082635998726,0.5902240071445704,826,Benik Afobe
