group_type,position,games,goals,shots,time,xG,assists,xA,key_passes,season,team,yellow,red,npg,npxG,xGChain,xGBuildup,player_id,player_name
season,MC,18,1,7,657,0.6896725203841925,0,0.5868444573134184,10,2024,Southampton,1,0,1,0.6896725203841925,2.8830344323068857,2.286232426762581,8224,William Smallbone
season,MR,4,0,1,136,0.06670799851417542,0,0.05095230042934418,1,2021,Southampton,0,0,0,0.06670799851417542,0.06670799851417542,0,8224,William Smallbone
season,MR,3,0,1,174,0.04609239846467972,0,0,0,2020,Southampton,0,0,0,0.04609239846467972,0.1866139993071556,0.14052200317382812,8224,William Smallbone
season,MC,9,0,6,401,0.2958714999258518,2,0.17217089980840683,3,2019,Southampton,0,0,0,0.2958714999258518,1.059663400053978,0.6332474043592811,8224,William Smallbone
