group_type,position,games,goals,shots,time,xG,assists,xA,key_passes,season,team,yellow,red,npg,npxG,xGChain,xGBuildup,player_id,player_name
season,Sub,4,0,2,173,0.03958610072731972,0,0.04759709909558296,1,2018,Guingamp,1,1,0,0.03958610072731972,0.35541200637817383,0.30781490355730057,1071,Papy Djilobodji
season,DC,30,0,19,2700,1.0573271587491035,1,0.4797216667793691,8,2017,Dijon,4,1,0,1.0573271587491035,5.96201187139377,5.475865299347788,1071,Papy Djilobodji
season,DC,18,0,8,1579,0.3790947012603283,0,0.08089189976453781,1,2016,Sunderland,4,1,0,0.3790947012603283,0.9389820992946625,0.8580901995301247,1071,Papy Djilobodji
season,DC,14,2,22,1260,2.3771103005856276,1,0.8593811141327024,9,2015,Werder Bremen,6,0,2,2.3771103005856276,1.631668396294117,0.9280628887936473,1071,Papy Djilobodji
season,DC,31,0,25,2713,1.4628433091565967,0,0.14974360167980194,6,2014,Nantes,11,0,0,1.4628433091565967,2.433706699870527,2.24230279866606,1071,Papy Djilobodji
