group_type,position,games,goals,shots,time,xG,assists,xA,key_passes,season,team,yellow,red,npg,npxG,xGChain,xGBuildup,player_id,player_name
season,Sub,28,0,19,1495,1.270693464204669,1,2.4876732137054205,23,2025,Aston Villa,2,0,0,1.270693464204669,4.887056251987815,3.6274870578199625,11807,Ian Maatsen
season,Sub,29,1,19,1073,0.979834190569818,2,3.0338974483311176,19,2024,Aston Villa,2,0,1,0.979834190569818,9.690310459583998,8.366953602991998,11807,Ian Maatsen
season,DL,16,2,11,1288,0.849341201595962,2,1.4945228397846222,8,2023,Borussia Dortmund,5,0,2,0.849341201595962,8.60348061658442,7.317504981532693,11807,Ian Maatsen
season,Sub,12,0,5,169,0.6834889836609364,0,0.05732445325702429,2,2023,Chelsea,1,0,0,0.6834889836609364,1.3501509558409452,0.6530423145741224,11807,Ian Maatsen
