group_type,position,games,goals,shots,time,xG,assists,xA,key_passes,season,team,yellow,red,npg,npxG,xGChain,xGBuildup,player_id,player_name
season,FW,28,7,39,2019,7.089848818257451,3,3.5110421497374773,34,2023,Hoffenheim,4,0,6,6.332072140648961,12.106838148087263,4.090849205851555,7052,Wout Weghorst
season,FW,17,0,14,798,2.2213404029607773,1,1.1286072386428714,14,2022,Manchester United,1,0,0,2.2213404029607773,4.879476927220821,2.340124439448118,7052,Wout Weghorst
season,FW,18,6,38,1551,8.663456968963146,1,1.8277892172336578,17,2021,Wolfsburg,2,0,5,7.147902958095074,9.159813089296222,1.7764059882611036,7052,Wout Weghorst
season,FW,20,2,30,1459,5.398303970694542,3,1.8519033044576645,14,2021,Burnley,3,0,2,5.398303970694542,6.137320865876973,1.178776697255671,7052,Wout Weghorst
season,FW,34,20,93,2954,18.310400219634175,8,5.427310448139906,45,2020,Wolfsburg,3,0,18,16.03706214018166,24.294328788295388,5.9548529498279095,7052,Wout Weghorst
season,FW,32,16,85,2736,17.838466234505177,3,2.214333187788725,37,2019,Wolfsburg,7,0,12,14.807365261018276,19.157783091068268,5.003612016327679,7052,Wout Weghorst
season,FW,34,17,74,2933,15.743415473029017,7,4.727676076814532,37,2018,Wolfsburg,4,0,13,12.712311571463943,18.034685615450144,3.535672997124493,7052,Wout Weghorst
