group_type,position,games,goals,shots,time,xG,assists,xA,key_passes,season,team,yellow,red,npg,npxG,xGChain,xGBuildup,player_id,player_name
season,DML,10,0,4,848,0.1306107034906745,0,0.7058908063918352,7,2016,Sunderland,1,0,0,0.1306107034906745,1.1537392027676105,0.48701959755271673,598,Bryan Oviedo
season,DL,6,0,0,477,0,0,0.19498839229345322,3,2016,Everton,3,0,0,0,1.5439760014414787,1.481081798672676,598,Bryan Oviedo
season,Sub,14,0,5,1001,0.4693509079515934,1,1.525049313902855,13,2015,Everton,0,0,0,0.4693509079515934,4.925051087513566,3.127897271886468,598,Bryan Oviedo
season,Sub,6,0,3,306,0.05968699883669615,0,0.536017395555973,3,2014,Everton,3,0,0,0.05968699883669615,0.11871130298823118,0.08170350268483162,598,Bryan Oviedo
