group_type,position,games,goals,shots,time,xG,assists,xA,key_passes,season,team,yellow,red,npg,npxG,xGChain,xGBuildup,player_id,player_name
season,Sub,10,0,8,102,1.1122219264507294,0,0,0,2021,Torino,1,0,0,1.1122219264507294,1.1754547208547592,0.1311269998550415,1642,Simone Zaza
season,FW,29,6,57,1472,8.159378856420517,0,1.5617382042109966,13,2020,Torino,4,0,6,8.159378856420517,9.990721918642521,2.0982296764850616,1642,Simone Zaza
season,FW,24,7,49,1633,6.065119735896587,1,1.6997816022485495,12,2019,Torino,7,0,7,6.065119735896587,8.537997610867023,1.5972681678831577,1642,Simone Zaza
season,Sub,29,4,56,1403,6.373840030282736,3,0.8243847992271185,15,2018,Torino,8,1,4,6.373840030282736,7.671013478189707,2.2148135155439377,1642,Simone Zaza
season,FW,33,13,72,2082,10.359604505822062,1,2.3537987545132637,15,2017,Valencia,8,1,13,10.359604505822062,13.20799507945776,2.728496480733156,1642,Simone Zaza
season,Sub,20,6,60,1373,6.623011132702231,1,0.8537054522894323,12,2016,Valencia,7,0,6,6.623011132702231,7.9854129664599895,1.9497795053757727,1642,Simone Zaza
season,FW,8,0,16,460,0.9579112268984318,0,0.32900690473616123,8,2016,West Ham,2,0,0,0.9579112268984318,1.2106084767729044,0.12126140296459198,1642,Simone Zaza
season,Sub,19,5,30,643,2.446644015610218,0,0.33043880201876163,6,2015,Juventus,6,1,5,2.446644015610218,3.3393439054489136,0.789255890995264,1642,Simone Zaza
season,FW,31,11,77,2597,10.174191014841199,2,1.856889957562089,14,2014,Sassuolo,11,0,10,8.651592062786222,11.206031959503889,1.6126217059791088,1642,Simone Zaza
