group_type,position,games,goals,shots,time,xG,assists,xA,key_passes,season,team,yellow,red,npg,npxG,xGChain,xGBuildup,player_id,player_name
season,Sub,7,1,3,359,0.48940175771713257,0,0.13313135039061308,4,2022,Udinese,1,1,1,0.48940175771713257,2.0341156413778663,1.6196615025401115,6303,Marvin Zeegelaar
season,Sub,14,0,3,631,0.16979480348527431,0,0.012276699766516685,1,2021,Udinese,3,0,0,0.16979480348527431,2.066951597109437,1.9572131931781769,6303,Marvin Zeegelaar
season,DML,24,1,9,1774,1.2140242252498865,0,1.4033572115004063,10,2020,Udinese,6,0,1,1.2140242252498865,4.762895875610411,2.8939470034092665,6303,Marvin Zeegelaar
season,Sub,13,0,0,596,0,1,0.8028602004051208,5,2019,Udinese,3,0,0,0,2.23867223598063,1.5977361854165792,6303,Marvin Zeegelaar
season,Sub,12,0,1,957,0.06077589839696884,0,0.20449999906122684,4,2018,Udinese,5,1,0,0.06077589839696884,0.6653318088501692,0.576103812083602,6303,Marvin Zeegelaar
season,DML,12,0,0,995,0,1,0.8659055829048157,7,2017,Watford,4,1,0,0,2.3922541681677103,1.8178220931440592,6303,Marvin Zeegelaar
