group_type,position,games,goals,shots,time,xG,assists,xA,key_passes,season,team,yellow,red,npg,npxG,xGChain,xGBuildup,player_id,player_name
season,Sub,5,0,1,16,0.022374259307980537,0,0,0,2022,Fulham,0,0,0,0.022374259307980537,0,0,6047,Shane Duffy
season,DC,18,1,22,1432,0.9077040944248438,0,0.10300940088927746,4,2021,Brighton,7,0,1,0.9077040944248438,3.5175382625311613,3.4393277764320374,6047,Shane Duffy
season,DC,19,1,7,1226,1.2561100292950869,0,0.13407669961452484,2,2019,Brighton,2,0,1,1.2561100292950869,2.0523226000368595,1.9144121892750263,6047,Shane Duffy
season,DC,35,5,37,3087,3.3823372572660446,1,0.26591139659285545,7,2018,Brighton,4,1,5,3.3823372572660446,3.0718247266486287,2.7144499104470015,6047,Shane Duffy
season,DC,37,0,28,3296,2.228687004186213,1,1.2224080273881555,8,2017,Brighton,8,0,0,2.228687004186213,2.855841301381588,2.8018679013475776,6047,Shane Duffy
