group_type,position,games,goals,shots,time,xG,assists,xA,key_passes,season,team,yellow,red,npg,npxG,xGChain,xGBuildup,player_id,player_name
season,Sub,27,2,18,848,2.446924611926079,0,0.6348967775702477,11,2025,Borussia Dortmund,2,0,2,2.446924611926079,5.285868251696229,2.7434701044112444,9356,Carney Chukwuemeka
season,Sub,10,1,8,231,0.8316291533410549,0,0.6901883706450462,7,2024,Borussia Dortmund,1,0,1,0.8316291533410549,4.0000030770897865,2.8219908848404884,9356,Carney Chukwuemeka
season,AMC,9,1,3,219,0.11761219799518585,1,0.24838955141603947,5,2023,Chelsea,2,0,1,0.11761219799518585,0.47145750373601913,0.10545574314892292,9356,Carney Chukwuemeka
season,Sub,14,0,5,323,0.28078445978462696,0,0.5179743207991123,8,2022,Chelsea,0,0,0,0.28078445978462696,2.4493823647499084,1.8873916678130627,9356,Carney Chukwuemeka
season,MC,12,0,4,266,0.6268898099660873,1,0.9877786859869957,2,2021,Aston Villa,0,0,0,0.6268898099660873,2.198258690536022,0.676293196156621,9356,Carney Chukwuemeka
season,Sub,2,0,1,16,0.056043900549411774,0,0,0,2020,Aston Villa,0,0,0,0.056043900549411774,0.056043900549411774,0,9356,Carney Chukwuemeka
