group_type,position,games,goals,shots,time,xG,assists,xA,key_passes,season,team,yellow,red,npg,npxG,xGChain,xGBuildup,player_id,player_name
season,FW,17,5,28,1135,2.2645987197756767,1,0.6661131847649813,7,2019,Paderborn,2,0,5,2.2645987197756767,3.277707302942872,0.5409078085795045,7822,Dennis Srbeny
season,Sub,8,1,2,29,0.48214710131287575,0,0,0,2019,Norwich,0,0,1,0.48214710131287575,0.43341100215911865,0,7822,Dennis Srbeny
