group_type,position,games,goals,shots,time,xG,assists,xA,key_passes,season,team,yellow,red,npg,npxG,xGChain,xGBuildup,player_id,player_name
season,Sub,23,1,14,722,0.6683581359684467,0,0.5474627763032913,9,2025,Fulham,3,0,1,0.6683581359684467,3.974945366382599,3.2573820017278194,6835,Tom Cairney
season,Sub,25,2,11,568,0.7964487187564373,0,1.6266533425077796,10,2024,Fulham,3,1,2,0.7964487187564373,6.079954030923545,5.425033033825457,6835,Tom Cairney
season,MC,34,1,17,1427,1.009905599988997,4,3.1143901832401752,25,2023,Fulham,3,0,1,1.009905599988997,9.088703569956124,7.377049610950053,6835,Tom Cairney
season,Sub,33,2,21,929,1.5491938758641481,0,1.6246961504220963,12,2022,Fulham,2,0,2,1.5491938758641481,5.840297954156995,3.5059372931718826,6835,Tom Cairney
season,DMC,10,1,12,762,0.5839640917256474,1,0.9888519793748856,17,2020,Fulham,2,0,1,0.5839640917256474,3.385561529546976,2.849907993339002,6835,Tom Cairney
season,MC,31,1,24,2207,1.1451944131404161,1,3.0039899302646518,40,2018,Fulham,0,0,1,1.1451944131404161,8.619476376101375,6.14206922147423,6835,Tom Cairney
