group_type,position,games,goals,shots,time,xG,assists,xA,key_passes,season,team,yellow,red,npg,npxG,xGChain,xGBuildup,player_id,player_name
season,Sub,30,7,53,1754,4.055430913344026,2,2.164847521111369,15,2025,Arsenal,1,0,7,4.055430913344026,9.142015982419252,3.630256390199065,8706,Eberechi Eze
season,AMC,1,0,6,87,0.17982977628707886,0,0.4323694705963135,1,2025,Crystal Palace,0,0,0,0.17982977628707886,0.46702277660369873,0.30536535382270813,8706,Eberechi Eze
season,AMC,34,8,102,2635,9.876954596489668,8,7.019554221071303,58,2024,Crystal Palace,1,0,7,8.354616891592741,18.762924566864967,8.675655025988817,8706,Eberechi Eze
season,AMC,27,11,83,2097,9.37310928851366,4,6.844833366572857,54,2023,Crystal Palace,3,0,10,8.611940443515778,16.38165108114481,6.3479389026761055,8706,Eberechi Eze
season,AMC,38,10,70,2657,6.831764040514827,4,4.619440779089928,57,2022,Crystal Palace,3,0,9,6.070595199242234,11.0957055054605,4.369746007025242,8706,Eberechi Eze
season,Sub,13,1,10,597,0.4566667973995209,1,0.9693568199872971,11,2021,Crystal Palace,1,0,1,0.4566667973995209,1.7385775223374367,1.2302385084331036,8706,Eberechi Eze
season,Sub,34,4,37,2570,2.494570924434811,6,3.741961975581944,42,2020,Crystal Palace,3,0,4,2.494570924434811,7.996476820204407,3.959955094382167,8706,Eberechi Eze
