group_type,position,games,goals,shots,time,xG,assists,xA,key_passes,season,team,yellow,red,npg,npxG,xGChain,xGBuildup,player_id,player_name
season,MC,27,1,15,1413,0.9864262714982033,0,0.6933921938762069,16,2023,Sheffield United,8,0,0,0.22529425099492073,2.788633189164102,2.4070543106645346,7710,Oliver Norwood
season,MC,32,0,11,2239,0.430055795237422,0,1.2662918074056506,32,2020,Sheffield United,6,0,0,0.430055795237422,5.095909474417567,4.403649482876062,7710,Oliver Norwood
season,MC,38,1,17,3119,1.3383014099672437,1,3.8799228239804506,49,2019,Sheffield United,8,0,0,0.5771326068788767,9.954602483659983,9.053659860044718,7710,Oliver Norwood
