group_type,position,games,goals,shots,time,xG,assists,xA,key_passes,season,team,yellow,red,npg,npxG,xGChain,xGBuildup,player_id,player_name
season,Sub,6,0,0,25,0,0,0,0,2025,Burnley,0,0,0,0,0.027223162353038788,0.027223162353038788,12094,Mike Trésor
season,Sub,16,0,5,384,0.6615988579578698,0,0.6491026850417256,7,2023,Burnley,0,0,0,0.6615988579578698,0.9828745895065367,0.34004739159718156,12094,Mike Trésor
