group_type,position,games,goals,shots,time,xG,assists,xA,key_passes,season,team,yellow,red,npg,npxG,xGChain,xGBuildup,player_id,player_name
season,DR,33,3,29,2909,1.19959800504148,3,3.1084953313693404,29,2025,Aston Villa,8,0,3,1.19959800504148,9.50566709972918,7.323866153135896,8864,Matthew Cash
season,DR,27,1,13,2085,0.49553846661001444,1,1.4866319708526134,10,2024,Aston Villa,7,0,1,0.49553846661001444,7.091400654055178,6.5722703114151955,8864,Matthew Cash
season,DR,29,2,33,2142,4.486114578321576,2,2.969944916665554,13,2023,Aston Villa,8,0,2,4.486114578321576,14.261767610907555,8.849687004461884,8864,Matthew Cash
season,DR,26,0,7,1822,0.16667070053517818,1,0.46759939566254616,8,2022,Aston Villa,4,0,0,0.16667070053517818,5.986693885177374,5.530507996678352,8864,Matthew Cash
season,DR,38,4,37,3386,2.4832568001002073,3,2.902315404266119,28,2021,Aston Villa,8,0,4,2.4832568001002073,11.00867085158825,7.563903264701366,8864,Matthew Cash
season,DR,28,0,9,2389,0.2478914987295866,2,1.9056626800447702,21,2020,Aston Villa,6,1,0,0.2478914987295866,6.591604145243764,5.0334585746750236,8864,Matthew Cash
