group_type,position,games,goals,shots,time,xG,assists,xA,key_passes,season,team,yellow,red,npg,npxG,xGChain,xGBuildup,player_id,player_name
season,Sub,8,0,12,243,2.4657208919525146,1,0.7587333768606186,3,2025,Chelsea,1,0,0,2.4657208919525146,3.2370901107788086,0.12257947772741318,11633,Marc Guiu
season,Sub,2,0,1,7,0.04138287156820297,0,0,0,2025,Sunderland,0,0,0,0.04138287156820297,0.04138287156820297,0,11633,Marc Guiu
season,Sub,3,0,0,60,0,0,0.04049580916762352,1,2024,Chelsea,0,0,0,0,0.10768561065196991,0.10768561065196991,11633,Marc Guiu
season,Sub,3,1,4,75,0.9520300701260567,0,0.32365643978118896,1,2023,Barcelona,1,0,1,0.9520300701260567,1.3621556162834167,0.08646910637617111,11633,Marc Guiu
