group_type,position,games,goals,shots,time,xG,assists,xA,key_passes,season,team,yellow,red,npg,npxG,xGChain,xGBuildup,player_id,player_name
season,Sub,12,0,0,100,0,0,0.2518436722457409,4,2023,Burnley,1,0,0,0,0.9050039984285831,0.8224344961345196,790,Nathan Redmond
season,Sub,1,0,0,1,0,0,0,0,2022,Southampton,0,0,0,0,0,0,790,Nathan Redmond
season,Sub,27,1,26,1829,1.6321709342300892,5,4.070743652060628,34,2021,Southampton,0,0,1,1.6321709342300892,7.378807194530964,3.2111310930922627,790,Nathan Redmond
season,ML,29,2,45,1718,3.8337903171777725,3,3.353081863373518,29,2020,Southampton,1,0,2,3.8337903171777725,8.99761745147407,3.267556704580784,790,Nathan Redmond
season,AMC,32,4,59,2781,5.287323888391256,4,3.6244101859629154,38,2019,Southampton,2,0,4,5.287323888391256,13.674614310264587,6.0878562945872545,790,Nathan Redmond
season,AMC,38,6,74,3283,7.911501468159258,4,5.312565573491156,52,2018,Southampton,3,0,6,7.911501468159258,16.49272551946342,5.913362832739949,790,Nathan Redmond
season,AML,31,1,44,1947,2.318285396322608,3,4.201632303185761,42,2017,Southampton,3,0,1,2.318285396322608,8.6934315841645,3.7126781288534403,790,Nathan Redmond
season,FW,37,7,83,2917,4.817707560956478,1,5.891832923516631,57,2016,Southampton,2,1,7,4.817707560956478,15.177735261619091,6.430120557546616,790,Nathan Redmond
season,Sub,35,6,54,2321,3.4319807747378945,3,3.6447911020368338,45,2015,Norwich,0,0,6,3.4319807747378945,9.672524183057249,6.095174287445843,790,Nathan Redmond
