group_type,position,games,goals,shots,time,xG,assists,xA,key_passes,season,team,yellow,red,npg,npxG,xGChain,xGBuildup,player_id,player_name
season,DMC,23,2,9,1625,0.9112780764698982,2,1.2302900850772858,7,2025,Bournemouth,7,0,2,0.9112780764698982,5.831205058842897,4.8465736992657185,7352,Tyler Adams
season,Sub,28,0,9,1965,1.4070341289043427,3,1.5068945437669754,18,2024,Bournemouth,7,0,0,1.4070341289043427,7.6065224930644035,5.169210600666702,7352,Tyler Adams
season,Sub,3,0,0,111,0,0,0.09760691225528717,1,2023,Bournemouth,0,0,0,0,0.5493647493422031,0.45175783708691597,7352,Tyler Adams
season,DMC,24,0,4,2159,0.0683434996753931,0,1.370405713096261,24,2022,Leeds,4,1,0,0.0683434996753931,6.9535529762506485,5.69552486948669,7352,Tyler Adams
season,DMC,24,0,2,1334,0.1287791971117258,1,0.45412541180849075,7,2021,RasenBallsport Leipzig,5,0,0,0.1287791971117258,6.526537517085671,5.961885208263993,7352,Tyler Adams
season,MC,27,1,7,1852,1.3859658017754555,1,0.8873330187052488,14,2020,RasenBallsport Leipzig,3,0,1,1.3859658017754555,8.371892359107733,6.737106043845415,7352,Tyler Adams
season,DR,14,0,7,955,0.3667478933930397,0,0.6637948155403137,7,2019,RasenBallsport Leipzig,0,0,0,0.3667478933930397,4.395739044994116,3.7200320176780224,7352,Tyler Adams
season,MC,10,0,2,724,0.06326180137693882,2,1.0548764187842607,5,2018,RasenBallsport Leipzig,0,0,0,0.06326180137693882,3.944855034351349,3.3885050117969513,7352,Tyler Adams
