group_type,position,games,goals,shots,time,xG,assists,xA,key_passes,season,team,yellow,red,npg,npxG,xGChain,xGBuildup,player_id,player_name
season,DC,12,0,5,1078,1.0807171128690243,0,0.023904647678136826,1,2025,West Ham,1,0,0,1.0807171128690243,2.4863447081297636,2.183985924348235,6885,Axel Disasi
season,DC,7,0,2,483,0.05832025781273842,0,0.18556500039994717,3,2024,Aston Villa,2,0,0,0.05832025781273842,1.5944931507110596,1.4886295795440674,6885,Axel Disasi
season,DR,6,1,2,361,0.5661573000252247,0,0.1519741266965866,2,2024,Chelsea,1,0,1,0.5661573000252247,0.9133144915103912,0.7270775139331818,6885,Axel Disasi
season,DC,31,2,16,2586,2.678889036178589,0,0.19504063576459885,3,2023,Chelsea,6,0,2,2.678889036178589,14.653339916840196,14.106656992807984,6885,Axel Disasi
season,DC,38,3,28,3329,3.4075727397575974,3,1.0930168218910694,9,2022,Monaco,3,0,3,2.6474776351824403,9.15804875548929,8.766599701717496,6885,Axel Disasi
season,DC,32,1,20,2732,2.5039865877479315,0,0.3712611021474004,8,2021,Monaco,5,0,1,2.5039865877479315,8.42122146487236,8.232435267418623,6885,Axel Disasi
season,DC,29,3,18,2025,2.2263621110469103,0,0.6006774138659239,5,2020,Monaco,3,2,3,2.2263621110469103,7.807723738253117,7.721197847276926,6885,Axel Disasi
season,DC,27,1,15,2430,2.3945691334083676,0,0.39539179019629955,5,2019,Reims,3,0,1,2.3945691334083676,3.0300404876470566,2.6424686796963215,6885,Axel Disasi
season,Sub,4,0,0,155,0,0,0.03705409914255142,1,2018,Reims,0,0,0,0,0.382484994828701,0.382484994828701,6885,Axel Disasi
