group_type,position,games,goals,shots,time,xG,assists,xA,key_passes,season,team,yellow,red,npg,npxG,xGChain,xGBuildup,player_id,player_name
season,Sub,33,1,15,2344,0.8407637439668179,2,3.6139051020145416,37,2025,Wolverhampton Wanderers,3,0,1,0.8407637439668179,5.418242517858744,2.929296974092722,10140,Hugo Bueno
season,Sub,22,0,5,706,0.2772597037255764,0,0.8462303951382637,5,2023,Wolverhampton Wanderers,1,0,0,0.2772597037255764,2.2125213155522943,1.421666874550283,10140,Hugo Bueno
season,Sub,21,0,4,1320,0.11245439946651459,1,1.070818241685629,15,2022,Wolverhampton Wanderers,1,0,0,0.11245439946651459,2.2600185442715883,1.5996279511600733,10140,Hugo Bueno
