group_type,position,games,goals,shots,time,xG,assists,xA,key_passes,season,team,yellow,red,npg,npxG,xGChain,xGBuildup,player_id,player_name
season,Sub,30,4,53,1720,4.558919496834278,11,10.223456609994173,58,2025,Manchester City,1,0,4,4.558919496834278,20.166541188955307,11.157610276713967,8094,Mathis Cherki
season,Sub,30,8,45,2050,5.321216896176338,11,11.826800273731351,75,2024,Lyon,3,0,8,5.321216896176338,20.805470407009125,10.926877833902836,8094,Mathis Cherki
season,AML,33,1,57,1721,5.684411404654384,6,4.492587501183152,43,2023,Lyon,0,0,1,5.684411404654384,12.1333181373775,4.881457727402449,8094,Mathis Cherki
season,Sub,34,4,61,1871,5.026033102534711,6,7.575714014470577,68,2022,Lyon,3,0,4,5.026033102534711,17.07565750926733,7.808850694447756,8094,Mathis Cherki
season,FWL,16,0,14,412,0.7207962428219616,1,0.8461429253220558,12,2021,Lyon,1,0,0,0.7207962428219616,2.0716874189674854,1.1472289878875017,8094,Mathis Cherki
season,Sub,27,1,18,663,1.2114495169371367,3,1.944522600620985,13,2020,Lyon,1,1,1,1.2114495169371367,5.334747731685638,3.0995704866945744,8094,Mathis Cherki
season,Sub,6,0,3,135,0.2466440051794052,0,0.09556169807910919,1,2019,Lyon,0,0,0,0.2466440051794052,0.38789740204811096,0.06173979863524437,8094,Mathis Cherki
