group_type,position,games,goals,shots,time,xG,assists,xA,key_passes,season,team,yellow,red,npg,npxG,xGChain,xGBuildup,player_id,player_name
season,Sub,8,0,1,314,0.025151601061224937,0,0.1558907814323902,2,2024,Southampton,0,1,0,0.025151601061224937,2.0469524562358856,1.8659100458025932,1683,Ryan Fraser
season,Sub,8,0,6,309,0.3093165084719658,0,0.35542329400777817,5,2022,Newcastle United,1,0,0,0.3093165084719658,0.5467102974653244,0.19543549790978432,1683,Ryan Fraser
season,Sub,27,2,24,1476,2.866719573736191,3,2.1547404266893864,25,2021,Newcastle United,3,0,2,2.866719573736191,6.576188476756215,2.687837041914463,1683,Ryan Fraser
season,Sub,18,0,13,920,0.9030801933258772,2,2.1685299314558506,25,2020,Newcastle United,0,1,0,0.9030801933258772,2.99426400475204,1.342214172706008,1683,Ryan Fraser
season,AMC,28,1,27,2054,3.464269880205393,4,3.600613696500659,44,2019,Bournemouth,2,0,1,3.464269880205393,9.42374673485756,4.503551006317139,1683,Ryan Fraser
season,ML,38,7,51,3185,4.763551549986005,14,16.18383568711579,93,2018,Bournemouth,2,0,7,4.763551549986005,19.63154132477939,7.556321985088289,1683,Ryan Fraser
season,MR,26,5,31,2016,1.9803190175443888,3,2.735152375884354,43,2017,Bournemouth,0,0,5,1.9803190175443888,6.3851632848382,3.3411668054759502,1683,Ryan Fraser
season,AMC,28,3,24,1774,2.1123162023723125,5,3.622358724474907,32,2016,Bournemouth,3,0,3,2.1123162023723125,6.436733680777252,2.6309686079621315,1683,Ryan Fraser
