group_type,position,games,goals,shots,time,xG,assists,xA,key_passes,season,team,yellow,red,npg,npxG,xGChain,xGBuildup,player_id,player_name
season,Sub,25,1,21,1159,1.7923783138394356,1,3.1155503503978252,19,2025,Arsenal,0,0,1,1.7923783138394356,5.6004799120128155,3.1895592361688614,11357,Noni Madueke
season,AMR,32,7,80,2113,11.862219285219908,3,3.1217017397284508,33,2024,Chelsea,3,0,7,11.862219285219908,18.66834883764386,6.725336389616132,11357,Noni Madueke
season,Sub,23,5,32,1066,3.0036024190485477,2,2.160680465400219,20,2023,Chelsea,2,0,4,2.2424335815012455,7.7808678727597,4.740718839690089,11357,Noni Madueke
season,Sub,12,1,12,662,0.9803801961243153,0,0.513928035274148,12,2022,Chelsea,0,0,1,0.9803801961243153,3.67895220965147,2.43224985152483,11357,Noni Madueke
