group_type,position,games,goals,shots,time,xG,assists,xA,key_passes,season,team,yellow,red,npg,npxG,xGChain,xGBuildup,player_id,player_name
season,AMR,31,15,101,2282,11.411720653995872,19,17.044203309342265,79,2025,Bayern Munich,8,0,15,11.411720653995872,38.795316591858864,16.893669359385967,9948,Michael Olise
season,AMR,34,12,86,2370,10.028207782655954,15,14.287162024527788,89,2024,Bayern Munich,3,0,12,10.028207782655954,31.13305725902319,15.147963047027588,9948,Michael Olise
season,Sub,19,10,56,1281,5.6874131839722395,6,5.196664724498987,35,2023,Crystal Palace,0,0,9,4.926244312897325,12.075153382495046,5.0466043297201395,9948,Michael Olise
season,Sub,37,2,51,2774,2.659285433590412,11,7.174625148996711,72,2022,Crystal Palace,2,0,2,2.659285433590412,8.7775584384799,3.4045963063836098,9948,Michael Olise
season,Sub,26,2,19,1125,1.4879501201212406,5,4.962619297206402,24,2021,Crystal Palace,4,0,2,1.4879501201212406,7.787075158208609,5.307142198085785,9948,Michael Olise
