group_type,position,games,goals,shots,time,xG,assists,xA,key_passes,season,team,yellow,red,npg,npxG,xGChain,xGBuildup,player_id,player_name
season,DL,5,0,2,274,0.090692900121212,0,0.0748870000243187,2,2016,Bournemouth,1,0,0,0.090692900121212,0.9219538122415543,0.847066804766655,477,Brad Smith
season,DL,4,0,1,281,0.05266290158033371,0,0.07536959648132324,2,2015,Liverpool,1,1,0,0.05266290158033371,0.42465650103986263,0.42465650103986263,477,Brad Smith
