group_type,position,games,goals,shots,time,xG,assists,xA,key_passes,season,team,yellow,red,npg,npxG,xGChain,xGBuildup,player_id,player_name
season,AML,7,0,1,133,0.1225307434797287,0,1.0799011290073395,2,2024,Chelsea,0,0,0,0.1225307434797287,1.4741904512047768,0.2717585638165474,11305,Mykhailo Mudryk
season,Sub,31,5,35,1563,5.111277528107166,2,3.8853818774223328,32,2023,Chelsea,5,0,5,5.111277528107166,10.99068268481642,4.357236756011844,11305,Mykhailo Mudryk
season,Sub,15,0,14,654,1.9044867679476738,2,0.7282041758298874,10,2022,Chelsea,1,0,0,1.9044867679476738,3.8914809599518776,1.9701451398432255,11305,Mykhailo Mudryk
