group_type,position,games,goals,shots,time,xG,assists,xA,key_passes,season,team,yellow,red,npg,npxG,xGChain,xGBuildup,player_id,player_name
season,Sub,22,5,20,618,3.9322952292859554,0,0.44665464758872986,6,2025,Newcastle United,0,0,5,3.9322952292859554,4.082463543862104,0.32972016651183367,9556,William Osula
season,Sub,14,1,4,107,0.28269219398498535,0,0.13386283814907074,2,2024,Newcastle United,0,0,1,0.28269219398498535,0.3538459315896034,0.07435569167137146,9556,William Osula
season,FW,21,0,21,769,2.0722835399210453,0,0.09878482669591904,1,2023,Sheffield United,4,0,0,2.0722835399210453,2.056103426963091,0.1622651368379593,9556,William Osula
