group_type,position,games,goals,shots,time,xG,assists,xA,key_passes,season,team,yellow,red,npg,npxG,xGChain,xGBuildup,player_id,player_name
season,DC,20,0,6,1615,1.0540159121155739,0,0.4650263823568821,5,2022,Leicester,1,0,0,1.0540159121155739,3.9915253091603518,3.8186524361371994,759,Daniel Amartey
season,DC,28,0,2,2111,0.022854629904031754,0,0.24510060250759125,4,2021,Leicester,4,0,0,0.022854629904031754,4.304972453974187,4.2821176359429955,759,Daniel Amartey
season,DC,12,1,3,714,0.5421725064516068,0,0,0,2020,Leicester,2,0,1,0.5421725064516068,2.5317340046167374,2.4568770080804825,759,Daniel Amartey
season,DR,9,0,4,637,0.46855129674077034,0,0.10669169947504997,3,2018,Leicester,2,0,0,0.46855129674077034,1.1717179948464036,1.0972910011187196,759,Daniel Amartey
season,Sub,8,0,0,487,0,0,0,0,2017,Leicester,0,1,0,0,0.27070259489119053,0.27070259489119053,759,Daniel Amartey
season,Sub,24,1,14,1651,0.829638198018074,1,0.5581089816987514,15,2016,Leicester,3,0,1,0.829638198018074,2.941050013527274,2.098857215605676,759,Daniel Amartey
season,DR,5,0,1,98,0.3933579921722412,0,0.058609601110219955,1,2015,Leicester,0,0,0,0.3933579921722412,1.3948473036289215,1.001487284898758,759,Daniel Amartey
