group_type,position,games,goals,shots,time,xG,assists,xA,key_passes,season,team,yellow,red,npg,npxG,xGChain,xGBuildup,player_id,player_name
season,DL,29,3,33,2214,1.604667505249381,4,4.023106466047466,37,2025,Lille,4,1,3,1.604667505249381,11.737634055316448,8.574372377246618,6500,Romain Perraud
season,DL,28,2,20,2005,0.5968651231378317,2,1.9413560284301639,16,2024,Real Betis,8,1,2,0.5968651231378317,6.984733434394002,5.4319062530994415,6500,Romain Perraud
season,Sub,19,0,2,326,0.04746357351541519,1,0.7586815189570189,3,2023,Nice,2,0,0,0.04746357351541519,1.1184780057519674,1.0841377433389425,6500,Romain Perraud
season,Sub,29,2,29,1842,1.2091420125216246,2,2.2668228521943092,15,2022,Southampton,4,0,2,1.2091420125216246,4.521617898717523,2.6945367883890867,6500,Romain Perraud
season,DL,20,0,19,1630,0.7305768830701709,1,0.4040513997897506,8,2021,Southampton,3,0,0,0.7305768830701709,3.1580281164497137,2.5399267859756947,6500,Romain Perraud
season,DL,36,3,43,3140,2.713158693164587,7,3.128287872299552,36,2020,Brest,4,0,3,2.713158693164587,12.39103933237493,8.96760794147849,6500,Romain Perraud
season,DL,20,0,22,1668,0.931080412119627,1,0.9304575333371758,16,2019,Brest,1,0,0,0.931080412119627,3.9807216990739107,2.6992270909249783,6500,Romain Perraud
season,Sub,1,0,0,1,0,0,0,0,2017,Nice,0,0,0,0,0,0,6500,Romain Perraud
