group_type,position,games,goals,shots,time,xG,assists,xA,key_passes,season,team,yellow,red,npg,npxG,xGChain,xGBuildup,player_id,player_name
season,DC,30,1,5,2519,1.5777585953474045,0,1.306027840822935,10,2025,Arsenal,2,0,1,1.5777585953474045,10.797163631767035,10.281778583303094,6888,William Saliba
season,DC,35,2,6,3044,3.196498431265354,0,0.7513726502656937,7,2024,Arsenal,2,1,2,3.196498431265354,14.345305103808641,14.299853567034006,6888,William Saliba
season,DC,38,2,10,3420,2.367191250436008,1,0.24890925362706184,6,2023,Arsenal,4,0,2,2.367191250436008,16.631769336760044,16.434827260673046,6888,William Saliba
season,DC,27,2,6,2418,0.8184554874897003,1,1.120013577863574,6,2022,Arsenal,4,0,2,0.8184554874897003,9.701152380555868,9.49210711196065,6888,William Saliba
season,DC,36,0,17,3240,1.3563339225947857,0,0.6332824937999249,6,2021,Marseille,5,0,0,1.3563339225947857,11.667041746899486,11.0759123172611,6888,William Saliba
season,DC,20,1,6,1800,0.7740880157798529,0,0.03985710069537163,2,2020,Nice,2,0,1,0.7740880157798529,4.813374664634466,4.792482655495405,6888,William Saliba
season,Sub,12,0,3,991,0.157814996317029,0,0.0576465018093586,1,2019,Saint-Etienne,0,0,0,0.157814996317029,0.5965402033179998,0.5766312088817358,6888,William Saliba
season,DC,16,0,4,1279,0.26031259447336197,0,0.05756190046668053,2,2018,Saint-Etienne,1,0,0,0.26031259447336197,3.169152956455946,3.0482689552009106,6888,William Saliba
