group_type,position,games,goals,shots,time,xG,assists,xA,key_passes,season,team,yellow,red,npg,npxG,xGChain,xGBuildup,player_id,player_name
season,Sub,14,0,5,888,0.37646964844316244,0,0.3818966709077358,3,2024,Brighton,1,0,0,0.37646964844316244,4.823259890079498,4.751052476465702,7699,Adam Webster
season,DC,15,0,8,1146,0.4553392454981804,0,0.21061718463897705,5,2023,Brighton,1,0,0,0.4553392454981804,6.527007706463337,6.405847318470478,7699,Adam Webster
season,DC,27,0,18,2000,1.5340027026832104,0,0.5189482178539038,6,2022,Brighton,2,0,0,1.5340027026832104,9.7150968182832,9.189998405054212,7699,Adam Webster
season,DR,22,2,8,1419,1.486678946763277,0,0.03690589964389801,1,2021,Brighton,5,0,2,1.486678946763277,3.169359415769577,3.152342416346073,7699,Adam Webster
season,DC,29,1,25,2596,1.2729560993611813,0,0.2532154992222786,5,2020,Brighton,4,0,1,1.2729560993611813,7.724679803475738,7.582416407763958,7699,Adam Webster
season,DC,31,3,16,2668,1.5777925020083785,1,1.0943772848695517,10,2019,Brighton,4,0,3,1.5777925020083785,6.390758313238621,6.152599917724729,7699,Adam Webster
