group_type,position,games,goals,shots,time,xG,assists,xA,key_passes,season,team,yellow,red,npg,npxG,xGChain,xGBuildup,player_id,player_name
season,Sub,14,1,11,717,1.6479991897940636,0,0.48143719509243965,11,2020,Udinese,2,0,1,1.6479991897940636,2.7995018251240253,1.1872428599745035,1728,Fernando Llorente
season,Sub,3,0,2,45,0.2254229038953781,0,0.09443429857492447,1,2020,Napoli,0,0,0,0.2254229038953781,0.6083269864320755,0.37942299246788025,1728,Fernando Llorente
season,Sub,17,3,33,476,4.708135128952563,1,1.103618181310594,10,2019,Napoli,1,0,3,4.708135128952563,5.939205473288894,1.3550268970429897,1728,Fernando Llorente
season,Sub,20,1,24,674,3.4991899505257607,4,2.0117372050881386,14,2018,Tottenham,2,0,1,3.4991899505257607,4.548186408355832,0.34447549283504486,1728,Fernando Llorente
season,Sub,16,1,6,206,1.165848270058632,0,0.1289990022778511,4,2017,Tottenham,1,0,1,1.165848270058632,1.8205657824873924,0.9682342037558556,1728,Fernando Llorente
season,FW,33,15,51,2462,8.028607591986656,1,2.090565759688616,26,2016,Swansea,2,0,15,8.028607591986656,8.600849602371454,2.9600224662572145,1728,Fernando Llorente
season,FW,23,4,29,1161,5.583077475428581,3,2.2316383440047503,17,2015,Sevilla,4,0,4,5.583077475428581,6.7038410902023315,0.8148483820259571,1728,Fernando Llorente
season,Sub,1,0,0,11,0,0,0,0,2015,Juventus,0,0,0,0,0,0,1728,Fernando Llorente
season,Sub,31,7,49,1969,7.351268015801907,1,1.1787968082353473,23,2014,Juventus,0,0,7,7.351268015801907,11.054901625961065,5.162522615864873,1728,Fernando Llorente
