group_type,position,games,goals,shots,time,xG,assists,xA,key_passes,season,team,yellow,red,npg,npxG,xGChain,xGBuildup,player_id,player_name
season,DL,32,1,20,2534,1.8860962446779013,4,4.541678033769131,39,2025,Chelsea,7,1,1,1.8860962446779013,15.007614135742188,11.851929046213627,7134,Marc Cucurella
season,DL,36,5,24,3006,3.1616971623152494,1,1.8079495672136545,19,2024,Chelsea,8,1,5,3.1616971623152494,15.487519605085254,12.07672212831676,7134,Marc Cucurella
season,DR,21,0,8,1788,1.4538506548851728,2,1.254556130617857,19,2023,Chelsea,10,0,0,1.4538506548851728,12.102387934923172,10.091670595109463,7134,Marc Cucurella
season,Sub,24,0,7,1682,0.3548601996153593,2,1.018142694607377,11,2022,Chelsea,4,0,0,0.3548601996153593,7.76440688315779,7.2557747745886445,7134,Marc Cucurella
season,ML,35,1,18,3102,0.7293017916381359,1,2.871598906815052,42,2021,Brighton,6,0,1,0.7293017916381359,11.111791513860226,9.069734355434775,7134,Marc Cucurella
season,Sub,1,0,1,18,0.144554004073143,0,0.06620500236749649,1,2021,Getafe,0,0,0,0.144554004073143,0.24645200371742249,0.10189799964427948,7134,Marc Cucurella
season,ML,37,3,25,3255,2.204234382137656,2,3.6014319956302643,40,2020,Getafe,8,0,3,2.204234382137656,9.51705271564424,5.000348560512066,7134,Marc Cucurella
season,ML,37,1,30,3279,2.1849815733730793,5,4.696626329794526,52,2019,Getafe,9,0,1,2.1849815733730793,12.069089180789888,7.761200199835002,7134,Marc Cucurella
season,DL,31,1,22,2351,2.3227227330207825,2,4.253994854167104,31,2018,Eibar,6,0,1,2.3227227330207825,11.47733375057578,5.957838572561741,7134,Marc Cucurella
