group_type,position,games,goals,shots,time,xG,assists,xA,key_passes,season,team,yellow,red,npg,npxG,xGChain,xGBuildup,player_id,player_name
season,DL,26,0,24,1931,0.8310518963262439,7,4.718963000923395,37,2017,West Bromwich Albion,5,0,0,0.8310518963262439,3.605649607256055,2.6764560090377927,904,Chris Brunt
season,DML,31,3,38,2478,1.5911602908745408,4,4.866877308115363,40,2016,West Bromwich Albion,5,0,3,1.5911602908745408,6.070449275895953,3.5755154686048627,904,Chris Brunt
season,DL,22,0,18,1802,0.6611344888806343,3,2.363816289231181,21,2015,West Bromwich Albion,7,0,0,0.6611344888806343,2.2422037860378623,1.7052833708003163,904,Chris Brunt
season,ML,34,2,33,2901,2.0603699232451618,10,5.361505056731403,50,2014,West Bromwich Albion,5,0,2,2.0603699232451618,6.671324193477631,4.853268834762275,904,Chris Brunt
