group_type,position,games,goals,shots,time,xG,assists,xA,key_passes,season,team,yellow,red,npg,npxG,xGChain,xGBuildup,player_id,player_name
season,DC,11,0,4,921,0.14953344967216253,0,0.017669400200247765,2,2014,Reims,3,0,0,0.14953344967216253,1.1626005293801427,1.144747607409954,4530,Valentin Roberge
season,DC,1,0,1,90,0.28255900740623474,0,0,0,2014,Sunderland,1,0,0,0.28255900740623474,0,0,4530,Valentin Roberge
