group_type,position,games,goals,shots,time,xG,assists,xA,key_passes,season,team,yellow,red,npg,npxG,xGChain,xGBuildup,player_id,player_name
season,Sub,11,0,1,285,0.046768199652433395,0,0.0779011994600296,1,2021,Hoffenheim,1,0,0,0.046768199652433395,0.6056899018585682,0.5277887023985386,202,Håvard Nordtveit
season,DC,12,0,3,688,0.11709379963576794,0,0.8619145005941391,4,2020,Hoffenheim,1,0,0,0.11709379963576794,1.7064531110227108,1.553563203662634,202,Håvard Nordtveit
season,Sub,11,0,2,693,0.4436519145965576,1,0.35481399297714233,1,2019,Hoffenheim,2,0,0,0.4436519145965576,0.9511508904397488,0.5963368974626064,202,Håvard Nordtveit
season,Sub,8,0,4,453,0.23192029632627964,0,0.037205999717116356,2,2018,Hoffenheim,2,0,0,0.23192029632627964,2.3426115699112415,2.286393664777279,202,Håvard Nordtveit
season,DC,5,0,0,361,0,1,0.1195162981748581,3,2018,Fulham,0,0,0,0,0.7121488973498344,0.6134674996137619,202,Håvard Nordtveit
season,DC,15,0,6,958,0.4265579991042614,0,0.06058580055832863,1,2017,Hoffenheim,0,0,0,0.4265579991042614,1.6524912007153034,1.48777549341321,202,Håvard Nordtveit
season,MC,16,0,7,955,0.1332853026688099,1,0.7496677190065384,4,2016,West Ham,2,0,0,0.1332853026688099,1.644134528003633,0.8764191921800375,202,Håvard Nordtveit
season,MC,31,4,23,2449,0.9974622912704945,1,1.0939753893762827,9,2015,Borussia M.Gladbach,4,0,4,0.9974622912704945,9.050729124806821,8.415499213151634,202,Håvard Nordtveit
season,MC,22,2,12,891,1.1135913971811533,0,0.46458388306200504,5,2014,Borussia M.Gladbach,2,1,2,1.1135913971811533,1.8303668051958084,1.5911328867077827,202,Håvard Nordtveit
