group_type,position,games,goals,shots,time,xG,assists,xA,key_passes,season,team,yellow,red,npg,npxG,xGChain,xGBuildup,player_id,player_name
season,DC,15,1,4,1350,0.5482884962111712,0,0.017612800002098083,1,2020,Crystal Palace,1,0,1,0.5482884962111712,1.1852098880335689,1.1675978926941752,512,Scott Dann
season,DC,16,0,8,1263,0.4702076017856598,1,0.3574711913242936,5,2019,Crystal Palace,0,0,0,0.4702076017856598,1.343575776554644,1.2433208730071783,512,Scott Dann
season,Sub,10,0,6,658,0.2003950085490942,1,1.1556199789047241,2,2018,Crystal Palace,1,0,0,0.2003950085490942,0.6440684851258993,0.6440684851258993,512,Scott Dann
season,DC,17,1,19,1435,2.433366016484797,0,0.2180560976266861,5,2017,Crystal Palace,4,0,1,2.433366016484797,2.519523113965988,1.891201488673687,512,Scott Dann
season,DC,23,3,21,1746,1.3930323915556073,1,0.915567122399807,6,2016,Crystal Palace,2,0,3,1.3930323915556073,2.083009421825409,2.0511964187026024,512,Scott Dann
season,DC,35,5,29,3150,2.5363450115546584,1,0.6297998037189245,10,2015,Crystal Palace,7,0,5,2.5363450115546584,1.961611857637763,1.7568398602306843,512,Scott Dann
season,DC,34,2,19,2926,1.2500941026955843,3,3.085112163797021,13,2014,Crystal Palace,6,0,2,1.2500941026955843,3.4818167071789503,2.9505431074649096,512,Scott Dann
