group_type,position,games,goals,shots,time,xG,assists,xA,key_passes,season,team,yellow,red,npg,npxG,xGChain,xGBuildup,player_id,player_name
season,Sub,30,3,25,2475,4.030840836465359,5,2.5891424333676696,28,2025,Arsenal,5,0,3,4.030840836465359,11.438589019700885,8.65939543582499,11707,Jurriën Timber
season,Sub,30,1,14,2443,1.3132512997835875,3,1.1326866932213306,17,2024,Arsenal,7,0,1,1.3132512997835875,10.589375596493483,9.367386754602194,11707,Jurriën Timber
season,DL,2,0,0,70,0,0,0,0,2023,Arsenal,2,0,0,0,0.2789519429206848,0.2789519429206848,11707,Jurriën Timber
