group_type,position,games,goals,shots,time,xG,assists,xA,key_passes,season,team,yellow,red,npg,npxG,xGChain,xGBuildup,player_id,player_name
season,Sub,6,0,0,157,0,0,0,0,2017,Stoke,1,0,0,0,0.04612720012664795,0.04612720012664795,864,Ibrahim Afellay
season,AMR,12,0,6,363,0.6516735907644033,0,0.32635998725891113,1,2016,Stoke,0,0,0,0.6516735907644033,1.3029332906007767,0.9591432958841324,864,Ibrahim Afellay
season,AML,31,2,39,2105,2.3782680314034224,2,2.0416691973805428,21,2015,Stoke,3,1,2,2.3782680314034224,9.911402089521289,6.512232810258865,864,Ibrahim Afellay
