group_type,position,games,goals,shots,time,xG,assists,xA,key_passes,season,team,yellow,red,npg,npxG,xGChain,xGBuildup,player_id,player_name
season,Sub,26,0,10,1127,1.945375993847847,0,0.6883775070309639,8,2025,Chelsea,4,0,0,1.945375993847847,5.714855410158634,4.395013879984617,11808,Andrey Santos
season,MC,32,10,45,2861,6.474336503073573,3,3.321616545319557,27,2024,Strasbourg,8,0,10,6.474336503073573,16.746761897578835,11.464045824483037,11808,Andrey Santos
season,Sub,11,1,12,826,1.013881241902709,0,0.5879655871540308,6,2023,Strasbourg,3,0,1,1.013881241902709,2.8653457099571824,1.6060519479215145,11808,Andrey Santos
season,Sub,1,0,2,3,0.07211316376924515,0,0,0,2023,Nottingham Forest,0,0,0,0.07211316376924515,0.027800722047686577,0.027800722047686577,11808,Andrey Santos
