group_type,position,games,goals,shots,time,xG,assists,xA,key_passes,season,team,yellow,red,npg,npxG,xGChain,xGBuildup,player_id,player_name
season,FW,18,4,13,258,5.140920139849186,0,0.052684053778648376,1,2025,Girona,4,0,1,2.1678096130490303,2.505075082182884,0.5094254016876221,1709,Cristhian Stuani
season,Sub,32,11,34,998,8.713445205241442,2,0.42860953137278557,7,2024,Girona,4,0,8,6.48361237719655,5.798142310231924,0.6325159445405006,1709,Cristhian Stuani
season,FW,31,9,34,694,11.261974029242992,3,2.2404822162352502,10,2023,Girona,6,0,9,11.261974029242992,11.822853227611631,0.31514744088053703,1709,Cristhian Stuani
season,Sub,32,9,35,1040,9.90645307675004,0,1.2468140870332718,8,2022,Girona,8,0,4,5.446792509406805,5.696666756644845,1.2228918503969908,1709,Cristhian Stuani
season,FW,32,19,79,2736,14.402691129595041,0,0.6400154028087854,14,2018,Girona,9,0,14,10.686555173248053,12.93404221907258,4.393612263724208,1709,Cristhian Stuani
season,FW,33,21,73,2728,18.785554103553295,0,0.957874481100589,12,2017,Girona,8,0,16,15.069159049540758,11.786210827063769,1.4602142125368118,1709,Cristhian Stuani
season,AMR,23,4,21,1369,2.8069687839597464,0,0.5279853157699108,7,2016,Middlesbrough,4,0,4,2.8069687839597464,3.4125292748212814,0.5970664005726576,1709,Cristhian Stuani
season,Sub,37,12,45,1739,10.008840000256896,0,0.8513315953314304,8,2014,Espanyol,4,1,10,8.52228500507772,8.995407146401703,0.6806013053283095,1709,Cristhian Stuani
