group_type,position,games,goals,shots,time,xG,assists,xA,key_passes,season,team,yellow,red,npg,npxG,xGChain,xGBuildup,player_id,player_name
season,DC,20,0,3,1503,0.16716579720377922,0,0.24789969995617867,4,2019,Watford,4,1,0,0.16716579720377922,2.8531534364446998,2.560185791924596,524,Adrian Mariappa
season,Sub,26,0,7,1921,1.3865475971251726,0,0.6989381145685911,5,2018,Watford,3,0,0,1.3865475971251726,3.518388135358691,3.4127970337867737,524,Adrian Mariappa
season,DC,28,0,10,2208,0.615952898748219,0,0.1439169980585575,4,2017,Watford,4,0,0,0.615952898748219,1.8902223883196712,1.7313851891085505,524,Adrian Mariappa
season,DC,7,0,2,556,0.1235710009932518,0,0.08424559980630875,1,2016,Watford,0,0,0,0.1235710009932518,0.46640479750931263,0.46640479750931263,524,Adrian Mariappa
season,DC,3,0,0,256,0,0,0,0,2015,Crystal Palace,0,0,0,0,0.06190128065645695,0.06190128065645695,524,Adrian Mariappa
season,DR,12,0,0,838,0,0,0.06439589988440275,3,2014,Crystal Palace,3,0,0,0,0.908168213441968,0.8679077122360468,524,Adrian Mariappa
