group_type,position,games,goals,shots,time,xG,assists,xA,key_passes,season,team,yellow,red,npg,npxG,xGChain,xGBuildup,player_id,player_name
season,GK,25,0,0,2208,0,0,0,0,2022,Tottenham,0,0,0,0,4.2372625302523375,4.2372625302523375,637,Hugo Lloris
season,GK,38,0,0,3420,0,0,0.20632450468838215,2,2021,Tottenham,2,0,0,0,5.441953940317035,5.235629942268133,637,Hugo Lloris
season,GK,38,0,0,3420,0,0,0,0,2020,Tottenham,0,0,0,0,4.801014944911003,4.801014944911003,637,Hugo Lloris
season,GK,21,0,0,1808,0,0,0,0,2019,Tottenham,0,0,0,0,0.612897090613842,0.612897090613842,637,Hugo Lloris
season,GK,33,0,0,2970,0,0,0,0,2018,Tottenham,0,0,0,0,3.588096484541893,3.588096484541893,637,Hugo Lloris
season,GK,36,0,0,3240,0,0,0,0,2017,Tottenham,1,0,0,0,5.4442362347617745,5.4442362347617745,637,Hugo Lloris
season,GK,34,0,0,3004,0,0,0.04464470036327839,2,2016,Tottenham,0,0,0,0,4.160326458513737,4.11568146198988,637,Hugo Lloris
season,GK,37,0,0,3330,0,0,0.023719999939203262,1,2015,Tottenham,0,0,0,0,4.43877761438489,4.415057618170977,637,Hugo Lloris
season,GK,35,0,0,3063,0,0,0,0,2014,Tottenham,0,0,0,0,3.1405903473496437,3.1405903473496437,637,Hugo Lloris
