group_type,position,games,goals,shots,time,xG,assists,xA,key_passes,season,team,yellow,red,npg,npxG,xGChain,xGBuildup,player_id,player_name
season,Sub,13,0,7,439,0.3654052410274744,0,0.013936278410255909,1,2024,Crystal Palace,1,0,0,0.3654052410274744,3.558414466679096,3.2809753883630037,8666,Cheick Oumar Doucoure
season,DMC,11,0,6,926,0.1988849276676774,0,0.7361565185710788,10,2023,Crystal Palace,2,0,0,0.1988849276676774,3.296035975217819,2.666292503476143,8666,Cheick Oumar Doucoure
season,DMC,34,0,36,2825,0.9975933516398072,3,2.030144080519676,26,2022,Crystal Palace,8,1,0,0.9975933516398072,8.899869498796761,7.7755043944343925,8666,Cheick Oumar Doucoure
season,MC,34,1,31,2956,1.1572474595159292,4,3.5794383669272065,42,2021,Lens,7,1,1,1.1572474595159292,15.85923034697771,12.209588970988989,8666,Cheick Oumar Doucoure
season,MC,33,2,35,2643,1.0969556868076324,1,1.1435866877436638,26,2020,Lens,8,0,2,1.0969556868076324,13.023362454026937,11.366766106337309,8666,Cheick Oumar Doucoure
