group_type,position,games,goals,shots,time,xG,assists,xA,key_passes,season,team,yellow,red,npg,npxG,xGChain,xGBuildup,player_id,player_name
season,Sub,2,0,2,37,0.07745239697396755,0,0,0,2025,Girona,0,0,0,0.07745239697396755,0.37449878454208374,0.29704639315605164,8821,Donny van de Beek
season,Sub,26,2,18,1435,1.390021063387394,2,3.203115929849446,18,2024,Girona,5,0,2,1.390021063387394,6.711185414344072,4.529698332771659,8821,Donny van de Beek
season,FWL,8,0,1,360,0.08100832998752594,0,0.626002736389637,3,2023,Eintracht Frankfurt,1,0,0,0.08100832998752594,0.9746963763609529,0.9354151235893369,8821,Donny van de Beek
season,Sub,1,0,1,1,0.03228488191962242,0,0.06568886339664459,1,2023,Manchester United,0,0,0,0.03228488191962242,0.09797374159097672,0,8821,Donny van de Beek
season,Sub,7,0,2,157,0.08036869764328003,0,0.12883769907057285,3,2022,Manchester United,0,0,0,0.08036869764328003,1.0236492864787579,0.8748480901122093,8821,Donny van de Beek
season,Sub,7,1,5,486,0.7697277897968888,0,0.04414399899542332,2,2021,Everton,1,0,1,0.7697277897968888,1.2804226847365499,0.48592930287122726,8821,Donny van de Beek
season,Sub,8,1,2,59,0.7412804961204529,0,0.39338698983192444,3,2021,Manchester United,0,0,1,0.7412804961204529,1.6354594826698303,0.555413007736206,8821,Donny van de Beek
season,Sub,19,1,2,486,0.29472880251705647,1,1.0433878228068352,3,2020,Manchester United,1,0,1,0.29472880251705647,3.546600326895714,2.208483774214983,8821,Donny van de Beek
