group_type,position,games,goals,shots,time,xG,assists,xA,key_passes,season,team,yellow,red,npg,npxG,xGChain,xGBuildup,player_id,player_name
season,DMC,14,4,39,1197,4.7391731813549995,2,2.4945617243647575,24,2021,FC Krasnodar,0,2,1,1.7220737487077713,8.330609276890755,5.457811673171818,2414,Grzegorz Krychowiak
season,MC,1,0,2,90,0.38096800446510315,1,0.6487230062484741,4,2021,Lokomotiv Moscow,0,0,0,0.38096800446510315,0.46009600162506104,0.05852799862623215,2414,Grzegorz Krychowiak
season,DMC,26,9,63,2263,5.416870939545333,3,3.2384048011153936,23,2020,Lokomotiv Moscow,7,1,8,4.662593918852508,14.046895019710064,8.22381566092372,2414,Grzegorz Krychowiak
season,DMC,26,9,76,2279,6.800335600040853,2,1.855442188680172,16,2019,Lokomotiv Moscow,9,0,9,6.800335600040853,13.698826776817441,7.647076712921262,2414,Grzegorz Krychowiak
season,DMC,27,2,48,2406,4.115376722998917,2,0.7917049918323755,15,2018,Lokomotiv Moscow,6,1,2,4.115376722998917,8.450986800715327,6.557744187302887,2414,Grzegorz Krychowiak
season,DMC,27,0,15,1644,0.46558237727731466,2,1.7196662784554064,13,2017,West Bromwich Albion,2,0,0,0.46558237727731466,3.614704802632332,1.9804867003113031,2414,Grzegorz Krychowiak
season,Sub,11,0,5,658,0.47588060051202774,0,0.12131619639694691,3,2016,Paris Saint Germain,2,0,0,0.47588060051202774,4.252388263121247,3.8397692535072565,2414,Grzegorz Krychowiak
season,DC,26,0,20,2269,1.586793715134263,0,0.21030119806528091,6,2015,Sevilla,6,0,0,1.586793715134263,8.163910476490855,7.8088270500302315,2414,Grzegorz Krychowiak
season,DMC,32,2,34,2718,2.0900038918480277,1,1.0514321196824312,5,2014,Sevilla,13,1,2,2.0900038918480277,9.005105949938297,8.390255277976394,2414,Grzegorz Krychowiak
