group_type,position,games,goals,shots,time,xG,assists,xA,key_passes,season,team,yellow,red,npg,npxG,xGChain,xGBuildup,player_id,player_name
season,Sub,20,3,22,918,2.7301170863211155,0,0.8985748086124659,8,2018,Burnley,0,0,3,2.7301170863211155,1.624670173972845,0.2980603985488415,1661,Sam Vokes
season,FW,29,4,30,953,3.0060578919947147,1,1.1516355201601982,9,2017,Burnley,3,0,4,3.0060578919947147,2.2015501018613577,0.07625439949333668,1661,Sam Vokes
season,FW,37,10,57,2030,8.347450690343976,3,1.5290202079340816,15,2016,Burnley,0,0,8,6.825112214311957,7.930247075855732,1.693968071602285,1661,Sam Vokes
season,Sub,15,0,17,557,1.4532243087887764,0,0.15245828218758106,5,2014,Burnley,0,0,0,1.4532243087887764,1.571888916194439,0.512553583830595,1661,Sam Vokes
