group_type,position,games,goals,shots,time,xG,assists,xA,key_passes,season,team,yellow,red,npg,npxG,xGChain,xGBuildup,player_id,player_name
season,DC,2,0,1,67,0.03138919919729233,0,0,0,2022,Liverpool,0,0,0,0.03138919919729233,0.38563498854637146,0.38563498854637146,8228,Nathaniel Phillips
season,DC,17,1,15,1451,1.0277080088853836,1,0.916556591168046,7,2020,Liverpool,2,0,1,1.0277080088853836,4.325661094859242,4.1560654025524855,8228,Nathaniel Phillips
