group_type,position,games,goals,shots,time,xG,assists,xA,key_passes,season,team,yellow,red,npg,npxG,xGChain,xGBuildup,player_id,player_name
season,Sub,21,0,2,1830,0.08532999828457832,2,1.5226872907951474,13,2017,Everton,2,0,0,0.08532999828457832,4.137885705567896,3.4761389419436455,832,Cuco Martina
season,Sub,9,0,1,595,0.03454339876770973,0,0.22358029708266258,5,2016,Southampton,0,0,0,0.03454339876770973,1.1436997018754482,0.9092466998845339,832,Cuco Martina
season,Sub,15,1,3,1076,0.11175310425460339,1,1.3458772003650665,12,2015,Southampton,1,0,1,0.11175310425460339,4.38199639134109,3.5813585072755814,832,Cuco Martina
