group_type,position,games,goals,shots,time,xG,assists,xA,key_passes,season,team,yellow,red,npg,npxG,xGChain,xGBuildup,player_id,player_name
season,DL,15,0,8,881,0.4449732881039381,2,1.5047449823468924,10,2025,Manchester City,2,0,0,0.4449732881039381,6.996271787211299,6.434507254511118,6674,Rayan Ait Nouri
season,DL,37,4,36,3180,3.612480252981186,7,5.460978699848056,46,2024,Wolverhampton Wanderers,6,0,4,3.612480252981186,13.966621531173587,7.902021802961826,6674,Rayan Ait Nouri
season,DL,33,2,23,2391,3.2441271310672164,1,2.3514519911259413,25,2023,Wolverhampton Wanderers,7,0,2,3.2441271310672164,10.710126422345638,6.927929415367544,6674,Rayan Ait Nouri
season,DL,21,1,10,1056,1.129896778613329,0,0.7609243048354983,7,2022,Wolverhampton Wanderers,4,0,1,1.129896778613329,3.1984555199742317,2.0771548449993134,6674,Rayan Ait Nouri
season,Sub,23,1,13,1820,0.5460651963949203,2,1.6456159921362996,17,2021,Wolverhampton Wanderers,4,0,1,0.5460651963949203,4.461308920755982,3.4812748907133937,6674,Rayan Ait Nouri
season,DML,21,1,16,1414,0.5121663315221667,1,0.7904388774186373,14,2020,Wolverhampton Wanderers,1,0,1,0.5121663315221667,2.7287225760519505,2.28505318518728,6674,Rayan Ait Nouri
season,Sub,3,0,1,190,0.06650059670209885,1,0.20974700152873993,5,2020,Angers,0,0,0,0.06650059670209885,0.7989659905433655,0.6137169897556305,6674,Rayan Ait Nouri
season,DL,17,0,4,1293,0.23776140436530113,2,0.6413340838626027,9,2019,Angers,3,0,0,0.23776140436530113,3.6489606397226453,3.3517398489639163,6674,Rayan Ait Nouri
season,Sub,3,0,0,50,0,0,0,0,2018,Angers,1,0,0,0,0.14331000298261642,0.14331000298261642,6674,Rayan Ait Nouri
