group_type,position,games,goals,shots,time,xG,assists,xA,key_passes,season,team,yellow,red,npg,npxG,xGChain,xGBuildup,player_id,player_name
season,FW,35,12,73,2728,15.235105811618268,2,2.778455562889576,22,2025,Aston Villa,3,0,12,15.235105811618268,19.5855449475348,3.6537968134507537,8865,Ollie Watkins
season,FW,38,16,84,2666,18.632458329200745,8,3.87640418484807,25,2024,Aston Villa,2,0,14,17.11012053489685,18.900541841983795,3.2909299470484257,8865,Ollie Watkins
season,FW,37,19,106,3250,19.26459836959839,13,7.745744535699487,45,2023,Aston Villa,4,0,19,19.26459836959839,29.229417741298676,5.899641819298267,8865,Ollie Watkins
season,Sub,37,15,85,3150,17.486295863986015,6,3.6740340031683445,30,2022,Aston Villa,4,0,14,15.963956996798515,22.162564158439636,5.435315723530948,8865,Ollie Watkins
season,Sub,35,11,77,2970,11.498160604387522,2,2.997610133141279,35,2021,Aston Villa,7,0,10,10.736988637596369,17.148511039093137,5.538892895914614,8865,Ollie Watkins
season,FW,37,14,98,3330,16.280176680535078,5,5.314029790461063,45,2020,Aston Villa,2,1,13,14.75783659145236,22.014022789895535,5.334985261783004,8865,Ollie Watkins
