group_type,position,games,goals,shots,time,xG,assists,xA,key_passes,season,team,yellow,red,npg,npxG,xGChain,xGBuildup,player_id,player_name
season,Sub,18,2,18,484,1.4982538828626275,1,1.072214774787426,8,2018,Liverpool,1,0,2,1.4982538828626275,4.198271206580102,2.537230044603348,483,Daniel Sturridge
season,FW,9,2,21,428,2.539037063717842,1,0.8414889993146062,13,2017,Liverpool,0,0,2,2.539037063717842,3.4076597094535828,0.3862705333158374,483,Daniel Sturridge
season,FW,6,0,3,111,0.11648689582943916,0,0.04456290137022734,2,2017,West Bromwich Albion,0,0,0,0.11648689582943916,0.16104969754815102,0,483,Daniel Sturridge
season,FW,20,3,40,757,4.347297552973032,1,1.6363770924508572,14,2016,Liverpool,1,0,3,4.347297552973032,7.814842473715544,3.2096377797424793,483,Daniel Sturridge
season,FW,14,8,48,981,5.741582944989204,1,0.5159462941810489,7,2015,Liverpool,0,0,8,5.741582944989204,7.218583904206753,1.6658330988138914,483,Daniel Sturridge
season,FW,12,4,39,747,4.518865872174501,1,1.5182954035699368,11,2014,Liverpool,0,0,4,4.518865872174501,7.007462449371815,1.7853876780718565,483,Daniel Sturridge
