group_type,position,games,goals,shots,time,xG,assists,xA,key_passes,season,team,yellow,red,npg,npxG,xGChain,xGBuildup,player_id,player_name
season,MC,36,2,24,3143,2.1208087652921677,6,2.568119958974421,31,2017,Stoke,8,0,2,2.1208087652921677,7.9558967016637325,4.571831592358649,480,Joe Allen
season,Sub,36,6,40,2942,5.681928737089038,2,4.653242416679859,28,2016,Stoke,9,0,6,5.681928737089038,13.03703667782247,6.203425923362374,480,Joe Allen
season,MC,19,2,12,720,1.3847471065819263,1,1.3596460912376642,12,2015,Liverpool,0,0,2,1.3847471065819263,3.9975115405395627,2.387468340806663,480,Joe Allen
season,Sub,21,1,12,1477,0.7004709076136351,0,0.5434271022677422,15,2014,Liverpool,3,0,1,0.7004709076136351,3.109191870316863,2.211215579882264,480,Joe Allen
