group_type,position,games,goals,shots,time,xG,assists,xA,key_passes,season,team,yellow,red,npg,npxG,xGChain,xGBuildup,player_id,player_name
season,DC,2,0,0,94,0,0,0,0,2017,Crystal Palace,0,0,0,0,0,0,511,Damien Delaney
season,DC,30,0,5,1999,0.21442625764757395,2,1.6946072950959206,6,2016,Crystal Palace,8,0,0,0.21442625764757395,1.6368580721318722,1.1091085858643055,511,Damien Delaney
season,DC,32,2,21,2880,1.834194477647543,3,2.6911376118659973,10,2015,Crystal Palace,2,0,2,1.834194477647543,3.014546509832144,1.73640001937747,511,Damien Delaney
season,Sub,29,0,13,2430,0.7433970961719751,0,0.7396336989477277,8,2014,Crystal Palace,6,1,0,0.7433970961719751,2.1144097167998552,1.757927181199193,511,Damien Delaney
