group_type,position,games,goals,shots,time,xG,assists,xA,key_passes,season,team,yellow,red,npg,npxG,xGChain,xGBuildup,player_id,player_name
season,DL,2,0,1,108,0.043996501713991165,0,0,0,2019,Mallorca,1,0,0,0.043996501713991165,0.14397099614143372,0.09997480362653732,684,Abdul Rahman Baba
season,DL,11,1,5,967,0.2015239018946886,1,0.7591946050524712,4,2018,Reims,3,0,1,0.2015239018946886,2.955493161454797,2.1463095787912607,684,Abdul Rahman Baba
season,DML,2,0,2,166,0.031676698476076126,0,0.17781569808721542,3,2018,Schalke 04,0,0,0,0.031676698476076126,0.33626000583171844,0.15844420343637466,684,Abdul Rahman Baba
season,Sub,1,0,0,32,0,0,0,0,2017,Schalke 04,0,0,0,0,0.037141598761081696,0.037141598761081696,684,Abdul Rahman Baba
season,Sub,13,0,6,702,0.29893720243126154,2,0.6842750906944275,8,2016,Schalke 04,2,0,0,0.29893720243126154,1.7614300101995468,1.2667326675727963,684,Abdul Rahman Baba
season,DL,15,0,6,1018,0.3791146036237478,1,0.17924139648675919,3,2015,Chelsea,1,0,0,0.3791146036237478,3.869668923318386,3.490554090589285,684,Abdul Rahman Baba
season,DL,31,0,7,2668,0.2937984922900796,4,3.304870368912816,24,2014,Augsburg,4,0,0,0.2937984922900796,8.184046171605587,6.006317600607872,684,Abdul Rahman Baba
