group_type,position,games,goals,shots,time,xG,assists,xA,key_passes,season,team,yellow,red,npg,npxG,xGChain,xGBuildup,player_id,player_name
season,DMC,25,1,16,1935,1.364056725986302,1,1.4177412083372474,17,2017,West Bromwich Albion,4,0,1,1.364056725986302,4.193312969990075,3.327081708237529,590,Gareth Barry
season,MC,33,2,17,2109,0.861535887233913,1,1.3470333004370332,28,2016,Everton,10,0,2,0.861535887233913,7.23050538636744,6.2938356176018715,590,Gareth Barry
season,DMC,33,0,15,2840,1.2188139986246824,1,2.900790685787797,34,2015,Everton,5,1,0,1.2188139986246824,14.019369807094336,11.21757548302412,590,Gareth Barry
season,DMC,33,0,16,2832,1.359760402701795,2,1.6736177988350391,16,2014,Everton,10,1,0,1.359760402701795,7.333154417574406,6.384345341473818,590,Gareth Barry
