group_type,position,games,goals,shots,time,xG,assists,xA,key_passes,season,team,yellow,red,npg,npxG,xGChain,xGBuildup,player_id,player_name
season,FWR,17,0,12,459,0.7434434629976749,0,0.4895355738699436,9,2025,Leeds,0,0,0,0.7434434629976749,1.4947674833238125,0.29825062304735184,5595,Daniel James
season,Sub,20,2,13,585,1.9874539971351624,1,1.1182761266827583,7,2022,Fulham,0,0,2,1.9874539971351624,3.8083703704178333,1.362296812236309,5595,Daniel James
season,Sub,4,0,3,205,0.12997879832983017,0,0.4716019928455353,1,2022,Leeds,0,0,0,0.12997879832983017,0.7652983218431473,0.16371800005435944,5595,Daniel James
season,Sub,32,4,50,2386,7.449835479259491,4,3.7460228577256203,25,2021,Leeds,7,1,4,7.449835479259491,11.98939761519432,1.2580958139151335,5595,Daniel James
season,AMR,2,0,4,130,0.2607726939022541,0,0.5321792867034674,2,2021,Manchester United,0,0,0,0.2607726939022541,0.3190059959888458,0.11984100192785263,5595,Daniel James
season,AMR,15,3,17,920,2.3124233819544315,1,1.3286128789186478,10,2020,Manchester United,3,0,3,2.3124233819544315,5.241102613508701,2.144381510093808,5595,Daniel James
season,Sub,33,3,42,2291,3.603131204843521,6,4.264182991348207,26,2019,Manchester United,4,0,3,3.603131204843521,11.158981505781412,5.398975040763617,5595,Daniel James
