group_type,position,games,goals,shots,time,xG,assists,xA,key_passes,season,team,yellow,red,npg,npxG,xGChain,xGBuildup,player_id,player_name
season,DC,12,0,4,1080,0.28809939697384834,2,0.6742797177284956,3,2025,Paris FC,1,0,0,0.28809939697384834,3.0138200810179114,2.6962546398863196,10169,Diego Coppola
season,Sub,5,0,0,192,0,0,0,0,2025,Brighton,2,0,0,0,0.4860989674925804,0.4860989674925804,10169,Diego Coppola
season,DC,34,2,10,2928,1.3077915208414197,0,0.09275455120950937,3,2024,Verona,10,0,2,1.3077915208414197,3.875566763803363,3.8420231472700834,10169,Diego Coppola
season,DC,24,2,13,1639,1.7048195209354162,0,0.19921759143471718,4,2023,Verona,9,0,2,1.7048195209354162,1.786657601594925,1.6403288803994656,10169,Diego Coppola
season,DC,19,0,3,1154,0.2697019949555397,0,0,0,2022,Verona,5,0,0,0.2697019949555397,1.550330376252532,1.449889374896884,10169,Diego Coppola
season,Sub,4,0,1,247,0.11560499668121338,0,0,0,2021,Verona,0,0,0,0.11560499668121338,0.7128623891621828,0.7128623891621828,10169,Diego Coppola
