group_type,position,games,goals,shots,time,xG,assists,xA,key_passes,season,team,yellow,red,npg,npxG,xGChain,xGBuildup,player_id,player_name
season,Sub,16,1,10,744,0.5720022153109312,0,0.45512202847748995,5,2025,Napoli,1,0,1,0.5720022153109312,4.0890909768640995,3.283894620835781,7988,Billy Gilmour
season,Sub,26,0,9,1161,0.6270224712789059,1,1.503951701335609,21,2024,Napoli,0,0,0,0.6270224712789059,8.001585158519447,6.564580678939819,7988,Billy Gilmour
season,Sub,2,0,1,94,0.08454305678606033,0,0,0,2024,Brighton,0,0,0,0.08454305678606033,1.1755258962512016,1.1755258962512016,7988,Billy Gilmour
season,Sub,30,0,25,2154,0.7286842339672148,1,2.0903379926458,22,2023,Brighton,8,1,0,0.7286842339672148,17.74679738096893,16.257044926285744,7988,Billy Gilmour
season,Sub,14,0,6,515,0.36443206667900085,1,0.36179889738559723,2,2022,Brighton,1,0,0,0.36443206667900085,4.023554973304272,3.3371060229837894,7988,Billy Gilmour
season,MC,24,0,18,1864,0.8399608237668872,1,1.0502577098086476,25,2021,Norwich,2,0,0,0.8399608237668872,4.431802229955792,3.5529233319684863,7988,Billy Gilmour
season,Sub,5,0,1,256,0.051134299486875534,0,0.1236583013087511,3,2020,Chelsea,0,0,0,0.051134299486875534,0.5436723902821541,0.4064304009079933,7988,Billy Gilmour
season,Sub,6,0,1,190,0.028427399694919586,0,0.18802540004253387,4,2019,Chelsea,0,0,0,0.028427399694919586,1.926146686077118,1.738118976354599,7988,Billy Gilmour
