group_type,position,games,goals,shots,time,xG,assists,xA,key_passes,season,team,yellow,red,npg,npxG,xGChain,xGBuildup,player_id,player_name
season,MC,6,1,2,222,0.33813899755477905,0,0.13586899638175964,1,2017,Rubin Kazan,0,0,1,0.33813899755477905,0.8515456989407539,0.7156768068671227,657,Alexandre Song
season,MC,16,0,3,1077,0.19316509552299976,2,0.7377129066735506,10,2016,Rubin Kazan,1,1,0,0.19316509552299976,3.2498341239988804,3.0113520212471485,657,Alexandre Song
season,DMC,12,0,6,658,0.1801397018134594,0,0.2122628018260002,8,2015,West Ham,1,0,0,0.1801397018134594,1.8867263868451118,1.602582685649395,657,Alexandre Song
season,Sub,28,0,12,2258,0.723948891274631,3,2.3790941443294287,28,2014,West Ham,4,0,0,0.723948891274631,9.307583212852478,7.033517295029014,657,Alexandre Song
