group_type,position,games,goals,shots,time,xG,assists,xA,key_passes,season,team,yellow,red,npg,npxG,xGChain,xGBuildup,player_id,player_name
season,MR,13,0,5,701,0.10515649802982807,0,0.4455568864941597,3,2019,Lyon,3,0,0,0.10515649802982807,1.3451608046889305,1.218077391386032,3270,Rafael
season,Sub,18,0,2,1004,0.06076809950172901,1,0.691401207819581,11,2018,Lyon,4,1,0,0.06076809950172901,4.080647613853216,3.472266500815749,3270,Rafael
season,DR,24,1,8,1826,0.6972378073260188,2,3.1177751049399376,21,2017,Lyon,9,0,1,0.6972378073260188,8.086682783439755,5.949904570356011,3270,Rafael
season,DR,26,0,16,2062,0.471984900534153,3,3.5831616427749395,14,2016,Lyon,6,1,0,0.471984900534153,7.48649425432086,6.7504772040992975,3270,Rafael
season,DR,21,1,12,1450,1.3615152165293694,2,1.281815025024116,12,2015,Lyon,8,0,1,1.3615152165293694,4.499592149630189,3.5692324992269278,3270,Rafael
season,DR,10,0,2,587,0.08321010135114193,1,0.6008911095559597,6,2014,Manchester United,2,0,0,0.08321010135114193,2.131751316599548,1.9162602042779326,3270,Rafael
