group_type,position,games,goals,shots,time,xG,assists,xA,key_passes,season,team,yellow,red,npg,npxG,xGChain,xGBuildup,player_id,player_name
season,FW,16,1,15,381,1.9075428172945976,0,0.664022158831358,2,2025,Napoli,1,0,1,1.9075428172945976,3.8791440911591053,1.38358985632658,11936,Lorenzo Lucca
season,Sub,4,1,4,122,1.1845081560313702,0,0.036645036190748215,1,2025,Nottingham Forest,0,0,1,1.1845081560313702,1.6722171306610107,0.48770893923938274,11936,Lorenzo Lucca
season,FW,33,12,66,2369,9.25349983945489,1,1.4154015257954597,14,2024,Udinese,10,0,11,8.492201004177332,9.291834384202957,1.9438087791204453,11936,Lorenzo Lucca
season,Sub,37,8,61,2624,9.097997449338436,4,1.4457896761596203,20,2023,Udinese,6,0,8,9.097997449338436,10.78939988091588,1.7023183298297226,11936,Lorenzo Lucca
