group_type,position,games,goals,shots,time,xG,assists,xA,key_passes,season,team,yellow,red,npg,npxG,xGChain,xGBuildup,player_id,player_name
season,Sub,32,5,72,2308,6.143913544714451,6,5.693028134293854,51,2025,Udinese,8,0,5,6.143913544714451,12.040764158591628,3.449165239930153,6686,Nicolo Zaniolo
season,Sub,9,0,9,344,0.6895894203335047,0,0.2631492279469967,5,2024,Fiorentina,2,0,0,0.6895894203335047,0.8748989850282669,0.14371568895876408,6686,Nicolo Zaniolo
season,Sub,14,2,11,321,1.225318480283022,2,0.9824375286698341,7,2024,Atalanta,4,0,2,1.225318480283022,3.847320072352886,1.8396756052970886,6686,Nicolo Zaniolo
season,Sub,25,2,27,820,3.7046729400753975,0,0.6395295020192862,10,2023,Aston Villa,7,0,2,3.7046729400753975,5.261115295812488,1.7181058693677187,6686,Nicolo Zaniolo
season,AMC,13,1,28,906,4.032715069130063,0,0.8956218883395195,8,2022,Roma,4,0,1,4.032715069130063,7.047851322218776,2.4075421690940857,6686,Nicolo Zaniolo
season,AMR,28,2,70,1998,6.105673047713935,2,2.6092645106837153,28,2021,Roma,10,2,2,6.105673047713935,10.662388724274933,4.457509411498904,6686,Nicolo Zaniolo
season,AMC,26,6,47,1493,4.454576425254345,2,4.967146445531398,24,2019,Roma,8,0,6,4.454576425254345,11.15839870274067,3.3494187090545893,6686,Nicolo Zaniolo
season,Sub,27,4,48,1771,4.792478509247303,2,1.905015024356544,18,2018,Roma,8,0,4,4.792478509247303,8.904982633888721,3.3921294156461954,6686,Nicolo Zaniolo
