group_type,position,games,goals,shots,time,xG,assists,xA,key_passes,season,team,yellow,red,npg,npxG,xGChain,xGBuildup,player_id,player_name
season,MC,4,0,2,270,0.09826850146055222,0,0.0402861014008522,1,2019,Aston Villa,1,0,0,0.09826850146055222,0.8360581956803799,0.7377896942198277,752,Daniel Drinkwater
season,MC,1,0,0,61,0,0,0,0,2019,Burnley,0,0,0,0,0,0,752,Daniel Drinkwater
season,Sub,12,1,6,519,0.17541199643164873,0,0.26921819522976875,5,2017,Chelsea,0,0,1,0.17541199643164873,2.6733907610177994,2.324198856949806,752,Daniel Drinkwater
season,MC,29,1,31,2466,1.143527909182012,1,1.1219558045268059,15,2016,Leicester,6,0,1,1.143527909182012,6.518814432434738,5.1742516392841935,752,Daniel Drinkwater
season,MC,35,2,41,3045,2.187858287245035,7,5.324235362932086,44,2015,Leicester,3,1,2,2.187858287245035,14.482194758951664,10.150261309929192,752,Daniel Drinkwater
season,MC,23,0,15,1476,0.534087891690433,0,0.7189151574857533,9,2014,Leicester,1,0,0,0.534087891690433,3.895763428416103,3.2558154836297035,752,Daniel Drinkwater
