group_type,position,games,goals,shots,time,xG,assists,xA,key_passes,season,team,yellow,red,npg,npxG,xGChain,xGBuildup,player_id,player_name
season,FW,29,8,54,1926,8.894600672647357,4,6.265264900401235,47,2025,Atletico Madrid,2,0,6,6.664767829701304,17.452052727341652,7.806348083540797,10846,Julián Álvarez
season,Sub,37,17,72,2543,14.1592972795479,4,6.458727004006505,41,2024,Atletico Madrid,5,0,13,11.186186812352389,25.16218076646328,9.433768885210156,10846,Julián Álvarez
season,AMC,36,11,98,2682,14.373571239411831,8,5.823111834935844,66,2023,Manchester City,2,0,9,12.851233504712582,27.162230297923088,13.089299127459526,10846,Julián Álvarez
season,Sub,31,9,47,1416,7.753276175819337,0,2.0468210969120264,18,2022,Manchester City,0,0,8,6.992107159458101,13.768698140978813,5.820535558275878,10846,Julián Álvarez
