group_type,position,games,goals,shots,time,xG,assists,xA,key_passes,season,team,yellow,red,npg,npxG,xGChain,xGBuildup,player_id,player_name
season,AMC,14,1,9,923,0.8532697334885597,0,0.8814348895102739,8,2025,Celta Vigo,3,0,1,0.8532697334885597,3.9755039028823376,2.559331815689802,13200,Fernando López
season,Sub,9,0,5,211,0.21815450862050056,1,0.5119961202144623,3,2025,Wolverhampton Wanderers,1,0,0,0.21815450862050056,0.8440351467579603,0.22909747064113617,13200,Fernando López
season,FWR,17,2,20,654,2.6400635838508606,0,2.177378611639142,14,2024,Celta Vigo,2,0,2,2.6400635838508606,6.863014008849859,2.4329893924295902,13200,Fernando López
