group_type,position,games,goals,shots,time,xG,assists,xA,key_passes,season,team,yellow,red,npg,npxG,xGChain,xGBuildup,player_id,player_name
season,GK,19,0,0,1710,0,0,0,0,2024,Real Betis,1,0,0,0,2.354312153533101,2.354312153533101,527,Adrián
season,GK,3,0,0,270,0,0,0,0,2020,Liverpool,0,0,0,0,0.3974395953118801,0.3974395953118801,527,Adrián
season,Sub,11,0,0,873,0,0,0,0,2019,Liverpool,1,0,0,0,2.574332058429718,2.574332058429718,527,Adrián
season,GK,19,0,0,1710,0,0,0,0,2017,West Ham,2,0,0,0,0.913073118776083,0.913073118776083,527,Adrián
season,GK,16,0,0,1440,0,0,0.02736870013177395,1,2016,West Ham,1,0,0,0,0.47122979909181595,0.44386110082268715,527,Adrián
season,GK,32,0,0,2880,0,0,0,0,2015,West Ham,1,1,0,0,2.9404459968209267,2.9404459968209267,527,Adrián
season,GK,38,0,0,3392,0,0,0.12958149798214436,3,2014,West Ham,3,1,0,0,2.7573785092681646,2.6922287922352552,527,Adrián
