group_type,position,games,goals,shots,time,xG,assists,xA,key_passes,season,team,yellow,red,npg,npxG,xGChain,xGBuildup,player_id,player_name
season,Sub,25,4,38,1112,4.719371825456619,1,1.6651787851005793,14,2021,Crystal Palace,3,0,4,4.719371825456619,6.597357217222452,1.3307109996676445,606,Christian Benteke
season,Sub,30,10,71,1824,7.457400366663933,1,0.6976268962025642,15,2020,Crystal Palace,1,1,10,7.457400366663933,8.472844080999494,3.1535544050857425,606,Christian Benteke
season,FW,24,2,41,1249,4.6278314758092165,1,2.459479119628668,19,2019,Crystal Palace,4,1,2,4.6278314758092165,6.465701373293996,0.7189466059207916,606,Christian Benteke
season,FW,16,1,26,808,3.729038055986166,1,1.1865838812664151,9,2018,Crystal Palace,1,0,1,3.729038055986166,4.197604551911354,1.3609159998595715,606,Christian Benteke
season,FW,31,3,59,2224,11.166239574551582,5,3.276504263281822,27,2017,Crystal Palace,6,0,2,9.643899515271187,12.039157636463642,3.166219625622034,606,Christian Benteke
season,FW,36,15,105,3153,17.355868473649025,2,2.0585755221545696,32,2016,Crystal Palace,10,0,13,14.311190653592348,13.202918304130435,4.11089089140296,606,Christian Benteke
season,FW,29,9,61,1496,9.98186818882823,3,2.7818546555936337,31,2015,Liverpool,2,0,8,9.220699172466993,10.235845644026995,1.2525696884840727,606,Christian Benteke
season,FW,29,13,80,2380,8.455075968056917,2,2.921320070512593,33,2014,Aston Villa,1,1,12,7.693906951695681,8.725400181487203,2.198608998209238,606,Christian Benteke
