group_type,position,games,goals,shots,time,xG,assists,xA,key_passes,season,team,yellow,red,npg,npxG,xGChain,xGBuildup,player_id,player_name
season,Sub,12,0,1,470,0.01066362950950861,0,0.4425672311335802,8,2022,Leeds,0,0,0,0.01066362950950861,0.4591790921986103,0.44851546362042427,1711,Adam Forshaw
season,Sub,22,0,14,1524,0.4842451997101307,1,1.040744410827756,13,2021,Leeds,5,0,0,0.4842451997101307,6.191522343084216,4.898990090936422,1711,Adam Forshaw
season,Sub,34,0,28,2711,1.3408304303884506,1,2.229192676022649,28,2016,Middlesbrough,4,0,0,1.3408304303884506,7.789724363014102,5.232129832729697,1711,Adam Forshaw
