group_type,position,games,goals,shots,time,xG,assists,xA,key_passes,season,team,yellow,red,npg,npxG,xGChain,xGBuildup,player_id,player_name
season,Sub,21,0,16,1351,0.5063990456983447,0,0.08977033942937851,1,2023,Ural,2,0,0,0.5063990456983447,1.2010468132793903,0.9412781465798616,6839,Ibrahima Cissé
season,Sub,17,0,8,1175,0.1748207239434123,0,0.2352412212640047,6,2022,Ural,3,0,0,0.1748207239434123,2.390444142743945,2.0907959770411253,6839,Ibrahima Cissé
season,Sub,3,0,0,85,0,0,0,0,2018,Fulham,0,0,0,0,0.019122399389743805,0.019122399389743805,6839,Ibrahima Cissé
