group_type,position,games,goals,shots,time,xG,assists,xA,key_passes,season,team,yellow,red,npg,npxG,xGChain,xGBuildup,player_id,player_name
season,FW,31,20,91,2613,18.49983580969274,3,2.79583902284503,25,2016,Marseille,6,0,17,16.21955289505422,17.558151353150606,2.676426187157631,717,Bafétimbi Gomis
season,FW,33,6,59,1685,6.098333736881614,0,2.4120547231286764,17,2015,Swansea,0,0,5,5.337160786613822,8.543976483866572,2.369196319952607,717,Bafétimbi Gomis
season,Sub,31,7,69,1619,7.497829519212246,0,0.8869193764403462,13,2014,Swansea,0,0,7,7.497829519212246,7.2545317858457565,1.5422120690345764,717,Bafétimbi Gomis
