group_type,position,games,goals,shots,time,xG,assists,xA,key_passes,season,team,yellow,red,npg,npxG,xGChain,xGBuildup,player_id,player_name
season,ML,20,0,19,981,1.3375982083380222,0,0.5683215968310833,10,2017,Bournemouth,2,0,0,1.3375982083380222,2.8276277855038643,1.0480263940989971,466,Marc Pugh
season,ML,21,2,18,1345,1.6018412858247757,2,1.878648228943348,19,2016,Bournemouth,1,0,2,1.6018412858247757,4.169176809489727,2.3521924018859863,466,Marc Pugh
season,ML,26,3,22,1328,2.4653059132397175,2,1.1982270358130336,13,2015,Bournemouth,1,0,3,2.4653059132397175,4.759835608303547,1.5334025993943214,466,Marc Pugh
