group_type,position,games,goals,shots,time,xG,assists,xA,key_passes,season,team,yellow,red,npg,npxG,xGChain,xGBuildup,player_id,player_name
season,FW,32,8,75,1866,10.087238993495703,4,4.924903925508261,38,2019,Juventus,2,0,8,10.087238993495703,15.302674751728773,3.569639442488551,1293,Gonzalo Higuaín
season,FW,15,6,55,1282,7.021019876003265,1,1.6108492016792297,19,2018,AC Milan,3,1,6,6.259720751084387,10.88902348279953,3.3254039026796818,1293,Gonzalo Higuaín
season,FW,14,5,46,1100,5.379234038293362,0,1.4263600837439299,15,2018,Chelsea,0,0,5,5.379234038293362,8.476491034030914,1.8616339974105358,1293,Gonzalo Higuaín
season,FW,35,16,102,2811,13.411729529500008,6,3.2216845341026783,30,2017,Juventus,4,0,15,11.889127161353827,18.532193060964346,5.675433866679668,1293,Gonzalo Higuaín
season,Sub,38,24,134,2966,19.412508625537157,3,6.201655928045511,39,2016,Juventus,1,0,24,19.412508625537157,26.90888499841094,6.43667459487915,1293,Gonzalo Higuaín
season,FW,35,36,182,2989,27.29548005759716,2,2.7042973916977644,51,2015,Napoli,1,1,33,25.011578992009163,30.054069217294455,5.310751342214644,1293,Gonzalo Higuaín
season,FW,37,18,113,2786,21.097405649721622,7,4.082174202427268,49,2014,Napoli,5,0,15,15.768323302268982,22.71159227192402,4.917352854274213,1293,Gonzalo Higuaín
