group_type,position,games,goals,shots,time,xG,assists,xA,key_passes,season,team,yellow,red,npg,npxG,xGChain,xGBuildup,player_id,player_name
season,Sub,1,0,0,1,0,0,0,0,2018,Crystal Palace,0,0,0,0,0,0,513,Pape Souaré
season,Sub,1,0,0,7,0,0,0,0,2017,Crystal Palace,0,0,0,0,0,0,513,Pape Souaré
season,DL,3,0,2,270,0.018196599557995796,0,0.14993800222873688,2,2016,Crystal Palace,0,0,0,0.018196599557995796,0.3327016048133373,0.17560959979891777,513,Pape Souaré
season,DL,34,0,11,3017,0.3214282998815179,1,2.517557479441166,27,2015,Crystal Palace,6,1,0,0.3214282998815179,8.01280982233584,6.117436507716775,513,Pape Souaré
season,DL,12,0,3,958,0.05521560087800026,0,0.25272899121046066,3,2014,Lille,5,0,0,0.05521560087800026,1.950924465432763,1.6797253992408514,513,Pape Souaré
season,Sub,9,0,3,603,0.04214503988623619,0,1.7640714570879936,6,2014,Crystal Palace,1,0,0,0.04214503988623619,1.9684704467654228,1.3314210921525955,513,Pape Souaré
