group_type,position,games,goals,shots,time,xG,assists,xA,key_passes,season,team,yellow,red,npg,npxG,xGChain,xGBuildup,player_id,player_name
season,MR,30,0,13,2516,1.0679281391203403,0,1.7324819825589657,12,2022,Angers,3,0,0,1.0679281391203403,5.71737601980567,4.344684931449592,7280,Yan Valery
season,DC,1,0,0,48,0,0,0,0,2022,Southampton,0,0,0,0,0,0,7280,Yan Valery
season,DC,5,0,2,368,0.025073199532926083,0,0.25505098700523376,1,2021,Southampton,0,0,0,0.025073199532926083,1.1389364823698997,1.1138634905219078,7280,Yan Valery
season,Sub,3,0,2,95,0.2929132953286171,0,0.09160999953746796,1,2020,Southampton,0,0,0,0.2929132953286171,0.4703279882669449,0.17741400003433228,7280,Yan Valery
season,DMR,11,0,3,796,0.2561568021774292,0,1.1431159973144531,2,2019,Southampton,1,0,0,0.2561568021774292,3.589542504400015,2.7539024017751217,7280,Yan Valery
season,MR,23,2,6,1714,0.7205072194337845,1,0.2549123987555504,6,2018,Southampton,3,1,2,0.7205072194337845,2.8991659097373486,1.940354097634554,7280,Yan Valery
