group_type,position,games,goals,shots,time,xG,assists,xA,key_passes,season,team,yellow,red,npg,npxG,xGChain,xGBuildup,player_id,player_name
season,DC,6,1,2,360,0.08774549700319767,0,0,0,2017,Arsenal,0,0,1,0.08774549700319767,1.8337987288832664,1.8337987288832664,507,Per Mertesacker
season,Sub,1,0,0,35,0,0,0,0,2016,Arsenal,0,0,0,0,0,0,507,Per Mertesacker
season,DC,24,0,8,2050,1.3489637859165668,0,0.3447166942059994,2,2015,Arsenal,1,1,0,1.3489637859165668,6.381493804976344,6.381493804976344,507,Per Mertesacker
season,DC,35,0,13,3150,0.8197573097422719,1,0.23774650320410728,3,2014,Arsenal,2,0,0,0.8197573097422719,7.7452923487871885,7.591860653832555,507,Per Mertesacker
