group_type,position,games,goals,shots,time,xG,assists,xA,key_passes,season,team,yellow,red,npg,npxG,xGChain,xGBuildup,player_id,player_name
season,Sub,28,0,12,1669,1.268464065156877,0,1.5904814032837749,15,2025,Fulham,4,0,0,1.268464065156877,5.954540836624801,4.94633998721838,6157,Timothy Castagne
season,Sub,24,0,8,1627,0.3606655541807413,1,0.8743397928774357,10,2024,Fulham,1,0,0,0.3606655541807413,6.590010182932019,5.578935069963336,6157,Timothy Castagne
season,Sub,34,1,14,2627,1.3355903550982475,3,1.5853081783279777,18,2023,Fulham,3,0,1,1.3355903550982475,8.171432700008154,6.209871254861355,6157,Timothy Castagne
season,DMR,37,2,18,3257,1.9257993642240763,3,3.172707935795188,21,2022,Leicester,3,0,2,1.9257993642240763,11.603145258501172,8.605382116511464,6157,Timothy Castagne
season,Sub,27,1,7,2118,0.940479414537549,0,1.0864658877253532,14,2021,Leicester,1,0,1,0.940479414537549,5.502241559326649,4.350664138793945,6157,Timothy Castagne
season,DR,27,2,8,2349,1.6002667360007763,3,2.3069622721523046,21,2020,Leicester,1,0,2,1.6002667360007763,8.445917386561632,6.60623169131577,6157,Timothy Castagne
season,DMR,27,1,17,1762,1.9758142419159412,2,2.668532148003578,21,2019,Atalanta,4,0,1,1.9758142419159412,10.486921350471675,7.808310120366514,6157,Timothy Castagne
season,Sub,28,4,19,1991,3.0917264595627785,2,2.678411442786455,27,2018,Atalanta,3,0,4,3.0917264595627785,12.859327219426632,8.92555845528841,6157,Timothy Castagne
season,MR,20,0,9,1509,0.9974446017295122,2,2.2055760640650988,15,2017,Atalanta,4,0,0,0.9974446017295122,5.553520377725363,3.4061840288341045,6157,Timothy Castagne
