group_type,position,games,goals,shots,time,xG,assists,xA,key_passes,season,team,yellow,red,npg,npxG,xGChain,xGBuildup,player_id,player_name
season,FW,25,5,34,1487,5.868209354579449,2,1.7603410109877586,12,2022,Valencia,6,0,3,3.638375898823142,6.603921540081501,1.7283265544101596,3294,Edinson Cavani
season,Sub,15,2,18,745,3.725320629775524,1,1.2471088040620089,7,2021,Manchester United,0,0,2,3.725320629775524,4.9041747860610485,0.6423901002854109,3294,Edinson Cavani
season,Sub,26,10,34,1355,8.603237739764154,3,2.3172431979328394,14,2020,Manchester United,4,0,10,8.603237739764154,12.259185567498207,2.7306441962718964,3294,Edinson Cavani
season,FW,14,4,28,593,9.334381982684135,1,1.092976376414299,10,2019,Paris Saint Germain,2,0,3,8.574284002184868,8.842197835445404,1.3648341335356236,3294,Edinson Cavani
season,FW,21,18,52,1677,15.44533884525299,5,3.699903601780534,13,2018,Paris Saint Germain,1,0,14,11.644862726330757,17.841729037463665,3.8873156532645226,3294,Edinson Cavani
season,FW,32,28,106,2592,24.31458006054163,6,6.4004941545426846,38,2017,Paris Saint Germain,3,0,25,20.514118053019047,29.75093987584114,5.191347144544125,3294,Edinson Cavani
season,FW,36,35,143,2983,36.86661798879504,4,2.2004457861185074,25,2016,Paris Saint Germain,5,0,28,30.785857636481524,30.9136044383049,2.781270120292902,3294,Edinson Cavani
season,FW,32,19,86,2302,19.37659602239728,5,3.127685049548745,24,2015,Paris Saint Germain,3,0,19,18.616505909711123,25.40061841905117,8.246317937970161,3294,Edinson Cavani
season,FWL,35,18,111,2666,22.860323067754507,1,1.7430237997323275,14,2014,Paris Saint Germain,2,1,15,20.580032106488943,25.087470583617687,5.913361266255379,3294,Edinson Cavani
