group_type,position,games,goals,shots,time,xG,assists,xA,key_passes,season,team,yellow,red,npg,npxG,xGChain,xGBuildup,player_id,player_name
season,Sub,19,0,5,733,0.2463568989187479,3,0.7123024966567755,13,2019,Newcastle United,2,0,0,0.2463568989187479,1.5334887094795704,0.707305395975709,2344,Christian Atsu
season,Sub,28,1,28,1464,2.1465520886704326,0,1.7553911916911602,18,2018,Newcastle United,2,0,1,2.1465520886704326,5.759218544699252,2.516271322965622,2344,Christian Atsu
season,AML,28,2,35,1777,3.9666860420256853,2,2.7802852038294077,24,2017,Newcastle United,1,0,2,3.9666860420256853,8.168672969564795,2.442897519096732,2344,Christian Atsu
season,ML,12,2,9,379,1.1016959007829428,0,0.8758921083062887,6,2015,Malaga,0,0,2,1.1016959007829428,1.8557066787034273,0.33223799988627434,2344,Christian Atsu
season,Sub,5,0,4,108,0.2264489009976387,1,1.3633009791374207,5,2014,Everton,0,0,0,0.2264489009976387,2.257687985897064,1.2342770099639893,2344,Christian Atsu
