group_type,position,games,goals,shots,time,xG,assists,xA,key_passes,season,team,yellow,red,npg,npxG,xGChain,xGBuildup,player_id,player_name
season,Sub,3,0,2,86,0.0728532001376152,0,0.04057219997048378,1,2020,Fiorentina,0,0,0,0.0728532001376152,0.1328554004430771,0.05965770035982132,1181,Antonio Barreca
season,ML,18,0,6,1105,0.15506100095808506,1,0.7580770924687386,4,2019,Genoa,0,0,0,0.15506100095808506,2.127996953204274,1.2719423864036798,1181,Antonio Barreca
season,DL,7,0,5,597,0.10147327184677124,1,0.32389020919799805,5,2018,Monaco,0,0,0,0.10147327184677124,1.4134714901447296,1.1242398209869862,1181,Antonio Barreca
season,Sub,1,0,0,3,0,0,0,0,2018,Newcastle United,0,0,0,0,0,0,1181,Antonio Barreca
season,DL,9,0,1,458,0.018266800791025162,0,0.056653501465916634,2,2017,Torino,0,1,0,0.018266800791025162,0.33904519584029913,0.28239119704812765,1181,Antonio Barreca
season,DL,28,0,15,2356,0.736421613022685,2,1.1388355270028114,15,2016,Torino,2,0,0,0.736421613022685,6.910255189985037,5.489236958324909,1181,Antonio Barreca
