group_type,position,games,goals,shots,time,xG,assists,xA,key_passes,season,team,yellow,red,npg,npxG,xGChain,xGBuildup,player_id,player_name
season,DC,25,1,11,2132,0.5957098556682467,0,0.29939603339880705,8,2025,Nottingham Forest,5,0,1,0.5957098556682467,6.358569452539086,6.049851920455694,12123,Murillo
season,DC,36,2,25,3199,1.9497453132644296,0,1.3909434340894222,12,2024,Nottingham Forest,6,0,2,1.9497453132644296,5.36951514147222,4.55442807264626,12123,Murillo
season,DC,32,0,17,2813,1.6653295904397964,2,1.2170642092823982,8,2023,Nottingham Forest,5,0,0,1.6653295904397964,8.485122511163354,7.43321305885911,12123,Murillo
