group_type,position,games,goals,shots,time,xG,assists,xA,key_passes,season,team,yellow,red,npg,npxG,xGChain,xGBuildup,player_id,player_name
season,FW,34,3,32,1835,6.037325001321733,6,3.4504245165735483,23,2024,Las Palmas,3,0,3,6.037325001321733,10.23814307153225,1.5718960762023926,1736,Oliver McBurnie
season,Sub,21,6,33,1290,7.429724760353565,3,2.1915900241583586,12,2023,Sheffield United,3,2,4,5.907387010753155,6.99262013938278,2.891832641325891,1736,Oliver McBurnie
season,FW,23,1,30,1306,3.552994309924543,0,1.0542656984180212,15,2020,Sheffield United,2,0,1,3.552994309924543,6.107228264212608,2.6019225167110562,1736,Oliver McBurnie
season,Sub,36,6,50,2123,8.068318895995617,0,1.135003101080656,10,2019,Sheffield United,4,0,6,8.068318895995617,10.194577626883984,3.9475047774612904,1736,Oliver McBurnie
season,Sub,11,0,5,257,0.2464730069041252,1,0.5389220118522644,1,2017,Swansea,0,0,0,0.2464730069041252,0.7823979128152132,0.6077351104468107,1736,Oliver McBurnie
season,Sub,5,0,2,69,0.07764550298452377,0,0.10456500202417374,2,2016,Swansea,0,0,0,0.07764550298452377,0.23001200333237648,0.14258959889411926,1736,Oliver McBurnie
