group_type,position,games,goals,shots,time,xG,assists,xA,key_passes,season,team,yellow,red,npg,npxG,xGChain,xGBuildup,player_id,player_name
season,Sub,18,1,14,789,1.223698740825057,0,0.7270336803048849,8,2025,Elche,3,0,1,1.223698740825057,4.2152661476284266,2.63355815410614,6651,Grady Diangana
season,ML,20,1,14,1249,1.0978216975927353,0,0.16204879991710186,5,2020,West Bromwich Albion,0,0,1,1.0978216975927353,1.629269490018487,0.6211163979023695,6651,Grady Diangana
season,Sub,17,0,10,602,0.6380325052887201,1,1.2208154816180468,12,2018,West Ham,0,0,0,0.6380325052887201,2.2976639084517956,1.2466072887182236,6651,Grady Diangana
