group_type,position,games,goals,shots,time,xG,assists,xA,key_passes,season,team,yellow,red,npg,npxG,xGChain,xGBuildup,player_id,player_name
season,DL,10,0,1,808,0.06194189935922623,0,0.40620600432157516,4,2020,West Bromwich Albion,0,1,0,0.06194189935922623,0.8934742975980043,0.812916399911046,545,Kieran Gibbs
season,DL,33,0,9,2836,0.39043060410767794,1,1.9128205999732018,22,2017,West Bromwich Albion,3,0,0,0.39043060410767794,5.823241271078587,3.979991815984249,545,Kieran Gibbs
season,Sub,11,0,5,701,0.32781399972736835,1,0.6635113917291164,10,2016,Arsenal,3,0,0,0.32781399972736835,2.3076071366667747,1.573708064854145,545,Kieran Gibbs
season,Sub,15,1,5,367,0.5577400848269463,0,0.04064770042896271,1,2015,Arsenal,0,0,1,0.5577400848269463,1.0849711149930954,0.48658449575304985,545,Kieran Gibbs
season,DL,22,0,12,1657,1.0783994244411588,3,1.8213013904169202,15,2014,Arsenal,3,0,0,1.0783994244411588,8.999918149784207,7.215284138917923,545,Kieran Gibbs
