group_type,position,games,goals,shots,time,xG,assists,xA,key_passes,season,team,yellow,red,npg,npxG,xGChain,xGBuildup,player_id,player_name
season,Sub,6,0,3,62,0.11362509801983833,0,0.022273199632763863,1,2016,Everton,0,0,0,0.11362509801983833,0.1541763972491026,0.018278099596500397,601,Arouna Koné
season,Sub,25,5,36,1464,4.518551206216216,4,2.134571185335517,14,2015,Everton,1,0,5,4.518551206216216,9.301979226991534,3.8450946109369397,601,Arouna Koné
season,Sub,12,1,14,611,1.1284510809928179,1,0.7295571938157082,6,2014,Everton,2,0,1,1.1284510809928179,2.423886427655816,1.068481918424368,601,Arouna Koné
