group_type,position,games,goals,shots,time,xG,assists,xA,key_passes,season,team,yellow,red,npg,npxG,xGChain,xGBuildup,player_id,player_name
season,DR,10,0,2,378,0.11117679998278618,0,0,0,2024,Leicester,1,0,0,0.11117679998278618,1.118471845984459,1.0300674214959145,3303,Ricardo Pereira
season,Sub,10,1,2,450,0.08412889763712883,1,0.41531921178102493,7,2022,Leicester,2,0,1,0.08412889763712883,1.4952941313385963,1.1759900078177452,3303,Ricardo Pereira
season,DR,14,1,10,1000,0.5782482028007507,3,1.4025978948920965,10,2021,Leicester,3,0,1,0.5782482028007507,5.104849815368652,4.257838945835829,3303,Ricardo Pereira
season,Sub,15,0,7,954,0.36339329183101654,1,0.7606751918792725,10,2020,Leicester,3,0,0,0.36339329183101654,4.405816070735455,3.7367751225829124,3303,Ricardo Pereira
season,DR,28,3,18,2520,1.2652331097051501,2,4.018955676816404,27,2019,Leicester,1,0,3,1.2652331097051501,11.059816289693117,8.115902069956064,3303,Ricardo Pereira
season,AMR,35,2,25,3129,1.1817344026640058,6,5.129706803709269,33,2018,Leicester,7,0,2,1.1817344026640058,11.345705421641469,8.283478603698313,3303,Ricardo Pereira
season,DR,24,2,19,2059,1.4983564168214798,4,3.4382471926510334,29,2016,Nice,2,0,2,1.4983564168214798,9.486551232635975,5.943175809457898,3303,Ricardo Pereira
season,DL,26,0,3,2280,0.3894862085580826,4,1.852079028263688,16,2015,Nice,6,0,0,0.3894862085580826,9.216672002337873,7.781938957981765,3303,Ricardo Pereira
