group_type,position,games,goals,shots,time,xG,assists,xA,key_passes,season,team,yellow,red,npg,npxG,xGChain,xGBuildup,player_id,player_name
season,AMR,32,5,44,2509,4.9870004169642925,4,7.5994823183864355,49,2025,Chelsea,2,1,5,4.9870004169642925,17.721466828137636,8.471150148659945,6382,Pedro Neto
season,Sub,35,4,59,2238,4.4209474716335535,6,6.566428407095373,46,2024,Chelsea,8,0,4,4.4209474716335535,14.425639379769564,6.602393293753266,6382,Pedro Neto
season,MR,20,2,36,1524,3.287029344588518,9,5.216042526066303,37,2023,Wolverhampton Wanderers,4,0,2,3.287029344588518,8.703318819403648,2.2079212702810764,6382,Pedro Neto
season,AML,18,0,17,993,1.1067704604938626,0,2.707404026761651,20,2022,Wolverhampton Wanderers,1,0,0,1.1067704604938626,4.8898930717259645,2.710134506225586,6382,Pedro Neto
season,Sub,13,1,17,451,1.6366959679871798,1,1.495248288847506,13,2021,Wolverhampton Wanderers,3,0,1,1.6366959679871798,2.9315416989848018,0.7728354977443814,6382,Pedro Neto
season,FWL,31,5,62,2570,5.494994781911373,6,5.738266875967383,61,2020,Wolverhampton Wanderers,4,0,5,5.494994781911373,11.516653075814247,4.2069341987371445,6382,Pedro Neto
season,Sub,29,3,17,911,1.893448617309332,3,2.6262173959985375,14,2019,Wolverhampton Wanderers,3,0,3,1.893448617309332,7.689652973785996,4.6528638284653425,6382,Pedro Neto
season,Sub,4,0,1,39,0.032099198549985886,0,0.04347189888358116,1,2018,Lazio,1,0,0,0.032099198549985886,0.15330900251865387,0.07773829996585846,6382,Pedro Neto
