group_type,position,games,goals,shots,time,xG,assists,xA,key_passes,season,team,yellow,red,npg,npxG,xGChain,xGBuildup,player_id,player_name
season,AML,23,1,7,729,0.667118170298636,2,1.0936873592436314,6,2024,Leicester,2,0,1,0.667118170298636,1.5033471286296844,0.7257871571928263,6827,Bobby Reid
season,Sub,33,6,33,1431,5.469232198782265,2,1.5773739200085402,17,2023,Fulham,4,0,6,5.469232198782265,6.414783387444913,1.6770686488598585,6827,Bobby Reid
season,AML,36,4,31,2511,4.2260939590632915,1,1.5008238069713116,18,2022,Fulham,8,0,4,4.2260939590632915,8.135475918650627,3.868883727118373,6827,Bobby Reid
season,Sub,33,5,34,2394,4.269856670405716,2,1.3096999023109674,14,2020,Fulham,7,0,5,4.269856670405716,8.202641465235502,3.1313828574493527,6827,Bobby Reid
season,FW,27,5,27,1414,3.8045920468866825,2,1.0588727127760649,16,2018,Cardiff,0,0,4,3.0434270836412907,4.874459708109498,2.0066753327846527,6827,Bobby Reid
