group_type,position,games,goals,shots,time,xG,assists,xA,key_passes,season,team,yellow,red,npg,npxG,xGChain,xGBuildup,player_id,player_name
season,Sub,7,0,5,205,0.7687907218933105,1,0.6989210247993469,1,2018,Southampton,0,0,0,0.7687907218933105,1.8799326419830322,0.41221699118614197,5565,Josh Sims
season,Sub,6,0,11,158,0.5660226009786129,0,0.1332263983786106,2,2017,Southampton,0,0,0,0.5660226009786129,0.8202590048313141,0.21902499347925186,5565,Josh Sims
season,FWL,7,0,5,199,0.5632529966533184,1,0.8554522916674614,2,2016,Southampton,0,0,0,0.5632529966533184,1.81204342097044,0.7710541114211082,5565,Josh Sims
