group_type,position,games,goals,shots,time,xG,assists,xA,key_passes,season,team,yellow,red,npg,npxG,xGChain,xGBuildup,player_id,player_name
season,MR,15,2,17,1242,2.189263768494129,1,0.9153640922158957,18,2023,Granada,0,1,2,2.189263768494129,3.3937868252396584,1.4023651368916035,9324,Facundo Pellistri
season,Sub,9,0,4,144,0.37423551455140114,1,0.07077087461948395,1,2023,Manchester United,0,0,0,0.37423551455140114,1.411473162472248,0.9664667788892984,9324,Facundo Pellistri
season,Sub,4,0,0,48,0,0,0,0,2022,Manchester United,0,0,0,0,0.5577363073825836,0.5577363073825836,9324,Facundo Pellistri
season,Sub,21,0,7,636,0.5059835929423571,0,0.33521300368011,6,2021,Alaves,0,0,0,0.5059835929423571,1.1089470963925123,0.3314249087125063,9324,Facundo Pellistri
season,Sub,12,0,5,534,0.4218259025365114,0,0.037426698952913284,2,2020,Alaves,0,0,0,0.4218259025365114,1.3528434578329325,0.9458991847932339,9324,Facundo Pellistri
