group_type,position,games,goals,shots,time,xG,assists,xA,key_passes,season,team,yellow,red,npg,npxG,xGChain,xGBuildup,player_id,player_name
season,FW,15,0,10,467,1.7449104208499193,1,0.3682931009680033,3,2017,Stoke,0,0,0,0.9837414044886827,1.4504588041454554,0.09842360019683838,811,Saido Berahino
season,Sub,13,0,13,724,2.089484676718712,0,0.5703176073729992,5,2016,Stoke,0,0,0,2.089484676718712,2.3914042934775352,0.7065926790237427,811,Saido Berahino
season,FW,4,0,6,250,0.8185385912656784,0,0,0,2016,West Bromwich Albion,1,0,0,0.8185385912656784,1.271890014410019,0.45335221104323864,811,Saido Berahino
season,FW,31,4,35,1727,7.118001105263829,0,1.0141102001070976,18,2015,West Bromwich Albion,0,0,4,5.595701085403562,7.9605226730927825,2.1189317824319005,811,Saido Berahino
season,AMC,38,14,86,2940,13.841749838553369,1,1.961659412831068,28,2014,West Bromwich Albion,2,0,10,10.797112329863012,11.907299553975463,2.4395549008622766,811,Saido Berahino
