group_type,position,games,goals,shots,time,xG,assists,xA,key_passes,season,team,yellow,red,npg,npxG,xGChain,xGBuildup,player_id,player_name
season,Sub,22,0,18,1775,1.39833889529109,1,0.6495725978165865,12,2020,Crystal Palace,2,0,0,1.39833889529109,4.809476420283318,3.354220826178789,730,Patrick van Aanholt
season,DL,29,3,27,2517,2.040343215689063,2,3.5544343441724777,32,2019,Crystal Palace,0,0,2,1.2791741993278265,5.900490781292319,4.38724903203547,730,Patrick van Aanholt
season,DL,36,3,45,3202,2.8111322969198227,2,4.718276297673583,35,2018,Crystal Palace,3,0,3,2.8111322969198227,10.490814774297178,5.863854904659092,730,Patrick van Aanholt
season,DML,28,5,33,2184,3.3932690117508173,1,2.4554789066314697,18,2017,Crystal Palace,7,0,5,3.3932690117508173,7.430776176974177,4.0984432231634855,730,Patrick van Aanholt
season,DL,21,3,24,1781,2.538021720945835,1,1.7395940348505974,30,2016,Sunderland,2,0,3,2.538021720945835,3.9367440473288298,1.5954361595213413,730,Patrick van Aanholt
season,FWL,11,2,10,712,0.9402940068393946,0,0.39817339554429054,7,2016,Crystal Palace,1,0,2,0.9402940068393946,1.802566623315215,0.8191652093082666,730,Patrick van Aanholt
season,DL,33,4,46,2970,2.5419704327359796,3,3.7972379475831985,30,2015,Sunderland,2,0,4,2.5419704327359796,9.133831122890115,5.070300887338817,730,Patrick van Aanholt
season,DL,28,0,30,2301,1.3164323018863797,5,4.8105680560693145,35,2014,Sunderland,4,0,0,1.3164323018863797,9.270669225603342,5.968421086668968,730,Patrick van Aanholt
