group_type,position,games,goals,shots,time,xG,assists,xA,key_passes,season,team,yellow,red,npg,npxG,xGChain,xGBuildup,player_id,player_name
season,AML,31,15,85,2374,14.265275031328201,13,9.403148299083114,62,2025,Bayern Munich,5,1,15,14.265275031328201,34.684892036020756,14.674997428432107,10408,Luis Díaz
season,AML,36,13,71,2433,12.3563298471272,5,6.245185255073011,56,2024,Liverpool,2,0,13,12.3563298471272,27.060918375849724,10.240967989899218,10408,Luis Díaz
season,FWL,37,8,94,2706,12.864595355466008,5,6.482230054214597,64,2023,Liverpool,3,0,8,12.864595355466008,24.42669267952442,10.309036564081907,10408,Luis Díaz
season,FWL,17,4,27,997,3.5687112770974636,2,1.9563428275287151,13,2022,Liverpool,2,0,4,3.5687112770974636,9.511094518005848,4.636049032211304,10408,Luis Díaz
season,FWL,13,4,38,962,4.276757774874568,3,2.175987700931728,20,2021,Liverpool,0,0,4,4.276757774874568,8.961288705468178,3.449203735217452,10408,Luis Díaz
