group_type,position,games,goals,shots,time,xG,assists,xA,key_passes,season,team,yellow,red,npg,npxG,xGChain,xGBuildup,player_id,player_name
season,AMR,29,8,80,2229,8.59105928055942,6,6.238232713192701,50,2025,Real Betis,5,1,8,8.59105928055942,21.27498399466276,9.924552623648196,11094,Antony
season,AMR,17,5,43,1372,2.7814827393740416,2,4.681491408497095,37,2024,Real Betis,2,1,5,2.7814827393740416,9.913269273936749,5.053524797782302,11094,Antony
season,Sub,8,0,6,119,0.6254736389964819,0,0.22945007402449846,3,2024,Manchester United,0,0,0,0.6254736389964819,1.066591788083315,0.3265676498413086,11094,Antony
season,MR,29,1,43,1329,3.4931225115433335,1,3.495804164558649,22,2023,Manchester United,5,0,1,3.4931225115433335,11.48103859461844,6.454792508855462,11094,Antony
season,AMR,25,4,72,1841,5.857848301529884,2,2.3707856694236398,28,2022,Manchester United,5,0,4,5.857848301529884,13.837641645222902,7.11214586161077,11094,Antony
