group_type,position,games,goals,shots,time,xG,assists,xA,key_passes,season,team,yellow,red,npg,npxG,xGChain,xGBuildup,player_id,player_name
season,FW,25,1,19,1131,1.5123586440458894,1,0.1910872980952263,5,2020,SD Huesca,1,0,1,1.5123586440458894,2.2061592750251293,0.6818294059485197,754,Shinji Okazaki
season,Sub,21,0,5,249,0.28034709580242634,1,0.11417199671268463,1,2018,Leicester,0,0,0,0.28034709580242634,1.2933874111622572,1.067800210788846,754,Shinji Okazaki
season,AMC,27,6,28,1340,7.492761306464672,2,1.8460099026560783,15,2017,Leicester,2,0,6,7.492761306464672,8.057245846837759,1.1135969758033752,754,Shinji Okazaki
season,Sub,30,3,29,1594,2.964745203964412,1,1.240434980019927,14,2016,Leicester,1,0,3,2.964745203964412,5.195507389493287,2.084342498332262,754,Shinji Okazaki
season,FW,36,5,46,2105,8.607688304968178,0,1.1344577930867672,20,2015,Leicester,1,0,5,8.607688304968178,11.455137183889747,3.8961035534739494,754,Shinji Okazaki
season,FW,32,12,59,2787,9.83270476013422,3,3.2734946897253394,26,2014,Mainz 05,4,0,12,9.83270476013422,12.56701660528779,2.356663800776005,754,Shinji Okazaki
