group_type,position,games,goals,shots,time,xG,assists,xA,key_passes,season,team,yellow,red,npg,npxG,xGChain,xGBuildup,player_id,player_name
season,DC,21,0,7,1552,1.1671122973784804,0,0.20770752429962158,4,2025,West Ham,4,0,0,1.1671122973784804,1.233875660225749,1.128087779507041,7332,Max Kilman
season,DC,38,0,13,3348,1.714818298816681,1,0.9288761988282204,16,2024,West Ham,5,0,0,1.714818298816681,7.727036248892546,7.178434561938047,7332,Max Kilman
season,DC,38,2,14,3420,2.598186601884663,0,1.1396792819723487,17,2023,Wolverhampton Wanderers,7,0,2,2.598186601884663,9.353960192762315,8.874694420956075,7332,Max Kilman
season,DC,37,0,14,3310,1.4871823685243726,0,0.19233915768563747,4,2022,Wolverhampton Wanderers,3,0,0,1.4871823685243726,5.1283416245132685,4.97854402475059,7332,Max Kilman
season,DC,30,1,13,2693,1.3776236288249493,0,0.1449057012796402,3,2021,Wolverhampton Wanderers,3,0,1,1.3776236288249493,5.232632765546441,5.062295773997903,7332,Max Kilman
season,DC,18,0,6,1291,0.30801629833877087,1,0.31305780448019505,5,2020,Wolverhampton Wanderers,4,0,0,0.30801629833877087,2.0295231211930513,1.8352266997098923,7332,Max Kilman
season,DC,3,0,0,183,0,0,0,0,2019,Wolverhampton Wanderers,0,0,0,0,0.035034600645303726,0.035034600645303726,7332,Max Kilman
season,Sub,1,0,0,1,0,0,0,0,2018,Wolverhampton Wanderers,0,0,0,0,0,0,7332,Max Kilman
