group_type,position,games,goals,shots,time,xG,assists,xA,key_passes,season,team,yellow,red,npg,npxG,xGChain,xGBuildup,player_id,player_name
season,Sub,13,0,1,181,0.05303005874156952,0,0.21078912541270256,3,2023,Inter,1,0,0,0.05303005874156952,1.0802036598324776,0.8971321955323219,6045,Davy Klaassen
season,DMC,3,0,4,230,0.13578280434012413,0,0.026190999895334244,1,2020,Werder Bremen,1,0,0,0.13578280434012413,0.15646499395370483,0.050912998616695404,6045,Davy Klaassen
season,MC,33,7,45,2946,7.190975025296211,5,3.0063155852258205,40,2019,Werder Bremen,7,0,6,4.917728723958135,12.365771440789104,5.732599721290171,6045,Davy Klaassen
season,MC,33,5,33,2830,3.1953493822366,4,3.5430525923147798,38,2018,Werder Bremen,5,0,5,3.1953493822366,13.430137823335826,7.757604825310409,6045,Davy Klaassen
season,AMC,7,0,2,246,0.046912798658013344,0,0.0961414985358715,2,2017,Everton,0,0,0,0.046912798658013344,0.36817440018057823,0.22512000054121017,6045,Davy Klaassen
