group_type,position,games,goals,shots,time,xG,assists,xA,key_passes,season,team,yellow,red,npg,npxG,xGChain,xGBuildup,player_id,player_name
season,Sub,24,0,5,1095,0.2431342415511608,0,0.3397108828648925,9,2024,Leicester,8,0,0,0.2431342415511608,2.2539359983056784,1.7920793881639838,7198,Oliver Skipp
season,DMC,21,0,4,660,0.6823929585516453,0,0.541032612323761,7,2023,Tottenham,3,0,0,0.6823929585516453,5.0269977785646915,4.433636624366045,7198,Oliver Skipp
season,Sub,23,1,7,1510,0.20790889766067266,0,0.542324174195528,10,2022,Tottenham,7,0,1,0.20790889766067266,5.209485713392496,4.576617915183306,7198,Oliver Skipp
season,DMC,18,0,4,1340,0.14636439830064774,0,0.7628861851990223,8,2021,Tottenham,6,0,0,0.14636439830064774,6.278732741251588,5.448809338733554,7198,Oliver Skipp
season,Sub,7,0,0,70,0,0,0,0,2019,Tottenham,0,0,0,0,0,0,7198,Oliver Skipp
season,Sub,8,0,2,207,0.05731949955224991,0,0.028557000681757927,1,2018,Tottenham,0,0,0,0.05731949955224991,0.4829090088605881,0.4829090088605881,7198,Oliver Skipp
