group_type,position,games,goals,shots,time,xG,assists,xA,key_passes,season,team,yellow,red,npg,npxG,xGChain,xGBuildup,player_id,player_name
season,Sub,27,4,22,1452,4.768508719280362,1,0.18401378765702248,8,2024,Le Havre,2,0,4,4.768508719280362,5.055441688746214,1.2997811660170555,713,André Ayew
season,Sub,19,5,33,1106,3.90908195823431,0,1.1872607376426458,8,2023,Le Havre,2,1,5,3.90908195823431,5.20885119214654,0.7863170336931944,713,André Ayew
season,Sub,13,0,4,286,0.9884005077183247,0,0.03319670632481575,1,2022,Nottingham Forest,1,0,0,0.2272314913570881,1.1744301989674568,0.914002001285553,713,André Ayew
season,Sub,12,0,13,967,1.302622027695179,2,1.183495707809925,12,2017,Swansea,3,0,0,1.302622027695179,2.887883696705103,0.5273213051259518,713,André Ayew
season,AMR,18,3,13,892,3.445202235132456,2,0.32300548627972603,4,2017,West Ham,2,0,3,2.684031192213297,2.1241005025804043,1.3087850920856,713,André Ayew
season,FWR,25,6,33,1432,7.654208952561021,3,2.3669463582336903,15,2016,West Ham,1,0,6,7.654208952561021,9.077346838079393,1.3524769023060799,713,André Ayew
season,AMR,34,12,67,2967,8.46296308748424,2,2.337733743712306,23,2015,Swansea,5,0,12,8.46296308748424,12.215979408472776,3.8303366722539067,713,André Ayew
season,Sub,28,9,52,2394,9.591964144259691,3,3.1952703688293695,22,2014,Marseille,6,0,9,9.591964144259691,14.156410358846188,6.737746065482497,713,André Ayew
