group_type,position,games,goals,shots,time,xG,assists,xA,key_passes,season,team,yellow,red,npg,npxG,xGChain,xGBuildup,player_id,player_name
season,Sub,19,0,5,1241,0.6410849327221513,0,0.5715384930372238,6,2025,Manchester City,2,0,0,0.6410849327221513,6.084422867745161,5.608813416212797,11763,Abduqodir Khusanov
season,Sub,13,0,5,978,0.21397934388369322,0,0.3007875084877014,2,2024,Lens,2,1,0,0.21397934388369322,2.1697800625115633,2.1552239637821913,11763,Abduqodir Khusanov
season,DC,6,0,1,506,0.015545766800642014,0,0.10573065932840109,2,2024,Manchester City,1,0,0,0.015545766800642014,2.7786731719970703,2.763522148132324,11763,Abduqodir Khusanov
season,DC,11,0,5,819,0.19425269588828087,0,0.07268452644348145,1,2023,Lens,4,0,0,0.19425269588828087,1.763464143499732,1.635731739923358,11763,Abduqodir Khusanov
