group_type,position,games,goals,shots,time,xG,assists,xA,key_passes,season,team,yellow,red,npg,npxG,xGChain,xGBuildup,player_id,player_name
season,MC,14,0,5,586,0.35252193361520767,1,0.43686695769429207,6,2025,Auxerre,0,0,0,0.35252193361520767,1.3758697211742401,0.5864808410406113,9274,Naouirou Ahamada
season,Sub,3,0,1,51,0.021729638800024986,0,0,0,2024,Rennes,0,0,0,0.021729638800024986,0.07539382576942444,0.0536641851067543,9274,Naouirou Ahamada
season,Sub,20,0,9,282,0.5298433359712362,0,0.05646481364965439,1,2023,Crystal Palace,2,1,0,0.5298433359712362,2.506193021312356,1.9648387469351292,9274,Naouirou Ahamada
season,MC,17,2,16,1426,0.6138978954404593,2,1.1083042230457067,16,2022,VfB Stuttgart,2,1,2,0.6138978954404593,5.5820237547159195,4.412002116441727,9274,Naouirou Ahamada
season,Sub,8,0,3,73,0.18205039761960506,0,0.09168640151619911,2,2022,Crystal Palace,1,0,0,0.18205039761960506,0.21593520045280457,0.02503580041229725,9274,Naouirou Ahamada
season,Sub,3,0,0,54,0,0,0,0,2021,VfB Stuttgart,0,0,0,0,0.09028729796409607,0.09028729796409607,9274,Naouirou Ahamada
season,Sub,6,0,5,252,0.21398639678955078,0,0.01823519915342331,1,2020,VfB Stuttgart,2,1,0,0.21398639678955078,0.6984840724617243,0.466262886300683,9274,Naouirou Ahamada
