group_type,position,games,goals,shots,time,xG,assists,xA,key_passes,season,team,yellow,red,npg,npxG,xGChain,xGBuildup,player_id,player_name
season,DC,3,0,0,165,0,0,0,0,2024,Ipswich,1,0,0,0,0.225624181330204,0.225624181330204,7689,Ben Godfrey
season,Sub,1,0,0,21,0,0,0,0,2024,Atalanta,0,0,0,0,0,0,7689,Ben Godfrey
season,Sub,15,0,15,1131,2.1673798076808453,0,0.20296811684966087,3,2023,Everton,2,0,0,2.1673798076808453,1.4282750822603703,1.147367212921381,7689,Ben Godfrey
season,DC,13,0,6,799,0.7159480974078178,1,0.14869730174541473,3,2022,Everton,2,0,0,0.7159480974078178,0.38376419991254807,0.12421739473938942,7689,Ben Godfrey
season,DC,23,0,18,2034,1.3012615218758583,0,0.7069949032738805,12,2021,Everton,6,0,0,1.3012615218758583,2.775720400735736,2.278058306314051,7689,Ben Godfrey
season,Sub,31,0,14,2682,0.7931147944182158,2,0.9784833025187254,4,2020,Everton,4,0,0,0.7931147944182158,5.550381664186716,4.866148971021175,7689,Ben Godfrey
season,DC,30,0,15,2649,0.8582229670137167,0,0.07431050203740597,3,2019,Norwich,3,1,0,0.8582229670137167,6.353032384999096,6.246153076179326,7689,Ben Godfrey
