group_type,position,games,goals,shots,time,xG,assists,xA,key_passes,season,team,yellow,red,npg,npxG,xGChain,xGBuildup,player_id,player_name
season,DMR,26,4,23,2196,2.8401929400861263,2,5.010032780468464,24,2025,Crystal Palace,7,0,4,2.8401929400861263,9.951827068813145,4.122145890258253,12408,Daniel Muñoz
season,DMR,37,4,37,3237,5.791526351124048,5,5.942459639161825,45,2024,Crystal Palace,10,0,4,5.791526351124048,17.36301911622286,7.908812275156379,12408,Daniel Muñoz
season,DR,16,0,8,1440,1.7550712414085865,4,3.085336983203888,21,2023,Crystal Palace,4,0,0,1.7550712414085865,6.9232857301831245,3.610450681298971,12408,Daniel Muñoz
