group_type,position,games,goals,shots,time,xG,assists,xA,key_passes,season,team,yellow,red,npg,npxG,xGChain,xGBuildup,player_id,player_name
season,Sub,18,3,30,1212,2.426557875238359,0,0.7153269127011299,11,2016,Sunderland,2,0,3,2.426557875238359,3.6320533752441406,0.8847618978470564,818,Victor Anichebe
season,Sub,10,0,13,355,1.1712062265723944,0,0.31019119545817375,5,2015,West Bromwich Albion,0,0,0,1.1712062265723944,1.362776305526495,0.3371986970305443,818,Victor Anichebe
season,FW,21,3,25,1019,1.8499117121100426,1,1.331590000540018,18,2014,West Bromwich Albion,0,0,3,1.8499117121100426,3.206710606813431,1.0943197682499886,818,Victor Anichebe
