group_type,position,games,goals,shots,time,xG,assists,xA,key_passes,season,team,yellow,red,npg,npxG,xGChain,xGBuildup,player_id,player_name
season,DMR,34,1,11,2879,0.5011931024491787,7,3.519984481856227,34,2016,Cagliari,10,0,1,0.5011931024491787,7.480418156832457,5.698503366671503,1402,Mauricio Isla
season,Sub,23,2,8,1797,0.5905716139823198,1,1.4776009730994701,22,2015,Marseille,1,0,2,0.5905716139823198,6.610376862809062,5.26572725456208,1402,Mauricio Isla
season,Sub,1,0,0,9,0,0,0.07004079967737198,1,2015,Juventus,0,0,0,0,0.07004079967737198,0.07004079967737198,1402,Mauricio Isla
season,DMR,26,0,7,2128,0.3045692080631852,2,2.828330373391509,30,2014,Queens Park Rangers,4,0,0,0.3045692080631852,7.571905996650457,5.911911765113473,1402,Mauricio Isla
