group_type,position,games,goals,shots,time,xG,assists,xA,key_passes,season,team,yellow,red,npg,npxG,xGChain,xGBuildup,player_id,player_name
season,Sub,3,0,0,185,0,0,0,0,2018,Watford,0,0,0,0,0.09675510227680206,0.09675510227680206,567,Miguel Britos
season,DC,12,1,3,798,0.8243592055514455,0,0.8880611248314381,3,2017,Watford,3,1,1,0.8243592055514455,1.6663381345570087,1.07122702896595,567,Miguel Britos
season,DC,27,1,18,2291,2.0071697011590004,2,1.5747581291943789,7,2016,Watford,6,2,1,2.0071697011590004,2.35990557866171,2.0335670551285148,567,Miguel Britos
season,DC,24,0,6,2079,0.3842486049979925,0,0,0,2015,Watford,7,0,0,0.3842486049979925,1.1019566962495446,1.1019566962495446,567,Miguel Britos
season,DL,19,1,9,1495,1.054619106464088,0,0.2491476945579052,5,2014,Napoli,7,1,1,1.054619106464088,3.6483752261847258,3.3804643750190735,567,Miguel Britos
