group_type,position,games,goals,shots,time,xG,assists,xA,key_passes,season,team,yellow,red,npg,npxG,xGChain,xGBuildup,player_id,player_name
season,Sub,13,1,10,834,0.7332010110840201,3,0.8731289338320494,12,2025,Fiorentina,0,0,1,0.7332010110840201,4.6025386936962605,3.216062266379595,8720,Jack Harrison
season,Sub,11,0,6,232,0.43386831134557724,0,0.3380284607410431,1,2025,Leeds,0,0,0,0.43386831134557724,1.0663754409179091,0.32905645575374365,8720,Jack Harrison
season,AMR,34,1,29,2102,3.3758146427571774,0,3.650003883987665,33,2024,Everton,0,0,1,3.3758146427571774,7.757276251912117,2.7420455012470484,8720,Jack Harrison
season,Sub,29,3,34,2229,4.149862082675099,3,4.3471535332500935,27,2023,Everton,1,0,3,4.149862082675099,8.462419219315052,2.3600274678319693,8720,Jack Harrison
season,AML,36,5,39,2793,5.013850751332939,7,5.010656230151653,53,2022,Leeds,2,0,5,5.013850751332939,11.75817795842886,4.768079791218042,8720,Jack Harrison
season,ML,35,8,43,2660,5.154695501551032,1,3.4489700738340616,42,2021,Leeds,3,0,8,5.154695501551032,9.2159404437989,4.422536087222397,8720,Jack Harrison
season,ML,36,8,46,2871,6.254035193473101,8,7.523063641041517,59,2020,Leeds,2,0,8,6.254035193473101,19.397482879459858,8.035575471818447,8720,Jack Harrison
