group_type,position,games,goals,shots,time,xG,assists,xA,key_passes,season,team,yellow,red,npg,npxG,xGChain,xGBuildup,player_id,player_name
season,MC,36,3,44,2825,3.5001351330429316,1,2.858655464835465,25,2025,Bournemouth,5,0,3,3.5001351330429316,14.20029591396451,9.97893375903368,12149,Alex Scott
season,DMC,20,0,15,764,0.7000175742432475,0,1.2158988821320236,12,2024,Bournemouth,3,0,0,0.7000175742432475,3.5423473911359906,1.8692646883428097,12149,Alex Scott
season,DMC,23,1,15,997,0.6420764941722155,1,2.070768877863884,22,2023,Bournemouth,3,0,1,0.6420764941722155,4.81823368743062,2.62489465624094,12149,Alex Scott
