group_type,position,games,goals,shots,time,xG,assists,xA,key_passes,season,team,yellow,red,npg,npxG,xGChain,xGBuildup,player_id,player_name
season,DC,4,0,1,330,0.009195007383823395,0,0,0,2025,Brentford,1,0,0,0.009195007383823395,0.10905151441693306,0.10905151441693306,9678,Ethan Pinnock
season,DC,22,2,10,1912,0.9376051723957062,0,1.5102842152118683,8,2024,Brentford,2,0,2,0.9376051723957062,8.141121708787978,7.110404069535434,9678,Ethan Pinnock
season,DC,29,2,19,2521,3.382065122947097,0,0.5834191367030144,4,2023,Brentford,1,0,2,3.382065122947097,5.525476990267634,4.4719733241945505,9678,Ethan Pinnock
season,DC,30,3,15,2700,3.5859055295586586,0,0.6192105077207088,8,2022,Brentford,0,0,3,3.5859055295586586,5.026158023625612,4.340199567377567,9678,Ethan Pinnock
season,DC,32,1,16,2701,1.7465080497786403,1,1.7245045565068722,12,2021,Brentford,1,0,1,1.7465080497786403,6.184837121516466,4.275091532617807,9678,Ethan Pinnock
