group_type,position,games,goals,shots,time,xG,assists,xA,key_passes,season,team,yellow,red,npg,npxG,xGChain,xGBuildup,player_id,player_name
season,MC,18,0,5,1247,0.28153689950704575,0,0.17572339996695518,5,2020,West Bromwich Albion,2,1,0,0.28153689950704575,2.1714072339236736,1.860429123044014,1689,Jake Livermore
season,MC,34,2,15,2677,2.63809828273952,2,1.529144805856049,20,2017,West Bromwich Albion,5,0,2,2.63809828273952,5.553389195352793,3.6159899905323982,1689,Jake Livermore
season,DC,21,1,21,1679,1.0678158951923251,1,0.7396699897944927,9,2016,Hull,3,1,1,1.0678158951923251,3.4067531153559685,2.0575918946415186,1689,Jake Livermore
season,MC,16,0,12,1310,0.4993327036499977,0,0.949528194963932,11,2016,West Bromwich Albion,2,0,0,0.4993327036499977,1.854758895933628,0.9780897907912731,1689,Jake Livermore
season,MC,35,1,34,3041,1.2238705987110734,1,0.993219256401062,27,2014,Hull,10,0,1,1.2238705987110734,5.719377714209259,4.0348909217864275,1689,Jake Livermore
