group_type,position,games,goals,shots,time,xG,assists,xA,key_passes,season,team,yellow,red,npg,npxG,xGChain,xGBuildup,player_id,player_name
season,DR,29,0,6,2242,0.19267609994858503,1,1.8915132358670235,16,2022,Hertha Berlin,3,0,0,0.19267609994858503,6.129555940628052,4.212192125618458,1084,Jonjoe Kenny
season,Sub,15,0,5,1014,0.162637104280293,1,0.575873407535255,11,2021,Everton,1,1,0,0.162637104280293,1.737845478579402,1.1255668858066201,1084,Jonjoe Kenny
season,DR,4,0,0,81,0,0,0,0,2020,Everton,0,0,0,0,0.24064500629901886,0.24064500629901886,1084,Jonjoe Kenny
season,DR,31,2,12,2732,1.1650716923177242,3,1.1544625936076045,15,2019,Schalke 04,5,0,2,1.1650716923177242,5.362749827094376,4.135393099859357,1084,Jonjoe Kenny
season,DR,10,0,3,791,0.08505230210721493,1,0.8401083759963512,6,2018,Everton,1,0,0,0.08505230210721493,2.8414307720959187,1.963769007474184,1084,Jonjoe Kenny
season,Sub,19,0,3,1585,0.17796930111944675,1,1.7238540276885033,10,2017,Everton,2,0,0,0.17796930111944675,3.273370096459985,2.2353800032287836,1084,Jonjoe Kenny
season,Sub,1,0,0,11,0,0,0,0,2016,Everton,0,0,0,0,0,0,1084,Jonjoe Kenny
season,Sub,1,0,1,62,0.09364970028400421,0,0,0,2015,Everton,0,0,0,0.09364970028400421,0.09364970028400421,0,1084,Jonjoe Kenny
