group_type,position,games,goals,shots,time,xG,assists,xA,key_passes,season,team,yellow,red,npg,npxG,xGChain,xGBuildup,player_id,player_name
season,AMC,31,4,29,1991,2.927513236179948,4,6.193975310772657,38,2025,Brentford,0,0,4,2.927513236179948,11.820186257362366,6.107028184458613,8859,Mikkel Damsgaard
season,Sub,38,2,35,2978,3.476722192019224,9,9.246257283724844,63,2024,Brentford,2,0,2,3.476722192019224,19.425128288567066,11.846998741850257,8859,Mikkel Damsgaard
season,Sub,23,0,9,797,0.8753717057406902,2,2.291341120377183,10,2023,Brentford,2,0,0,0.8753717057406902,4.728561159223318,2.396734122186899,8859,Mikkel Damsgaard
season,Sub,26,0,12,963,2.660358265042305,0,1.7436131360009313,11,2022,Brentford,4,0,0,2.660358265042305,5.63767113443464,2.2835514806210995,8859,Mikkel Damsgaard
season,ML,11,0,12,573,0.5251408033072948,0,0.5429018875584006,11,2021,Sampdoria,1,0,0,0.5251408033072948,2.403517924249172,1.6756899803876877,8859,Mikkel Damsgaard
season,Sub,35,2,25,1773,3.343836505897343,4,2.121301726438105,25,2020,Sampdoria,3,0,2,3.343836505897343,7.305473066866398,3.9241935685276985,8859,Mikkel Damsgaard
