group_type,position,games,goals,shots,time,xG,assists,xA,key_passes,season,team,yellow,red,npg,npxG,xGChain,xGBuildup,player_id,player_name
season,FW,16,13,65,1327,13.152891486883163,2,1.4864572249352932,7,2025,Roma,1,0,10,10.868994995951653,13.679793395102024,3.2448225058615208,9749,Donyell Malen
season,Sub,21,4,26,600,4.73893653601408,1,0.36938193812966347,7,2025,Aston Villa,0,0,4,4.73893653601408,6.387579720467329,1.917095586657524,9749,Donyell Malen
season,DML,14,3,19,602,3.2217883467674255,0,0.3619210720062256,1,2024,Borussia Dortmund,1,0,3,3.2217883467674255,5.1158352345228195,2.273415695875883,9749,Donyell Malen
season,Sub,14,3,15,265,3.0199847873300314,0,0.1801445484161377,3,2024,Aston Villa,0,0,3,3.0199847873300314,3.2656293623149395,0.11952173337340355,9749,Donyell Malen
season,AMR,27,13,72,1797,9.379874732345343,1,3.6280691251158714,22,2023,Borussia Dortmund,5,0,13,9.379874732345343,15.993896249681711,6.437888169661164,9749,Donyell Malen
season,FWL,26,9,62,1754,10.436273377388716,6,5.750813579186797,29,2022,Borussia Dortmund,0,0,9,10.436273377388716,19.17952760308981,5.9087957832962275,9749,Donyell Malen
season,Sub,27,5,47,1710,6.34764713793993,3,3.6256154365837574,22,2021,Borussia Dortmund,2,0,5,6.34764713793993,10.095488775521517,3.6405910262838006,9749,Donyell Malen
