group_type,position,games,goals,shots,time,xG,assists,xA,key_passes,season,team,yellow,red,npg,npxG,xGChain,xGBuildup,player_id,player_name
season,DC,4,0,0,153,0,0,0,0,2022,Tottenham,0,0,0,0,0.058575499802827835,0.058575499802827835,8222,Japhet Tanganga
season,DR,11,0,7,751,0.44864410534501076,0,0.24557200074195862,2,2021,Tottenham,2,1,0,0.44864410534501076,1.5058241300284863,1.3856447152793407,8222,Japhet Tanganga
season,DR,6,0,2,496,0.20077680051326752,0,0.5815759897232056,1,2020,Tottenham,2,0,0,0.20077680051326752,1.3993397988379002,0.8177647925913334,8222,Japhet Tanganga
season,DR,6,0,3,528,0.05346819758415222,0,0.029117800295352936,1,2019,Tottenham,1,0,0,0.05346819758415222,0.7489592954516411,0.7084564007818699,8222,Japhet Tanganga
