group_type,position,games,goals,shots,time,xG,assists,xA,key_passes,season,team,yellow,red,npg,npxG,xGChain,xGBuildup,player_id,player_name
season,DC,19,1,4,1418,0.6747798472642899,0,0.2880069650709629,3,2024,Southampton,2,2,1,0.6747798472642899,3.423359040170908,3.3818592466413975,1735,Jack Stephens
season,Sub,15,0,2,1172,0.22259140014648438,0,0.25881170853972435,3,2022,Bournemouth,3,0,0,0.22259140014648438,1.818212654441595,1.6296761482954025,1735,Jack Stephens
season,Sub,2,0,0,43,0,0,0,0,2022,Southampton,0,0,0,0,0.04521220177412033,0.04521220177412033,1735,Jack Stephens
season,DC,11,0,0,806,0,0,0.2442820966243744,4,2021,Southampton,3,0,0,0,1.7434164825826883,1.6893003806471825,1735,Jack Stephens
season,DC,18,0,6,1544,0.8943026959896088,0,0.4556563999503851,6,2020,Southampton,2,0,0,0.8943026959896088,3.0810884833335876,2.751403979025781,1735,Jack Stephens
season,DC,28,1,6,2456,0.9333298057317734,3,1.1747866906225681,8,2019,Southampton,4,1,1,0.9333298057317734,5.805270466953516,4.6531886495649815,1735,Jack Stephens
season,DC,24,1,7,1695,1.4581488966941833,0,0.22872400376945734,5,2018,Southampton,4,0,1,1.4581488966941833,3.6447635516524315,3.2035262109711766,1735,Jack Stephens
season,DC,22,2,11,1980,1.3008270058780909,0,0.23919738922268152,4,2017,Southampton,6,1,2,1.3008270058780909,2.780479608103633,2.557242624461651,1735,Jack Stephens
season,DC,17,0,4,1468,0.3511767014861107,1,0.9190052039921284,4,2016,Southampton,1,0,0,0.3511767014861107,3.6211595591157675,2.5788360144943,1735,Jack Stephens
