group_type,position,games,goals,shots,time,xG,assists,xA,key_passes,season,team,yellow,red,npg,npxG,xGChain,xGBuildup,player_id,player_name
season,FWL,26,3,32,2005,2.7264585187658668,1,3.4819580065086484,44,2018,Chievo,8,0,2,1.2038609012961388,8.395425038412213,5.801781066693366,1033,Emanuele Giaccherini
season,MC,13,3,6,912,0.2745648855343461,3,0.8826822098344564,15,2017,Chievo,4,0,3,0.2745648855343461,1.6911113038659096,0.7857918115332723,1033,Emanuele Giaccherini
season,Sub,4,0,1,57,0.0762413963675499,0,0.15704399719834328,2,2017,Napoli,2,0,0,0.0762413963675499,0.4220590926706791,0.28542499244213104,1033,Emanuele Giaccherini
season,Sub,16,1,7,272,1.0563569217920303,0,0.014322100207209587,1,2016,Napoli,0,0,1,1.0563569217920303,1.7175991907715797,0.6612426936626434,1033,Emanuele Giaccherini
season,AML,28,7,45,2190,3.8908779257908463,0,4.325322697870433,41,2015,Bologna,7,0,7,3.8908779257908463,7.616135556250811,2.4170559775084257,1033,Emanuele Giaccherini
season,Sub,8,0,8,292,0.33444739505648613,0,0.5553947146981955,10,2014,Sunderland,2,0,0,0.33444739505648613,0.9628251008689404,0.33459129370748997,1033,Emanuele Giaccherini
