group_type,position,games,goals,shots,time,xG,assists,xA,key_passes,season,team,yellow,red,npg,npxG,xGChain,xGBuildup,player_id,player_name
season,Sub,17,0,4,1248,0.38683430664241314,0,0.05485789943486452,3,2017,Stoke,3,0,0,0.38683430664241314,1.4556186888366938,1.4418286923319101,1743,Bruno Martins Indi
season,DC,35,1,18,3149,1.6193588357418776,0,0.12825839594006538,2,2016,Stoke,5,0,1,1.6193588357418776,4.1969079012051225,4.108620801009238,1743,Bruno Martins Indi
