group_type,position,games,goals,shots,time,xG,assists,xA,key_passes,season,team,yellow,red,npg,npxG,xGChain,xGBuildup,player_id,player_name
season,Sub,33,2,22,1823,2.9235164280980825,1,3.245670160278678,25,2020,West Bromwich Albion,1,0,2,2.9235164280980825,7.040547264739871,2.6132324263453484,1737,Matt Phillips
season,MR,30,2,28,2097,2.595402989536524,2,3.2734625097364187,33,2017,West Bromwich Albion,3,0,2,2.595402989536524,5.739621663466096,2.1270166896283627,1737,Matt Phillips
season,MR,27,4,47,2208,2.8540003206580877,8,4.393438269384205,33,2016,West Bromwich Albion,2,0,4,2.8540003206580877,6.104342736303806,1.3419111873954535,1737,Matt Phillips
season,Sub,25,3,42,1827,3.0864788740873337,8,3.036336817778647,34,2014,Queens Park Rangers,1,0,3,3.0864788740873337,5.406236808747053,1.1094425106421113,1737,Matt Phillips
