group_type,position,games,goals,shots,time,xG,assists,xA,key_passes,season,team,yellow,red,npg,npxG,xGChain,xGBuildup,player_id,player_name
season,Sub,6,0,0,107,0,0,0,0,2019,West Ham,0,0,0,0,0.2528734989464283,0.2528734989464283,667,Carlos Sánchez
season,Sub,7,0,3,233,0.057125999592244625,0,0.045512400567531586,2,2018,West Ham,0,0,0,0.057125999592244625,0.636942807585001,0.54633560590446,667,Carlos Sánchez
season,MC,14,0,4,1123,0.06935649830847979,0,0.30740789510309696,3,2017,Espanyol,3,0,0,0.06935649830847979,1.8788255732506514,1.5747380834072828,667,Carlos Sánchez
season,MC,9,1,5,358,0.8052649963647127,0,0,0,2017,Fiorentina,2,0,1,0.8052649963647127,0.4994560033082962,0.4145057052373886,667,Carlos Sánchez
season,Sub,31,1,16,2142,1.3887729765847325,1,0.27090330235660076,9,2016,Fiorentina,6,0,1,1.3887729765847325,6.195495016872883,5.801220078021288,667,Carlos Sánchez
season,Sub,20,0,13,1373,0.36579716950654984,0,0.377815212123096,4,2015,Aston Villa,3,0,0,0.36579716950654984,2.6664146250113845,2.467636733315885,667,Carlos Sánchez
season,Sub,28,1,17,1987,0.3707006284967065,0,0.7029740959405899,9,2014,Aston Villa,6,1,1,0.3707006284967065,3.6336561497300863,3.2398287495598197,667,Carlos Sánchez
