group_type,position,games,goals,shots,time,xG,assists,xA,key_passes,season,team,yellow,red,npg,npxG,xGChain,xGBuildup,player_id,player_name
season,DC,12,0,2,841,0.06427290011197329,0,0.007175330072641373,1,2015,Bournemouth,0,0,0,0.06427290011197329,0.3273781668394804,0.32020286843180656,828,Sylvain Distin
season,DC,13,0,1,1081,0.05637820065021515,0,0.09756070002913475,3,2014,Everton,0,0,0,0.05637820065021515,2.0827347952872515,2.001878598704934,828,Sylvain Distin
