group_type,position,games,goals,shots,time,xG,assists,xA,key_passes,season,team,yellow,red,npg,npxG,xGChain,xGBuildup,player_id,player_name
season,Sub,3,0,0,166,0,0,0.05560529977083206,1,2018,Arsenal,0,0,0,0,1.2273359894752502,1.2273359894752502,938,Carl Jenkinson
season,DR,1,0,0,84,0,0,0,0,2016,Arsenal,0,0,0,0,0.012359900400042534,0.012359900400042534,938,Carl Jenkinson
season,DR,20,2,7,1220,0.6154201049357653,0,1.1373541913926601,6,2015,West Ham,3,1,2,0.6154201049357653,5.472481181845069,3.738781973719597,938,Carl Jenkinson
season,Sub,32,0,13,2660,1.1120519153773785,2,2.1274429839104414,22,2014,West Ham,2,0,0,1.1120519153773785,7.774099243804812,5.7153421230614185,938,Carl Jenkinson
