group_type,position,games,goals,shots,time,xG,assists,xA,key_passes,season,team,yellow,red,npg,npxG,xGChain,xGBuildup,player_id,player_name
season,FW,16,4,38,1275,5.422944080084562,0,0.747508816421032,12,2025,West Ham,6,0,4,5.422944080084562,5.618651432916522,1.1299780290573835,10948,Valentín Castellanos
season,FW,11,2,20,697,2.0615241527557373,3,2.2245636619627476,8,2025,Lazio,2,0,2,2.0615241527557373,3.8235652800649405,0.3274112157523632,10948,Valentín Castellanos
season,FW,29,10,108,2407,16.131397516466677,3,3.629513030871749,26,2024,Lazio,9,1,8,13.84750095102936,19.230164020322263,5.09424526616931,10948,Valentín Castellanos
season,Sub,35,4,54,1650,6.691938574425876,3,1.9540263283997774,19,2023,Lazio,2,0,4,6.691938574425876,10.104372954927385,3.248108034953475,10948,Valentín Castellanos
season,FW,35,13,86,2664,14.019209953024983,0,1.6325436383485794,15,2022,Girona,11,0,12,13.275932939723134,14.273264510557055,2.4223936777561903,10948,Valentín Castellanos
