group_type,position,games,goals,shots,time,xG,assists,xA,key_passes,season,team,yellow,red,npg,npxG,xGChain,xGBuildup,player_id,player_name
season,Sub,3,0,1,8,0.05484353378415108,0,0,0,2024,Fulham,0,0,0,0.05484353378415108,0.05484353378415108,0,7395,Carlos Vinicius
season,Sub,13,2,9,286,1.6243880316615105,0,0.5761066563427448,5,2023,Fulham,2,0,2,1.6243880316615105,3.164248041808605,1.0699065858498216,7395,Carlos Vinicius
season,Sub,28,5,21,1079,3.5915758907794952,2,0.5233518667519093,8,2022,Fulham,3,0,5,3.5915758907794952,5.013299356214702,1.3816988291218877,7395,Carlos Vinicius
season,Sub,9,1,7,300,1.2549914866685867,0,0.10279390215873718,2,2020,Tottenham,2,0,1,1.2549914866685867,1.4212629944086075,0.08671839907765388,7395,Carlos Vinicius
season,Sub,16,2,15,493,2.7689920999109745,1,0.47246469743549824,7,2018,Monaco,3,0,2,2.7689920999109745,2.4890331216156483,0.29065200686454773,7395,Carlos Vinicius
