group_type,position,games,goals,shots,time,xG,assists,xA,key_passes,season,team,yellow,red,npg,npxG,xGChain,xGBuildup,player_id,player_name
season,AML,21,3,39,1655,5.1400278974324465,2,2.0649154102429748,17,2019,Toulouse,4,0,1,2.85973890312016,5.91184857301414,2.600760217756033,464,Max Gradel
season,AML,36,11,120,3240,14.25002335011959,5,6.057097563520074,53,2018,Toulouse,6,0,7,8.169391363859177,15.282373946160078,5.334317825734615,464,Max Gradel
season,ML,29,8,69,2420,7.475238494575024,1,4.670558389276266,44,2017,Toulouse,5,1,4,3.674767404794693,8.305693920701742,2.74668007530272,464,Max Gradel
season,Sub,11,0,5,107,0.2880242057144642,0,0.138032004237175,1,2016,Bournemouth,3,0,0,0.2880242057144642,0.459123607724905,0.09115229919552803,464,Max Gradel
season,ML,14,1,18,918,1.706090216524899,2,0.682281706482172,10,2015,Bournemouth,1,0,1,1.706090216524899,2.496540807187557,0.6888830978423357,464,Max Gradel
season,AML,31,17,102,2186,14.411359057761729,3,5.481751047074795,46,2014,Saint-Etienne,6,0,13,10.61088475305587,14.291719306260347,2.279516279697418,464,Max Gradel
