group_type,position,games,goals,shots,time,xG,assists,xA,key_passes,season,team,yellow,red,npg,npxG,xGChain,xGBuildup,player_id,player_name
season,FWR,9,0,4,471,0.8573727011680603,1,0.6882325373589993,10,2025,Manchester City,1,0,0,0.8573727011680603,3.5576207786798477,2.509496569633484,11903,Oscar Bobb
season,Sub,12,0,8,415,0.5717304144054651,0,0.8881058543920517,8,2025,Fulham,0,0,0,0.5717304144054651,1.3598540164530277,0.6335487999022007,11903,Oscar Bobb
season,Sub,3,0,0,9,0,0,0.09015875309705734,1,2024,Manchester City,0,0,0,0,0.09015875309705734,0,11903,Oscar Bobb
season,Sub,14,1,4,269,1.49422175437212,1,1.187767542898655,8,2023,Manchester City,0,0,1,1.49422175437212,5.021226137876511,2.8755914717912674,11903,Oscar Bobb
