group_type,position,games,goals,shots,time,xG,assists,xA,key_passes,season,team,yellow,red,npg,npxG,xGChain,xGBuildup,player_id,player_name
season,AMC,18,1,7,463,0.667095934972167,0,1.5534863928332925,12,2025,Borussia M.Gladbach,1,0,1,0.667095934972167,3.324709984473884,1.414455235004425,8191,Giovanni Reyna
season,Sub,16,2,3,321,0.1583574116230011,0,0.4603080227971077,2,2024,Borussia Dortmund,3,0,2,0.1583574116230011,1.2083663679659367,0.6903843618929386,8191,Giovanni Reyna
season,Sub,11,0,9,239,1.0650781691074371,0,1.0050093680620193,7,2023,Borussia Dortmund,1,0,0,1.0650781691074371,4.440231924876571,2.5835784133523703,8191,Giovanni Reyna
season,Sub,9,0,5,206,0.20879216119647026,1,0.39245820976793766,6,2023,Nottingham Forest,0,0,0,0.20879216119647026,1.2173451017588377,0.8090423513203859,8191,Giovanni Reyna
season,Sub,22,7,25,596,4.03692801296711,2,1.4485626854002476,11,2022,Borussia Dortmund,2,0,6,3.279151037335396,5.849157366901636,2.9040713123977184,8191,Giovanni Reyna
season,AMR,10,2,11,434,1.7081096023321152,1,1.9753424003720284,16,2021,Borussia Dortmund,0,0,2,1.7081096023321152,3.4241522662341595,0.9894840195775032,8191,Giovanni Reyna
season,AMC,32,4,38,1985,4.2951662465929985,5,4.956997528672218,35,2020,Borussia Dortmund,1,0,4,4.2951662465929985,14.247163243591785,8.086229480803013,8191,Giovanni Reyna
season,Sub,15,0,4,339,0.22576939314603806,1,0.9767965916544199,5,2019,Borussia Dortmund,2,0,0,0.22576939314603806,3.9279921017587185,3.267911072820425,8191,Giovanni Reyna
