group_type,position,games,goals,shots,time,xG,assists,xA,key_passes,season,team,yellow,red,npg,npxG,xGChain,xGBuildup,player_id,player_name
season,Sub,16,1,15,1006,2.923800505697727,1,1.0360815972089767,12,2022,Brest,5,0,1,2.1637065187096596,4.721166361123323,1.974898299202323,1682,Islam Slimani
season,Sub,12,1,12,578,2.1773216668516397,1,0.8782387115061283,6,2021,Lyon,3,0,1,2.1773216668516397,4.930134242400527,2.178906260058284,1682,Islam Slimani
season,Sub,18,3,18,555,3.0656698867678642,1,2.229637900367379,11,2020,Lyon,0,1,3,3.0656698867678642,5.262965640053153,2.37451153062284,1682,Islam Slimani
season,Sub,1,0,1,17,0.10036899894475937,0,0.07683449983596802,1,2020,Leicester,0,0,0,0.10036899894475937,0.17720399796962738,0,1682,Islam Slimani
season,FW,18,9,53,1285,9.753104330971837,7,4.1906885877251625,32,2019,Monaco,4,1,8,8.99301421828568,15.541187062859535,4.605790726840496,1682,Islam Slimani
season,Sub,12,1,7,226,1.3148727025836706,1,0.0899451021105051,2,2017,Leicester,0,0,1,1.3148727025836706,1.4010724071413279,0.13455850072205067,1682,Islam Slimani
season,Sub,4,0,0,127,0,0,0.41468750685453415,4,2017,Newcastle United,1,0,0,0,0.5855293087661266,0.5316619053483009,1682,Islam Slimani
season,FW,23,7,35,1275,6.823915811255574,4,2.0667077153921127,17,2016,Leicester,1,0,6,6.062746794894338,7.707016736268997,2.0830835541710258,1682,Islam Slimani
