group_type,position,games,goals,shots,time,xG,assists,xA,key_passes,season,team,yellow,red,npg,npxG,xGChain,xGBuildup,player_id,player_name
season,DR,10,0,2,299,0.07378528267145157,1,1.4945278838276863,6,2025,Manchester City,1,0,0,0.07378528267145157,2.6490715742111206,1.2449853271245956,10847,Rico Lewis
season,DMC,28,1,10,1903,1.6414977870881557,2,0.34641725569963455,7,2024,Manchester City,3,1,1,1.6414977870881557,14.292443186044693,12.876099944114685,10847,Rico Lewis
season,DL,16,2,5,802,0.8562885001301765,0,1.7641991823911667,13,2023,Manchester City,1,0,2,0.8562885001301765,6.614272229373455,4.863891489803791,10847,Rico Lewis
season,Sub,14,0,5,904,0.20031758211553097,0,1.379109164699912,11,2022,Manchester City,1,0,0,0.20031758211553097,6.51468688249588,5.571969419717789,10847,Rico Lewis
