group_type,position,games,goals,shots,time,xG,assists,xA,key_passes,season,team,yellow,red,npg,npxG,xGChain,xGBuildup,player_id,player_name
season,Sub,35,3,34,1773,4.159679356962442,0,1.417598308995366,18,2025,Fulham,1,0,3,4.159679356962442,8.092500943690538,3.749872036278248,7230,Emile Smith-Rowe
season,AMC,34,6,37,2101,5.2616774663329124,3,2.434781737625599,24,2024,Fulham,3,0,6,5.2616774663329124,12.505846868269145,6.85691377799958,7230,Emile Smith-Rowe
season,Sub,13,0,15,325,1.5201803892850876,1,0.24036412686109543,4,2023,Arsenal,0,0,0,1.5201803892850876,3.7657799795269966,2.0563183277845383,7230,Emile Smith-Rowe
season,Sub,12,0,4,132,0.3294837065041065,2,1.042964968830347,6,2022,Arsenal,0,0,0,0.3294837065041065,0.7678957134485245,0.1702418066561222,7230,Emile Smith-Rowe
season,AMC,33,10,40,1928,5.36384779214859,2,3.033005226403475,30,2021,Arsenal,1,0,10,5.36384779214859,10.874114144593477,4.788454380817711,7230,Emile Smith-Rowe
season,AMC,20,2,13,1456,1.592160290107131,4,3.622620165348053,27,2020,Arsenal,0,0,2,1.592160290107131,9.538249481469393,5.6345065496861935,7230,Emile Smith-Rowe
season,Sub,2,0,0,96,0,0,0,0,2019,Arsenal,0,0,0,0,0,0,7230,Emile Smith-Rowe
season,Sub,3,0,0,26,0,0,0.43544700741767883,1,2018,RasenBallsport Leipzig,0,0,0,0,0.43544700741767883,0,7230,Emile Smith-Rowe
