group_type,position,games,goals,shots,time,xG,assists,xA,key_passes,season,team,yellow,red,npg,npxG,xGChain,xGBuildup,player_id,player_name
season,Sub,5,0,2,105,0.08448757976293564,0,0,0,2023,Werder Bremen,2,0,0,0.08448757976293564,1.1572114257141948,1.0727238459512591,5247,Naby Keita
season,Sub,8,0,10,290,0.43185498751699924,0,0.7309129983186722,8,2022,Liverpool,1,0,0,0.43185498751699924,1.4848380237817764,0.37378280609846115,5247,Naby Keita
season,MC,23,3,26,1181,2.1447856165468693,1,1.812413688749075,15,2021,Liverpool,3,0,3,2.1447856165468693,7.787591747939587,5.404158726334572,5247,Naby Keita
season,MC,10,0,9,525,0.39325909689068794,0,0.9129509832710028,6,2020,Liverpool,1,0,0,0.39325909689068794,3.5902223363518715,2.329714320600033,5247,Naby Keita
season,Sub,18,2,12,812,1.7233739290386438,3,3.2155399341136217,15,2019,Liverpool,1,0,2,1.7233739290386438,9.588450014591217,5.729770809412003,5247,Naby Keita
season,MC,25,2,27,1407,2.545635223388672,1,1.069607688114047,9,2018,Liverpool,0,0,2,2.545635223388672,12.775824151933193,9.896367259323597,5247,Naby Keita
season,AMC,27,6,42,1970,3.321178615093231,5,4.164140300825238,40,2017,RasenBallsport Leipzig,7,2,6,3.321178615093231,10.610249795019627,5.057679334655404,5247,Naby Keita
season,DMC,31,8,43,2418,4.810895485803485,7,5.058186668902636,40,2016,RasenBallsport Leipzig,8,0,8,4.810895485803485,15.840575125068426,8.005770618095994,5247,Naby Keita
