group_type,position,games,goals,shots,time,xG,assists,xA,key_passes,season,team,yellow,red,npg,npxG,xGChain,xGBuildup,player_id,player_name
season,GK,13,0,0,1170,0,0,0,0,2020,Real Valladolid,0,0,0,0,1.4142475742846727,1.4142475742846727,5087,Roberto Jiménez
season,Sub,9,0,1,790,0.02701609954237938,0,0,0,2019,Alaves,1,0,0,0.02701609954237938,0.23693290539085865,0.23693290539085865,5087,Roberto Jiménez
season,Sub,8,0,0,687,0,0,0,0,2019,West Ham,0,0,0,0,0.12290310114622116,0.12290310114622116,5087,Roberto Jiménez
season,GK,34,0,1,3060,0.06874830275774002,0,0.038496299646794796,2,2017,Malaga,0,0,0,0.06874830275774002,0.14637249894440174,0.13412789907306433,5087,Roberto Jiménez
season,GK,4,0,0,306,0,0,0,0,2016,Espanyol,0,0,0,0,0.02808780036866665,0.02808780036866665,5087,Roberto Jiménez
