group_type,position,games,goals,shots,time,xG,assists,xA,key_passes,season,team,yellow,red,npg,npxG,xGChain,xGBuildup,player_id,player_name
season,MC,23,1,21,1257,1.1215255875140429,6,4.917766118422151,37,2025,Arsenal,0,0,1,1.1215255875140429,11.349363904446363,7.301874028518796,2517,Martin Odegaard
season,MC,30,3,49,2343,5.635795846581459,8,7.852103857323527,63,2024,Arsenal,4,0,2,4.874626979231834,19.575034234672785,11.76090756803751,2517,Martin Odegaard
season,MC,35,8,77,3117,7.670226177200675,10,11.577396512031555,102,2023,Arsenal,2,0,6,6.147925289347768,29.81505699455738,18.138023640960455,2517,Martin Odegaard
season,AMC,37,15,93,3203,9.137760860845447,7,9.209956639446318,77,2022,Arsenal,4,0,15,9.137760860845447,27.893760193139315,15.047104069963098,2517,Martin Odegaard
season,MC,36,7,53,2803,4.223581701517105,4,6.601951729506254,75,2021,Arsenal,4,0,7,4.223581701517105,18.23505182750523,10.91330983582884,2517,Martin Odegaard
season,Sub,14,1,15,865,0.618740500882268,2,1.9558854773640633,19,2020,Arsenal,0,0,1,0.618740500882268,5.297232031822205,4.07069668546319,2517,Martin Odegaard
season,AMC,7,0,3,230,0.17891480028629303,0,0.37261249497532845,5,2020,Real Madrid,0,0,0,0.17891480028629303,0.6706940084695816,0.1682616025209427,2517,Martin Odegaard
season,MC,31,4,50,2545,3.2843532022088766,6,6.726570643484592,62,2019,Real Sociedad,3,0,4,3.2843532022088766,11.995471032336354,8.068087588995695,2517,Martin Odegaard
season,Sub,1,0,0,31,0,0,0.1270820051431656,1,2014,Real Madrid,0,0,0,0,0.20861700177192688,0.20861700177192688,2517,Martin Odegaard
