group_type,position,games,goals,shots,time,xG,assists,xA,key_passes,season,team,yellow,red,npg,npxG,xGChain,xGBuildup,player_id,player_name
season,AMC,21,3,18,936,1.7134401425719261,0,1.3764615170657635,14,2025,Manchester United,2,0,3,1.7134401425719261,4.995950569398701,3.022474971599877,7768,Mason Mount
season,AMC,17,1,20,626,2.9394782911986113,0,0.33556320145726204,8,2024,Manchester United,3,0,1,2.9394782911986113,4.9926538458094,1.9043842209503055,7768,Mason Mount
season,MC,14,1,5,501,0.6238168478012085,0,0.37420978117734194,6,2023,Manchester United,2,0,1,0.6238168478012085,3.08113169670105,2.231110103428364,7768,Mason Mount
season,FWR,24,3,33,1682,2.1364672761410475,2,3.0019248109310865,29,2022,Chelsea,4,0,3,2.1364672761410475,7.29792560543865,4.2961919931694865,7768,Mason Mount
season,AMC,32,11,76,2367,8.522430308163166,10,7.21291824337095,58,2021,Chelsea,4,0,10,7.7612572982907295,18.23220883309841,7.473151002079248,7768,Mason Mount
season,AMC,36,6,82,2891,6.884881563484669,5,9.847691288217902,87,2020,Chelsea,2,0,5,6.123712250962853,21.69607226829976,12.443154769949615,7768,Mason Mount
season,AMC,37,7,78,2894,7.497828083112836,5,5.258457243442535,52,2019,Chelsea,3,0,7,7.497828083112836,16.875008672475815,8.520661786198616,7768,Mason Mount
