group_type,position,games,goals,shots,time,xG,assists,xA,key_passes,season,team,yellow,red,npg,npxG,xGChain,xGBuildup,player_id,player_name
season,Sub,4,0,0,94,0,0,0.018099337816238403,1,2025,West Ham,0,0,0,0,0.06989672780036926,0.06989672780036926,7943,Igor Julio
season,Sub,13,0,1,959,0.08350001275539398,0,0.14276313595473766,2,2024,Brighton,4,0,0,0.08350001275539398,4.970579881221056,4.827816758304834,7943,Igor Julio
season,DC,24,0,5,1640,0.21774271875619888,0,0.623787728138268,7,2023,Brighton,4,0,0,0.21774271875619888,10.448413725942373,10.266164284199476,7943,Igor Julio
season,Sub,27,0,7,2054,0.3714955039322376,0,0.37766479700803757,4,2022,Fiorentina,8,1,0,0.3714955039322376,4.296716351993382,3.9920226158574224,7943,Igor Julio
season,DC,30,0,7,2224,0.42681919410824776,0,0.7489906940609217,6,2021,Fiorentina,3,0,0,0.42681919410824776,6.953881897032261,6.824186898767948,7943,Igor Julio
season,Sub,21,0,1,1155,0.5328999757766724,0,0.11961610242724419,3,2020,Fiorentina,5,0,0,0.5328999757766724,1.7743152789771557,1.7312702648341656,7943,Igor Julio
season,DML,17,0,4,1343,0.12282670009881258,1,1.0806246027350426,6,2019,SPAL 2013,7,0,0,0.12282670009881258,3.7697194553911686,2.818333428353071,7943,Igor Julio
season,DC,9,0,1,605,0.019040999934077263,0,0.023411499336361885,1,2019,Fiorentina,2,0,0,0.019040999934077263,1.0052918009459972,0.9818797819316387,7943,Igor Julio
