group_type,position,games,goals,shots,time,xG,assists,xA,key_passes,season,team,yellow,red,npg,npxG,xGChain,xGBuildup,player_id,player_name
season,FW,8,0,4,404,0.35817818343639374,0,0.1350812464952469,1,2024,Leganes,0,0,0,0.35817818343639374,0.44150425493717194,0.0493881031870842,6144,Sébastien Haller
season,FW,14,0,7,379,0.5566804856061935,1,0.4255511723458767,5,2023,Borussia Dortmund,2,0,0,0.5566804856061935,1.6045382767915726,0.9482564851641655,6144,Sébastien Haller
season,Sub,19,9,34,1248,9.811639262363315,3,2.9800966046750546,16,2022,Borussia Dortmund,1,0,9,9.053862584754825,11.782302178442478,2.9406321942806244,6144,Sébastien Haller
season,Sub,16,3,25,933,2.5546688437461853,0,1.1348687317222357,10,2020,West Ham,0,0,3,2.5546688437461853,3.660330254584551,0.8529492989182472,6144,Sébastien Haller
season,FW,32,7,57,2248,8.484900137409568,1,2.34311880171299,24,2019,West Ham,1,0,7,8.484900137409568,11.102972537279129,2.63970691524446,6144,Sébastien Haller
season,FW,29,15,54,2176,13.694875746965408,9,7.365843757987022,38,2018,Eintracht Frankfurt,3,0,12,11.421543806791306,18.38963846862316,5.616492498666048,6144,Sébastien Haller
season,FW,31,9,41,2355,6.976676066406071,4,3.813451074063778,30,2017,Eintracht Frankfurt,2,0,7,5.461122107692063,10.144115582108498,3.3863165993243456,6144,Sébastien Haller
