group_type,position,games,goals,shots,time,xG,assists,xA,key_passes,season,team,yellow,red,npg,npxG,xGChain,xGBuildup,player_id,player_name
season,Sub,22,2,22,551,3.4796081632375717,1,1.168784772977233,10,2025,Manchester United,3,0,2,3.4796081632375717,6.201449453830719,2.5079737175256014,8044,Joshua Zirkzee
season,Sub,32,3,28,1378,5.218384485691786,1,2.009757675230503,12,2024,Manchester United,2,0,3,5.218384485691786,9.033301264047623,2.963567115366459,8044,Joshua Zirkzee
season,FW,34,12,86,2802,9.106743048876524,4,6.0383808510378,43,2023,Bologna,8,0,10,7.584145395085216,16.887928269803524,6.857426970265806,8044,Joshua Zirkzee
season,Sub,19,2,29,776,3.40135763771832,2,1.2531945845112205,16,2022,Bologna,2,0,2,3.40135763771832,5.4993154136464,2.2934227301739156,8044,Joshua Zirkzee
season,Sub,4,0,1,104,0.04864859953522682,0,0.22915899753570557,1,2020,Parma Calcio 1913,0,0,0,0.04864859953522682,0.7037915922701359,0.4259834960103035,8044,Joshua Zirkzee
season,Sub,3,0,4,93,0.22279399633407593,0,0.09248480200767517,1,2020,Bayern Munich,0,0,0,0.22279399633407593,0.3152790069580078,0,8044,Joshua Zirkzee
season,Sub,9,4,11,288,2.658633567392826,0,0.02270429953932762,1,2019,Bayern Munich,0,0,4,2.658633567392826,3.8705245330929756,1.6296750009059906,8044,Joshua Zirkzee
