group_type,position,games,goals,shots,time,xG,assists,xA,key_passes,season,team,yellow,red,npg,npxG,xGChain,xGBuildup,player_id,player_name
season,Sub,12,0,2,267,0.02436735387891531,0,0.23628720827400684,5,2023,Verona,0,0,0,0.02436735387891531,0.2730931071564555,0.14280128851532936,6856,Rúben Vinagre
season,Sub,2,0,0,13,0,0,0,0,2022,Everton,0,0,0,0,0,0,6856,Rúben Vinagre
season,Sub,2,0,0,173,0,0,0,0,2020,Wolverhampton Wanderers,0,0,0,0,0.17874620109796524,0.17874620109796524,6856,Rúben Vinagre
season,DML,16,0,5,625,0.2878525033593178,0,0.6194771192967892,4,2019,Wolverhampton Wanderers,1,0,0,0.2878525033593178,2.434099517762661,1.9593647047877312,6856,Rúben Vinagre
season,Sub,17,0,4,697,0.4506887122988701,0,0.8691694838926196,6,2018,Wolverhampton Wanderers,1,0,0,0.4506887122988701,3.110600239597261,1.9428526870906353,6856,Rúben Vinagre
