group_type,position,games,goals,shots,time,xG,assists,xA,key_passes,season,team,yellow,red,npg,npxG,xGChain,xGBuildup,player_id,player_name
season,DL,13,0,4,1038,0.10324509628117085,0,0.1447409000247717,4,2016,Swansea,0,0,0,0.10324509628117085,1.1831487957388163,1.0493594855070114,892,Stephen Kingsley
season,DL,4,0,1,357,0.016241900622844696,1,0.6693355739116669,2,2015,Swansea,0,0,0,0.016241900622844696,0.9202796816825867,0.2651877924799919,892,Stephen Kingsley
