group_type,position,games,goals,shots,time,xG,assists,xA,key_passes,season,team,yellow,red,npg,npxG,xGChain,xGBuildup,player_id,player_name
season,Sub,6,0,1,44,0.048741746693849564,0,0,0,2025,Arsenal,0,0,0,0.048741746693849564,0.5345648117363453,0.4858230650424957,7083,Christian Nørgaard
season,MC,34,5,39,2870,5.773721532896161,4,1.9166031386703253,18,2024,Brentford,8,1,5,5.773721532896161,14.599624687805772,11.122066244482994,7083,Christian Nørgaard
season,MC,31,2,36,2556,3.1722932122647762,1,2.970704079605639,24,2023,Brentford,8,0,2,3.1722932122647762,9.006961837410927,6.332392172887921,7083,Christian Nørgaard
season,MC,22,1,19,1794,1.347744394093752,3,3.110040994361043,12,2022,Brentford,6,0,1,1.347744394093752,5.920882418751717,5.308457598090172,7083,Christian Nørgaard
season,MC,35,3,27,3068,4.969032805413008,4,4.0477693835273385,29,2021,Brentford,8,0,3,4.969032805413008,13.346250873059034,7.89542396273464,7083,Christian Nørgaard
season,Sub,6,0,0,331,0,0,0.10969629511237144,2,2018,Fiorentina,0,0,0,0,1.1668890994042158,1.0884930025786161,7083,Christian Nørgaard
