group_type,position,games,goals,shots,time,xG,assists,xA,key_passes,season,team,yellow,red,npg,npxG,xGChain,xGBuildup,player_id,player_name
season,Sub,11,0,1,478,0.03810013830661774,0,0,0,2025,Burnley,0,0,0,0.03810013830661774,0.5445791333913803,0.5064789950847626,10756,Joe Worrall
season,DC,7,0,2,440,0.08149255812168121,0,0.12857882678508759,2,2023,Nottingham Forest,0,1,0,0.08149255812168121,0.3787533640861511,0.3787533640861511,10756,Joe Worrall
season,DC,30,1,7,2210,0.9123191181570292,0,0.567169152200222,4,2022,Nottingham Forest,6,0,1,0.9123191181570292,4.2543785236775875,3.960568632930517,10756,Joe Worrall
