group_type,position,games,goals,shots,time,xG,assists,xA,key_passes,season,team,yellow,red,npg,npxG,xGChain,xGBuildup,player_id,player_name
season,Sub,34,6,46,1600,3.6284728096798062,2,2.7003309801220894,25,2025,Aston Villa,6,0,6,3.6284728096798062,7.783689841628075,3.2805887311697006,2203,Emiliano Buendía
season,Sub,11,2,7,254,0.9033828303217888,0,1.0546951219439507,6,2024,Bayer Leverkusen,0,0,2,0.9033828303217888,2.058793142437935,0.9003096520900726,2203,Emiliano Buendía
season,Sub,12,0,5,48,0.8230422083288431,0,0.046822335571050644,1,2024,Aston Villa,1,0,0,0.8230422083288431,0.956121938303113,0.21528583765029907,2203,Emiliano Buendía
season,Sub,38,5,49,2446,5.6266536470502615,2,4.373138631694019,40,2022,Aston Villa,0,0,5,5.6266536470502615,15.272164912894368,7.626095078885555,2203,Emiliano Buendía
season,AMC,35,4,44,1907,3.0539291193708777,6,4.653005113825202,47,2021,Aston Villa,1,0,4,3.0539291193708777,10.573566023260355,5.318296255543828,2203,Emiliano Buendía
season,AMR,36,1,40,2462,2.1698673060163856,7,7.190957980230451,83,2019,Norwich,6,1,1,2.1698673060163856,12.547951987944543,7.51115495711565,2203,Emiliano Buendía
season,Sub,17,1,13,730,1.0404332056641579,0,0.2507360056042671,5,2015,Getafe,5,1,1,1.0404332056641579,3.046125015243888,1.8742633890360594,2203,Emiliano Buendía
season,Sub,6,0,2,123,0.054590899497270584,0,0.09408839792013168,1,2014,Getafe,1,0,0,0.054590899497270584,0.19805030524730682,0.049371201545000076,2203,Emiliano Buendía
