group_type,position,games,goals,shots,time,xG,assists,xA,key_passes,season,team,yellow,red,npg,npxG,xGChain,xGBuildup,player_id,player_name
season,ML,31,1,44,2248,2.569660095497966,2,1.9145782003179193,36,2021,Norwich,0,0,1,2.569660095497966,4.716784189455211,1.4207799918949604,6523,Milot Rashica
season,Sub,24,3,43,1453,3.689990196377039,1,1.6211802242323756,19,2020,Werder Bremen,0,0,2,2.932213205844164,6.568546002730727,2.9783032834529877,6523,Milot Rashica
season,FWL,28,8,73,2295,6.465040408074856,5,2.692779100500047,40,2019,Werder Bremen,2,0,6,4.19179043918848,8.431756626814604,4.147261442616582,6523,Milot Rashica
season,Sub,26,9,59,1571,6.400966620072722,5,4.246430315077305,30,2018,Werder Bremen,1,0,8,5.643187647685409,10.056342173367739,2.0659022964537144,6523,Milot Rashica
season,FWR,9,1,15,385,1.0413685869425535,0,0.18371629994362593,4,2017,Werder Bremen,0,0,1,1.0413685869425535,1.658857574686408,0.5776572935283184,6523,Milot Rashica
