group_type,position,games,goals,shots,time,xG,assists,xA,key_passes,season,team,yellow,red,npg,npxG,xGChain,xGBuildup,player_id,player_name
season,Sub,8,0,11,503,0.41144488751888275,1,0.5842390954494476,11,2018,Villarreal,1,0,0,0.41144488751888275,1.215027816593647,0.9672562964260578,1016,Miguel Layún
season,DR,16,2,22,1175,1.1077630128711462,0,1.1912621017545462,11,2017,Sevilla,4,0,2,1.1077630128711462,4.507514612749219,2.9548199865967035,1016,Miguel Layún
season,ML,3,1,4,134,0.19060620665550232,0,0.17683909833431244,2,2015,Watford,0,0,1,0.19060620665550232,0.42223670333623886,0.16853634547442198,1016,Miguel Layún
