group_type,position,games,goals,shots,time,xG,assists,xA,key_passes,season,team,yellow,red,npg,npxG,xGChain,xGBuildup,player_id,player_name
season,MC,33,1,14,2583,0.4945291830226779,0,1.24783924408257,18,2025,Wolverhampton Wanderers,11,0,1,0.4945291830226779,5.764212746173143,5.09122209250927,13022,André
season,Sub,33,0,10,2538,0.2956870160996914,0,0.8052516058087349,18,2024,Wolverhampton Wanderers,7,0,0,0.2956870160996914,9.497647654265165,8.866849983111024,13022,André
