group_type,position,games,goals,shots,time,xG,assists,xA,key_passes,season,team,yellow,red,npg,npxG,xGChain,xGBuildup,player_id,player_name
season,Sub,6,0,0,68,0,1,0.3706037104129791,1,2025,Brentford,0,0,0,0,0.3706037104129791,0.3706037104129791,9681,Frank Onyeka
season,MC,31,0,24,2627,1.68868612870574,1,1.5073444563895464,19,2024,Augsburg,8,0,0,1.68868612870574,8.303025526925921,5.712598657235503,9681,Frank Onyeka
season,Sub,2,0,0,18,0,0,0,0,2024,Brentford,0,0,0,0,0,0,9681,Frank Onyeka
season,Sub,26,1,22,1124,2.0069142188876867,2,1.8476180955767632,12,2023,Brentford,8,0,1,2.0069142188876867,6.113463159650564,2.3846182618290186,9681,Frank Onyeka
season,Sub,21,0,9,823,1.3004195326939225,2,0.9003641102463007,7,2022,Brentford,0,0,0,1.3004195326939225,3.751063988544047,1.778751190751791,9681,Frank Onyeka
season,MC,20,0,16,1056,0.7653771908953786,0,0.16351560223847628,4,2021,Brentford,4,0,0,0.7653771908953786,1.5919902855530381,0.9403915964066982,9681,Frank Onyeka
