group_type,position,games,goals,shots,time,xG,assists,xA,key_passes,season,team,yellow,red,npg,npxG,xGChain,xGBuildup,player_id,player_name
season,Sub,25,0,16,1802,0.8897657804191113,2,2.4806708823889494,22,2025,Udinese,4,0,0,0.8897657804191113,6.344974089413881,4.0801223162561655,3729,Hassane Kamara
season,ML,30,1,17,2020,0.7477439409121871,4,3.2552137318998575,25,2024,Udinese,6,1,1,0.7477439409121871,5.070894621312618,3.514498222619295,3729,Hassane Kamara
season,DML,35,1,26,2285,2.5372107615694404,1,2.9129584496840835,21,2023,Udinese,4,0,1,2.5372107615694404,10.385756962466985,6.273619976360351,3729,Hassane Kamara
season,DL,19,1,5,1627,0.1643535951152444,0,0.6610655849799514,10,2021,Watford,3,1,1,0.1643535951152444,3.057586253620684,2.692300446331501,3729,Hassane Kamara
season,DL,11,0,12,547,0.9957510083913803,0,1.279263973236084,3,2021,Nice,2,0,0,0.9957510083913803,3.762716893106699,1.631608096882701,3729,Hassane Kamara
season,DL,36,2,27,2966,1.525959930382669,1,2.4687063256278634,28,2020,Nice,3,0,2,1.525959930382669,10.272526839748025,7.724872341379523,3729,Hassane Kamara
season,DL,23,2,31,1708,1.7112271273508668,0,0.569178031757474,12,2019,Reims,5,0,2,1.7112271273508668,5.462891600094736,3.4974634516984224,3729,Hassane Kamara
season,Sub,16,0,9,910,0.7977660875767469,0,0.36865410953760147,6,2018,Reims,1,0,0,0.7977660875767469,3.2272642999887466,2.2304134657606483,3729,Hassane Kamara
season,Sub,2,0,1,29,0.007711759768426418,0,0,0,2015,Reims,0,0,0,0.007711759768426418,0.007711759768426418,0,3729,Hassane Kamara
