group_type,position,games,goals,shots,time,xG,assists,xA,key_passes,season,team,yellow,red,npg,npxG,xGChain,xGBuildup,player_id,player_name
season,Sub,7,0,3,316,0.19980300217866898,1,0.7161535155028105,6,2021,Lille,1,0,0,0.19980300217866898,0.981354609131813,0.36804659105837345,3638,Hatem Ben Arfa
season,AMC,24,2,33,1719,2.1364378798753023,4,3.5126647911965847,32,2020,Bordeaux,2,0,2,2.1364378798753023,6.777146976441145,3.337309431284666,3638,Hatem Ben Arfa
season,Sub,5,0,2,161,0.04488619975745678,0,0.028077799826860428,1,2019,Real Valladolid,1,0,0,0.04488619975745678,0.12752979807555676,0.11072309873998165,3638,Hatem Ben Arfa
season,Sub,26,7,54,2043,6.972634854726493,2,4.412947416305542,36,2018,Rennes,1,0,5,4.69242016132921,11.427833329886198,5.025962518528104,3638,Hatem Ben Arfa
season,FW,23,0,15,611,1.3349232375621796,1,2.904992638155818,18,2016,Paris Saint Germain,1,0,0,1.3349232375621796,5.540500881150365,2.307855172082782,3638,Hatem Ben Arfa
season,AMC,34,17,92,2855,10.822954665869474,6,4.824299494735897,33,2015,Nice,2,0,12,7.0224867425858974,15.124899607151747,7.116723198443651,3638,Hatem Ben Arfa
season,Sub,8,0,3,383,0.4892523065209389,0,0.4060616958886385,8,2014,Hull,1,0,0,0.4892523065209389,1.0173339694738388,0.3772128038108349,3638,Hatem Ben Arfa
