group_type,position,games,goals,shots,time,xG,assists,xA,key_passes,season,team,yellow,red,npg,npxG,xGChain,xGBuildup,player_id,player_name
season,DC,25,1,10,2243,0.613818702287972,0,0.9680299838073552,8,2020,Tottenham,2,0,1,0.613818702287972,5.900498282164335,5.8572167828679085,639,Toby Alderweireld
season,DC,33,2,15,2959,0.45559822395443916,2,1.2273942260071635,11,2019,Tottenham,7,0,2,0.45559822395443916,8.160162208601832,7.056375397369266,639,Toby Alderweireld
season,DC,34,0,19,2926,0.9871179955080152,0,0.4885507095605135,7,2018,Tottenham,3,0,0,0.9871179955080152,9.215408191084862,8.77471943385899,639,Toby Alderweireld
season,DC,14,0,10,1177,0.35098929796367884,0,0.18142709508538246,3,2017,Tottenham,3,0,0,0.35098929796367884,3.9065468162298203,3.777164436876774,639,Toby Alderweireld
season,DC,30,1,28,2610,1.9968210961669683,0,0.3265845961868763,6,2016,Tottenham,1,0,1,1.9968210961669683,8.036765376105905,7.413335250690579,639,Toby Alderweireld
season,DC,38,4,40,3420,3.0251707853749394,2,0.8221089970320463,10,2015,Tottenham,3,0,4,3.0251707853749394,11.274831731803715,10.825908177532256,639,Toby Alderweireld
season,DC,26,1,18,2264,0.9311116095632315,0,0.6971472166478634,7,2014,Southampton,3,0,1,0.9311116095632315,5.908183524385095,5.1874207155779,639,Toby Alderweireld
