group_type,position,games,goals,shots,time,xG,assists,xA,key_passes,season,team,yellow,red,npg,npxG,xGChain,xGBuildup,player_id,player_name
season,Sub,30,6,51,1936,6.66257359739393,6,4.931021988391876,35,2025,Arsenal,2,0,6,6.66257359739393,13.329620119184256,4.717554397881031,7698,Leandro Trossard
season,Sub,38,8,72,2569,8.742100939154625,7,7.04339361935854,43,2024,Arsenal,2,1,8,8.742100939154625,18.95159810781479,7.050739685073495,7698,Leandro Trossard
season,Sub,34,12,60,1649,9.575767548754811,1,3.252073733136058,24,2023,Arsenal,2,0,12,9.575767548754811,16.976479506120086,5.5028668232262135,7698,Leandro Trossard
season,DML,16,7,38,1350,5.469185333698988,2,1.8049644231796265,23,2022,Brighton,1,0,7,5.469185333698988,9.894183024764061,3.582977244630456,7698,Leandro Trossard
season,Sub,20,1,17,913,1.5992688797414303,10,4.55361295491457,24,2022,Arsenal,0,0,1,1.5992688797414303,6.435605175793171,3.1665393002331257,7698,Leandro Trossard
season,ML,34,8,73,2830,7.961571488529444,3,5.277916149236262,47,2021,Brighton,2,0,7,7.20040250197053,16.139060961082578,5.856930652633309,7698,Leandro Trossard
season,FW,35,5,58,2647,5.41275604814291,5,5.398416018113494,51,2020,Brighton,2,0,5,5.41275604814291,15.99893388338387,7.631561153568327,7698,Leandro Trossard
season,FWL,31,5,41,2018,5.354306818917394,3,4.625107796862721,42,2019,Brighton,0,0,5,5.354306818917394,12.011701306328177,4.779168190434575,7698,Leandro Trossard
