group_type,position,games,goals,shots,time,xG,assists,xA,key_passes,season,team,yellow,red,npg,npxG,xGChain,xGBuildup,player_id,player_name
season,Sub,25,4,34,1015,4.886736177839339,1,0.5158860571682453,8,2024,Southampton,4,0,4,4.886736177839339,5.4832437094300985,0.9347552265971899,11360,Paul Onuachu
season,Sub,11,0,11,390,0.9351124968379736,0,0.3200107105076313,4,2022,Southampton,0,0,0,0.9351124968379736,1.3479153849184513,0.10098399594426155,11360,Paul Onuachu
