group_type,position,games,goals,shots,time,xG,assists,xA,key_passes,season,team,yellow,red,npg,npxG,xGChain,xGBuildup,player_id,player_name
season,DC,11,0,1,606,0.023915300145745277,0,0.09054249711334705,2,2019,Wolverhampton Wanderers,2,0,0,0.023915300145745277,0.7968852017074823,0.7063417974859476,787,Ryan Bennett
season,Sub,5,0,0,335,0,0,0,0,2019,Leicester,0,0,0,0,1.4728022143244743,1.4728022143244743,787,Ryan Bennett
season,DC,34,1,15,3060,1.0000522956252098,0,0.7868757918477058,9,2018,Wolverhampton Wanderers,12,0,1,1.0000522956252098,5.8501778012141585,4.800759092904627,787,Ryan Bennett
season,DC,22,0,8,1842,0.57474460080266,0,0.27777039259672165,4,2015,Norwich,7,0,0,0.57474460080266,1.7487185904756188,1.589243390597403,787,Ryan Bennett
