group_type,position,games,goals,shots,time,xG,assists,xA,key_passes,season,team,yellow,red,npg,npxG,xGChain,xGBuildup,player_id,player_name
season,DL,4,0,2,350,0.10416900366544724,0,0.06725990027189255,2,2017,Marseille,2,0,0,0.10416900366544724,0.17142890393733978,0,1298,Patrice Evra
season,DL,5,0,0,242,0,0,0,0,2017,West Ham,0,0,0,0,0.03990809991955757,0.03990809991955757,1298,Patrice Evra
season,DL,11,1,4,879,0.6917058061808348,0,0.44404518976807594,6,2016,Marseille,3,0,1,0.6917058061808348,4.885347042232752,3.8919652961194515,1298,Patrice Evra
season,Sub,6,0,1,242,0.022529499605298042,0,0,0,2016,Juventus,0,0,0,0.022529499605298042,1.1995049938559532,1.176975391805172,1298,Patrice Evra
season,DML,26,2,16,2045,1.907374992966652,3,1.9296211525797844,26,2015,Juventus,5,1,2,1.907374992966652,7.3079482819885015,5.352313375100493,1298,Patrice Evra
season,DML,21,1,10,1803,1.82173228636384,2,2.1448981054127216,27,2014,Juventus,4,0,1,1.82173228636384,8.329674769192934,5.823189593851566,1298,Patrice Evra
