group_type,position,games,goals,shots,time,xG,assists,xA,key_passes,season,team,yellow,red,npg,npxG,xGChain,xGBuildup,player_id,player_name
season,Sub,21,0,14,580,2.543069673702121,1,0.6098880097270012,6,2025,Manchester City,2,0,0,2.543069673702121,4.509414363652468,2.4023067243397236,11735,Sávio
season,AML,29,1,55,1801,5.246914088726044,8,6.9446608647704124,45,2024,Manchester City,3,0,1,5.246914088726044,16.14704818278551,5.930092327296734,11735,Sávio
season,MR,37,9,45,3062,6.155738043598831,10,8.476998306810856,52,2023,Girona,5,0,9,6.155738043598831,24.98598575219512,13.196425644680858,11735,Sávio
