group_type,position,games,goals,shots,time,xG,assists,xA,key_passes,season,team,yellow,red,npg,npxG,xGChain,xGBuildup,player_id,player_name
season,MC,27,9,39,2306,6.478535166010261,5,3.8693104553967714,44,2025,Newcastle United,5,0,7,4.956197490915656,13.44165362790227,8.73702023178339,8327,Bruno Guimarães
season,MC,38,5,45,3321,4.702356463298202,6,6.579319527372718,52,2024,Newcastle United,7,0,5,4.702356463298202,20.815922878682613,14.020939897745848,8327,Bruno Guimarães
season,MC,37,7,48,3292,4.978310074657202,8,7.888791332021356,62,2023,Newcastle United,8,0,7,4.978310074657202,23.880530774593353,18.56961396895349,8327,Bruno Guimarães
season,MC,32,4,28,2762,2.726729958318174,5,3.8061026968061924,42,2022,Newcastle United,7,0,4,2.726729958318174,16.498836187645793,13.379123143851757,8327,Bruno Guimarães
season,MC,20,0,11,1650,0.8509469665586948,3,3.936435665935278,35,2021,Lyon,2,0,0,0.8509469665586948,10.588894065469503,7.132685329765081,8327,Bruno Guimarães
season,Sub,17,5,23,1031,4.093199659138918,1,1.7428607121109962,12,2021,Newcastle United,4,0,5,4.093199659138918,5.316410129889846,2.585114572197199,8327,Bruno Guimarães
season,MC,33,3,27,1760,2.5404999451711774,1,1.9691572226583958,18,2020,Lyon,6,0,2,1.7804038720205426,13.717924859374762,10.533151436597109,8327,Bruno Guimarães
season,MC,3,0,2,270,0.07463870197534561,0,0.36578280478715897,5,2019,Lyon,1,0,0,0.07463870197534561,1.1248309761285782,1.0398009717464447,8327,Bruno Guimarães
