group_type,position,games,goals,shots,time,xG,assists,xA,key_passes,season,team,yellow,red,npg,npxG,xGChain,xGBuildup,player_id,player_name
season,FW,36,22,81,3112,24.459572710096836,1,3.3952677249908447,23,2025,Brentford,7,0,14,17.60905309021473,22.264072321355343,4.783232398331165,13222,Thiago
season,Sub,8,0,2,148,0.10944201238453388,0,0.11445537582039833,2,2024,Brentford,0,0,0,0.10944201238453388,0.6678886283189058,0.4439912438392639,13222,Thiago
