group_type,position,games,goals,shots,time,xG,assists,xA,key_passes,season,team,yellow,red,npg,npxG,xGChain,xGBuildup,player_id,player_name
season,Sub,4,0,3,33,0.17105042561888695,0,0,0,2024,Everton,1,0,0,0.17105042561888695,0.13712852075695992,0.07517127692699432,11984,Youssef Chermiti
season,Sub,18,0,6,159,0.6035170843824744,0,0.4252763092517853,3,2023,Everton,3,0,0,0.6035170843824744,1.2006155140697956,0.23790132626891136,11984,Youssef Chermiti
