group_type,position,games,goals,shots,time,xG,assists,xA,key_passes,season,team,yellow,red,npg,npxG,xGChain,xGBuildup,player_id,player_name
season,Sub,9,0,7,300,0.46164949238300323,1,1.2211057189852,7,2024,Werder Bremen,0,0,0,0.46164949238300323,1.717530369758606,0.7496853247284889,9619,Issa Kabore
season,DMR,24,0,6,1748,0.3038460947573185,2,3.148332368582487,16,2023,Luton,7,0,0,0.3038460947573185,6.17993501201272,3.283387303352356,9619,Issa Kabore
season,Sub,22,1,8,1001,1.2396751577034593,0,0.9739022292196751,13,2022,Marseille,1,0,1,1.2396751577034593,6.755486303940415,4.760640287771821,9619,Issa Kabore
season,DR,31,0,7,2269,0.25656609889119864,1,1.4669671058654785,20,2021,Troyes,6,2,0,0.25656609889119864,5.540784343145788,4.117690515704453,9619,Issa Kabore
