group_type,position,games,goals,shots,time,xG,assists,xA,key_passes,season,team,yellow,red,npg,npxG,xGChain,xGBuildup,player_id,player_name
season,Sub,23,1,33,1284,4.111795756965876,4,4.21896393597126,29,2025,Chelsea,2,0,1,4.111795756965876,12.953486386686563,6.525954343378544,10552,Alejandro Garnacho
season,Sub,36,6,84,2176,9.43980634957552,2,3.4675094597041607,38,2024,Manchester United,3,0,6,9.43980634957552,16.76700660586357,5.79347936809063,10552,Alejandro Garnacho
season,ML,36,7,100,2601,9.865097627043724,4,5.915270071476698,46,2023,Manchester United,4,0,7,9.865097627043724,18.36983707919717,5.9700166545808315,10552,Alejandro Garnacho
season,Sub,19,3,24,555,3.8779171984642744,2,1.1436776779592037,3,2022,Manchester United,3,0,3,3.8779171984642744,6.564013659954071,1.711940459907055,10552,Alejandro Garnacho
season,Sub,2,0,0,11,0,0,0,0,2021,Manchester United,0,0,0,0,0,0,10552,Alejandro Garnacho
