group_type,position,games,goals,shots,time,xG,assists,xA,key_passes,season,team,yellow,red,npg,npxG,xGChain,xGBuildup,player_id,player_name
season,GK,19,0,0,1710,0,0,0.02407130040228367,1,2018,Burnley,0,0,0,0,0.2834689971059561,0.2593976967036724,609,Joe Hart
season,GK,19,0,0,1710,0,1,0.5941482931375504,2,2017,West Ham,0,0,0,0,1.1857722839340568,0.5916233891621232,609,Joe Hart
season,GK,36,0,0,3240,0,0,0.0179882999509573,1,2016,Torino,2,0,0,0,2.991361099295318,2.973372799344361,609,Joe Hart
season,GK,35,0,0,3112,0,0,0.6797931017354131,2,2015,Manchester City,0,0,0,0,5.089670866727829,4.409875899553299,609,Joe Hart
season,GK,36,0,0,3240,0,0,0,0,2014,Manchester City,1,0,0,0,4.489314075559378,4.489314075559378,609,Joe Hart
