group_type,position,games,goals,shots,time,xG,assists,xA,key_passes,season,team,yellow,red,npg,npxG,xGChain,xGBuildup,player_id,player_name
season,Sub,18,0,7,489,0.24163503013551235,0,0.15134879760444164,2,2022,Crystal Palace,2,0,0,0.24163503013551235,0.9400026239454746,0.7964588776230812,5549,Luka Milivojevic
season,Sub,15,0,8,776,0.2893700925633311,0,0.6418907046318054,10,2021,Crystal Palace,1,0,0,0.2893700925633311,2.9156328924000263,2.5944893695414066,5549,Luka Milivojevic
season,Sub,31,1,19,2374,2.213461126666516,1,1.7734648771584034,21,2020,Crystal Palace,8,1,0,0.6911234292201698,6.36730165919289,5.705258479341865,5549,Luka Milivojevic
season,MC,31,3,31,2519,2.4957163175567985,1,1.7364525254815817,29,2019,Crystal Palace,12,0,1,0.9733782848343253,4.50462407246232,3.9863292016088963,5549,Luka Milivojevic
season,MC,38,12,57,3420,10.49101559491828,2,3.390341717749834,59,2018,Crystal Palace,10,0,2,2.1181955304928124,9.534868837334216,8.298606096766889,5549,Luka Milivojevic
season,MC,36,10,42,3087,7.874590067192912,1,1.2642450015991926,21,2017,Crystal Palace,8,0,3,1.785385811701417,8.746629910543561,8.064284989610314,5549,Luka Milivojevic
season,MC,14,2,14,1230,1.9874194264411926,0,0.6430021040141582,5,2016,Crystal Palace,4,0,0,0.46508159674704075,2.551720794290304,1.9109944943338633,5549,Luka Milivojevic
