group_type,position,games,goals,shots,time,xG,assists,xA,key_passes,season,team,yellow,red,npg,npxG,xGChain,xGBuildup,player_id,player_name
season,FWL,16,2,15,798,0.7518642852082849,0,0.7144423052668571,11,2014,Southampton,2,0,2,0.7518642852082849,1.7446696013212204,0.8644386865198612,4367,Eljero Elia
season,FW,9,0,11,566,0.8255994180217385,0,1.0441645756363869,6,2014,Werder Bremen,1,0,0,0.8255994180217385,2.982413362711668,1.1614600792527199,4367,Eljero Elia
