group_type,position,games,goals,shots,time,xG,assists,xA,key_passes,season,team,yellow,red,npg,npxG,xGChain,xGBuildup,player_id,player_name
season,Sub,7,0,1,88,0.039044611155986786,0,0.076265724375844,2,2025,Crystal Palace,1,0,0,0.039044611155986786,0.48436059802770615,0.3884894046932459,7075,Borna Sosa
season,Sub,19,0,4,1195,0.21374295931309462,0,0.8588731754571199,11,2024,Torino,0,0,0,0.21374295931309462,3.2037295242771506,2.3541967459023,7075,Borna Sosa
season,Sub,2,0,1,32,0.020359061658382416,0,0.012273414991796017,1,2023,VfB Stuttgart,0,0,0,0.020359061658382416,0.09210852533578873,0.09210852533578873,7075,Borna Sosa
season,Sub,25,2,15,1959,1.0440194979310036,7,5.818904811516404,67,2022,VfB Stuttgart,5,0,2,1.0440194979310036,9.952242678962648,7.2642288180068135,7075,Borna Sosa
season,DML,28,1,26,2501,1.079838002100587,8,6.907984648831189,61,2021,VfB Stuttgart,4,0,1,1.079838002100587,12.652582090348005,8.924460940063,7075,Borna Sosa
season,ML,26,0,14,2057,0.5653818966820836,9,6.850907186046243,57,2020,VfB Stuttgart,2,0,0,0.5653818966820836,9.373659269884229,4.801307614892721,7075,Borna Sosa
season,Sub,12,0,6,610,0.28458330035209656,1,1.8548229038715363,15,2018,VfB Stuttgart,3,0,0,0.28458330035209656,3.463414989411831,1.8958472087979317,7075,Borna Sosa
