group_type,position,games,goals,shots,time,xG,assists,xA,key_passes,season,team,yellow,red,npg,npxG,xGChain,xGBuildup,player_id,player_name
season,DMC,28,0,7,2196,0.24097890220582485,2,0.6515110060572624,14,2021,Everton,7,1,0,0.24097890220582485,5.809602355584502,5.090589025989175,1379,Allan
season,MC,24,0,7,2051,0.2417212026193738,0,0.7722849044948816,16,2020,Everton,6,0,0,0.2417212026193738,9.109655421227217,8.364447997882962,1379,Allan
season,MC,23,2,12,1287,0.5716991042718291,1,1.047627117484808,15,2019,Napoli,3,0,2,0.5716991042718291,3.8542500883340836,2.775715507566929,1379,Allan
season,MC,33,1,25,2617,0.9269122770056129,3,2.851896231994033,34,2018,Napoli,10,0,1,0.9269122770056129,19.160995297133923,16.478003811091185,1379,Allan
season,Sub,38,4,37,2864,3.966067654080689,5,3.9354642061516643,34,2017,Napoli,2,0,4,3.966067654080689,19.865122311748564,12.773960368707776,1379,Allan
season,MC,29,1,14,1614,0.5945171006023884,6,4.674038430675864,28,2016,Napoli,3,0,1,0.5945171006023884,10.847620632499456,9.200941901654005,1379,Allan
season,MC,35,3,29,2832,2.3510995861142874,5,4.571653296705335,39,2015,Napoli,5,0,3,2.3510995861142874,16.9812348857522,12.064898254349828,1379,Allan
season,MC,35,1,18,3007,0.9384404961019754,5,3.1178151927888393,40,2014,Udinese,8,0,1,0.9384404961019754,10.18694470077753,7.591568680480123,1379,Allan
