group_type,position,games,goals,shots,time,xG,assists,xA,key_passes,season,team,yellow,red,npg,npxG,xGChain,xGBuildup,player_id,player_name
season,DC,19,0,6,1545,0.6082124067470431,0,0.16814450826495886,4,2025,Burnley,0,0,0,0.6082124067470431,2.7116604670882225,2.586940612643957,11704,Hjalmar Ekdal
season,Sub,8,0,2,440,0.07676978968083858,0,0.029761802405118942,1,2023,Burnley,2,0,0,0.07676978968083858,0.5405235048383474,0.5107617024332285,11704,Hjalmar Ekdal
