group_type,position,games,goals,shots,time,xG,assists,xA,key_passes,season,team,yellow,red,npg,npxG,xGChain,xGBuildup,player_id,player_name
season,Sub,26,2,25,942,1.7907362105324864,0,1.6195761244744062,11,2025,Bournemouth,3,1,2,1.7907362105324864,7.692040719091892,4.515199979767203,10744,Ryan Christie
season,Sub,29,2,33,2150,1.625680811703205,3,3.819417158141732,42,2024,Bournemouth,9,0,2,1.625680811703205,9.731656536459923,6.203945886343718,10744,Ryan Christie
season,AMC,37,0,43,2974,2.0325705148279667,5,6.359501954168081,53,2023,Bournemouth,6,0,0,2.0325705148279667,14.907791091129184,9.681732330471277,10744,Ryan Christie
season,Sub,32,1,33,1857,2.728575311601162,1,2.0688769351691008,29,2022,Bournemouth,2,0,1,2.728575311601162,7.37087413854897,4.095148157328367,10744,Ryan Christie
