group_type,position,games,goals,shots,time,xG,assists,xA,key_passes,season,team,yellow,red,npg,npxG,xGChain,xGBuildup,player_id,player_name
season,Sub,32,1,24,2786,1.5455667236819863,1,0.6074565481394529,9,2025,Sunderland,6,0,1,1.5455667236819863,4.549569208174944,3.7731494531035423,8986,Omar Alderete
season,DC,34,1,38,2999,2.1423439290374517,0,0.9147684648633003,11,2024,Getafe,8,0,1,2.1423439290374517,3.7829769225791097,2.743792448192835,8986,Omar Alderete
season,Sub,32,0,23,2228,2.0292449481785297,1,1.0543783586472273,12,2023,Getafe,7,1,0,2.0292449481785297,3.4851332590915263,3.2615407910197973,8986,Omar Alderete
season,Sub,25,1,17,2055,0.6166931688785553,1,1.0837646760046482,5,2022,Getafe,9,0,1,0.6166931688785553,3.0903337011113763,2.5612133722752333,8986,Omar Alderete
season,DC,29,2,17,2428,0.9768287241458893,0,0.1467041028663516,4,2021,Valencia,15,0,2,0.9768287241458893,2.5416540624573827,2.26557938195765,8986,Omar Alderete
season,DC,17,0,6,1295,0.19849240221083164,0,0.07843990065157413,3,2020,Hertha Berlin,2,0,0,0.19849240221083164,2.2861130153760314,2.2194732120260596,8986,Omar Alderete
