group_type,position,games,goals,shots,time,xG,assists,xA,key_passes,season,team,yellow,red,npg,npxG,xGChain,xGBuildup,player_id,player_name
season,Sub,13,1,14,604,1.6020401045680046,2,2.1137641854584217,12,2020,Parma Calcio 1913,1,0,1,1.6020401045680046,4.31959318742156,2.2076491825282574,841,Graziano Pellè
season,FW,30,11,80,2167,7.350180992856622,6,3.987356685101986,37,2015,Southampton,6,0,11,7.350180992856622,13.013471713289618,3.8928181966766715,841,Graziano Pellè
season,FW,38,12,123,3291,18.616504695266485,2,4.481623421423137,43,2014,Southampton,6,0,12,18.616504695266485,24.78565558232367,5.5981659553945065,841,Graziano Pellè
