group_type,position,games,goals,shots,time,xG,assists,xA,key_passes,season,team,yellow,red,npg,npxG,xGChain,xGBuildup,player_id,player_name
season,AML,25,3,19,518,3.335190050303936,1,0.8927956204861403,8,2021,Tottenham,1,0,3,3.335190050303936,4.809273947030306,0.8813280984759331,8300,Steven Bergwijn
season,Sub,21,1,15,1218,2.093382678925991,3,0.8125872928649187,13,2020,Tottenham,3,0,1,2.093382678925991,4.8143409341573715,2.446276418864727,8300,Steven Bergwijn
season,AML,14,3,9,698,1.1783154681324959,1,1.128514390438795,13,2019,Tottenham,2,0,3,1.1783154681324959,2.9552246779203415,1.4037166964262724,8300,Steven Bergwijn
