group_type,position,games,goals,shots,time,xG,assists,xA,key_passes,season,team,yellow,red,npg,npxG,xGChain,xGBuildup,player_id,player_name
season,MC,28,0,20,2034,1.8757737139239907,2,1.4599017314612865,20,2020,Sheffield United,8,1,0,1.1146046975627542,7.169210961088538,5.258821907453239,7708,John Lundstram
season,MC,34,5,44,2448,5.921481820754707,3,3.8296410171315074,21,2019,Sheffield United,5,0,5,5.921481820754707,12.008115600794554,5.026100870221853,7708,John Lundstram
