group_type,position,games,goals,shots,time,xG,assists,xA,key_passes,season,team,yellow,red,npg,npxG,xGChain,xGBuildup,player_id,player_name
season,DC,26,0,10,2153,0.7267857976257801,2,1.024655893445015,2,2016,Hull,4,0,0,0.7267857976257801,1.030676201917231,1.030676201917231,1686,Curtis Davies
season,DC,21,0,12,1823,1.4156257174909115,0,0.1381611004471779,2,2014,Hull,2,0,0,1.4156257174909115,1.88539763353765,1.3858982156962156,1686,Curtis Davies
