group_type,position,games,goals,shots,time,xG,assists,xA,key_passes,season,team,yellow,red,npg,npxG,xGChain,xGBuildup,player_id,player_name
season,ML,32,3,40,2144,3.1675134040415287,1,1.3379894085228443,25,2018,Cardiff,4,0,3,3.1675134040415287,5.06641336902976,1.2493918761610985,4395,Junior Hoilett
season,Sub,22,0,24,868,0.8032064093276858,0,1.0915372902527452,12,2014,Queens Park Rangers,2,0,0,0.8032064093276858,2.4889727272093296,1.444477604702115,4395,Junior Hoilett
