group_type,position,games,goals,shots,time,xG,assists,xA,key_passes,season,team,yellow,red,npg,npxG,xGChain,xGBuildup,player_id,player_name
season,FW,16,3,26,777,3.4807619526982307,2,1.6862706486135721,15,2025,Roma,1,0,3,3.4807619526982307,5.4050158597528934,1.0331951715052128,10177,Evan Ferguson
season,Sub,13,1,7,199,0.6612573601305485,0,0.6323227137327194,3,2024,Brighton,0,0,1,0.6612573601305485,1.1431790944188833,0.018394822254776955,10177,Evan Ferguson
season,Sub,8,0,5,142,0.820027519017458,0,0.16059298068284988,2,2024,West Ham,0,0,0,0.820027519017458,1.0431457087397575,0.0625251829624176,10177,Evan Ferguson
season,Sub,27,6,33,1364,3.9660524409264326,0,0.6511713527143002,6,2023,Brighton,1,0,6,3.9660524409264326,6.868808541446924,2.484281620942056,10177,Evan Ferguson
season,Sub,19,6,36,950,5.667327303439379,2,0.6870213840156794,11,2022,Brighton,1,0,6,5.667327303439379,8.419608421623707,2.7216656310483813,10177,Evan Ferguson
season,Sub,1,0,0,20,0,0,0,0,2021,Brighton,0,0,0,0,0.021618900820612907,0.021618900820612907,10177,Evan Ferguson
