group_type,position,games,goals,shots,time,xG,assists,xA,key_passes,season,team,yellow,red,npg,npxG,xGChain,xGBuildup,player_id,player_name
season,MR,19,2,16,1136,1.8067023092880845,5,2.185626655817032,29,2015,Sunderland,3,0,1,1.04553338047117,4.058418094180524,2.642054306343198,929,Adam Johnson
season,MR,32,4,25,2085,3.2225716952234507,1,3.918955666013062,39,2014,Sunderland,2,0,3,2.461402678862214,7.580857325345278,4.618602689355612,929,Adam Johnson
