group_type,position,games,goals,shots,time,xG,assists,xA,key_passes,season,team,yellow,red,npg,npxG,xGChain,xGBuildup,player_id,player_name
season,AMR,24,1,15,1184,1.1724078450351954,1,1.552884567528963,14,2025,Nottingham Forest,1,0,1,1.1724078450351954,4.023802410811186,1.8127466365695,8662,Dan Ndoye
season,AML,30,8,52,2166,8.556749558076262,4,4.083700603805482,28,2024,Bologna,4,0,6,7.034151768311858,13.290657203644514,3.7632505763322115,8662,Dan Ndoye
season,MC,32,1,41,1780,6.087033653631806,1,2.24803932569921,22,2023,Bologna,4,0,1,6.087033653631806,11.469716750085354,3.714808417018503,8662,Dan Ndoye
season,FW,3,0,3,200,0.21619200706481934,1,0.18965299427509308,2,2021,Nice,0,0,0,0.21619200706481934,0.7341180145740509,0.3282730057835579,8662,Dan Ndoye
season,Sub,28,1,12,497,0.59242819622159,1,0.6314754039049149,5,2020,Nice,0,0,1,0.59242819622159,2.2141122855246067,1.1244889302179217,8662,Dan Ndoye
