group_type,position,games,goals,shots,time,xG,assists,xA,key_passes,season,team,yellow,red,npg,npxG,xGChain,xGBuildup,player_id,player_name
season,FW,37,11,71,3278,11.44952037371695,3,4.062802174128592,27,2021,Norwich,4,0,8,9.166050033643842,11.974240876734257,1.043409519828856,7696,Teemu Pukki
season,FW,36,11,80,2908,11.524341631680727,3,3.6190149765461683,30,2019,Norwich,3,0,9,10.002006579190493,14.751469133421779,2.368443002924323,7696,Teemu Pukki
