group_type,position,games,goals,shots,time,xG,assists,xA,key_passes,season,team,yellow,red,npg,npxG,xGChain,xGBuildup,player_id,player_name
season,Sub,14,2,20,783,2.100455414503813,0,0.9348020404577255,8,2022,Roma,0,0,2,2.100455414503813,5.346709575504065,2.8767043836414814,771,Georginio Wijnaldum
season,MR,31,1,22,1652,2.4837898798286915,3,2.330908015370369,12,2021,Paris Saint Germain,2,0,1,2.4837898798286915,11.995354720391333,8.056193959899247,771,Georginio Wijnaldum
season,MC,38,2,31,2961,2.8174269553273916,0,1.6629221122711897,21,2020,Liverpool,1,0,2,2.8174269553273916,13.922177974134684,10.476275946944952,771,Georginio Wijnaldum
season,MC,37,4,36,2980,2.651080599054694,0,0.8085468038916588,18,2019,Liverpool,0,0,4,2.651080599054694,13.4786586612463,10.856714563444257,771,Georginio Wijnaldum
season,MC,35,3,30,2749,3.1802032478153706,0,1.9434383204206824,25,2018,Liverpool,3,0,3,3.1802032478153706,14.712284257635474,10.547700267285109,771,Georginio Wijnaldum
season,MC,33,1,38,2392,2.9904263420030475,2,1.640650313347578,22,2017,Liverpool,1,0,1,2.9904263420030475,9.857888711616397,6.885664792731404,771,Georginio Wijnaldum
season,MC,36,6,60,2981,5.565248481929302,9,5.296915907412767,43,2016,Liverpool,2,0,6,5.565248481929302,18.880973957479,10.874715276062489,771,Georginio Wijnaldum
season,AMC,38,11,54,3178,7.928211936727166,5,3.8174392245709896,47,2015,Newcastle United,1,0,10,7.167042950168252,14.637868957594037,5.733465444296598,771,Georginio Wijnaldum
