group_type,position,games,goals,shots,time,xG,assists,xA,key_passes,season,team,yellow,red,npg,npxG,xGChain,xGBuildup,player_id,player_name
season,Sub,2,0,3,21,0.17281011119484901,0,0,0,2025,Burnley,0,0,0,0.17281011119484901,0.1853007897734642,0.012490683235228062,11701,Zeki Amdouni
season,FW,34,5,49,2025,6.100483123213053,1,1.494755046442151,16,2023,Burnley,2,0,4,5.3393142856657505,7.888359908014536,2.6891510486602783,11701,Zeki Amdouni
