group_type,position,games,goals,shots,time,xG,assists,xA,key_passes,season,team,yellow,red,npg,npxG,xGChain,xGBuildup,player_id,player_name
season,DL,25,0,5,1315,0.14565920177847147,1,0.31617192178964615,4,2025,Brentford,2,0,0,0.14565920177847147,2.418498318642378,2.231708014383912,9679,Rico Henry
season,Sub,5,0,0,80,0,0,0,0,2024,Brentford,0,0,0,0,1.0035428777337074,1.0035428777337074,9679,Rico Henry
season,DL,5,0,2,401,0.045370095409452915,1,0.7904934585094452,4,2023,Brentford,1,0,0,0.045370095409452915,2.13233545422554,1.4655016660690308,9679,Rico Henry
season,DL,37,0,22,3260,1.945255502127111,2,3.062078721821308,23,2022,Brentford,4,0,0,1.945255502127111,9.578056741505861,5.399344060570002,9679,Rico Henry
season,DML,34,3,14,2796,1.899935700930655,0,1.872443387284875,18,2021,Brentford,2,0,3,1.899935700930655,9.128159390762448,6.301865139976144,9679,Rico Henry
