group_type,position,games,goals,shots,time,xG,assists,xA,key_passes,season,team,yellow,red,npg,npxG,xGChain,xGBuildup,player_id,player_name
season,DL,28,0,12,1958,1.105150444433093,0,1.8603137182071805,10,2025,Tottenham,4,0,0,1.105150444433093,5.666773609817028,3.065219447016716,10764,Djed Spence
season,Sub,25,1,10,1784,0.417020246386528,2,1.8481179997324944,11,2024,Tottenham,2,1,1,0.417020246386528,6.893741740845144,6.0086276941001415,10764,Djed Spence
season,ML,16,0,2,836,0.0894954688847065,0,0.23739861696958542,6,2023,Genoa,1,0,0,0.0894954688847065,0.6684167422354221,0.45530058443546295,10764,Djed Spence
season,DR,8,0,3,577,0.4907146990299225,0,0.1221688985824585,2,2022,Rennes,0,0,0,0.4907146990299225,1.8635094854980707,1.3521968461573124,10764,Djed Spence
season,Sub,4,0,1,4,0.11410800367593765,0,0,0,2022,Tottenham,0,0,0,0.11410800367593765,0.11410800367593765,0,10764,Djed Spence
