group_type,position,games,goals,shots,time,xG,assists,xA,key_passes,season,team,yellow,red,npg,npxG,xGChain,xGBuildup,player_id,player_name
season,Sub,14,4,16,916,3.947655960917473,1,0.7354808151721954,6,2025,Paris FC,0,0,4,3.947655960917473,4.017964795231819,1.621576115489006,7908,Marshall Munetsi
season,FWR,13,1,14,863,1.8389983009546995,1,0.38085445016622543,3,2025,Wolverhampton Wanderers,2,0,1,1.8389983009546995,3.0971702244132757,1.0005560396239161,7908,Marshall Munetsi
season,MC,19,4,32,1697,5.793545410037041,2,1.5820682309567928,19,2024,Reims,5,0,4,5.793545410037041,8.30055246502161,1.9687500894069672,7908,Marshall Munetsi
season,Sub,14,2,22,1076,2.8331323377788067,1,1.9886701293289661,9,2024,Wolverhampton Wanderers,0,0,2,2.8331323377788067,5.903076875954866,1.3661639597266912,7908,Marshall Munetsi
season,AMC,27,4,44,2187,7.32050568331033,3,1.812375396490097,12,2023,Reims,5,0,4,7.32050568331033,10.674800753593445,3.6056861709803343,7908,Marshall Munetsi
season,MC,34,7,66,2721,8.167121533304453,3,3.349543433636427,32,2022,Reims,6,0,7,8.167121533304453,12.920951191335917,4.104233406484127,7908,Marshall Munetsi
season,MC,24,5,31,1883,4.43908479437232,1,0.6083918027579784,7,2021,Reims,7,0,5,4.43908479437232,6.221503918990493,2.67772095836699,7908,Marshall Munetsi
season,DMC,27,1,12,1922,0.9195910943672061,0,0.21755750384181738,8,2020,Reims,7,1,1,0.9195910943672061,3.0447806138545275,1.9651837833225727,7908,Marshall Munetsi
season,Sub,17,0,4,819,0.17363020591437817,2,0.7446884075179696,5,2019,Reims,3,0,0,0.17363020591437817,1.2507070088759065,0.8239849945530295,7908,Marshall Munetsi
