group_type,position,games,goals,shots,time,xG,assists,xA,key_passes,season,team,yellow,red,npg,npxG,xGChain,xGBuildup,player_id,player_name
season,DL,11,0,7,722,0.15549749974161386,1,0.16375859826803207,4,2015,Aston Villa,4,0,0,0.15549749974161386,0.8549431152641773,0.6551991123706102,899,Kieran Richardson
season,AMC,22,0,9,1349,0.7576623987406492,1,1.1378537900745869,8,2014,Aston Villa,2,1,0,0.7576623987406492,3.9133244091644883,2.186651130206883,899,Kieran Richardson
