group_type,position,games,goals,shots,time,xG,assists,xA,key_passes,season,team,yellow,red,npg,npxG,xGChain,xGBuildup,player_id,player_name
season,DMC,29,0,18,1581,0.5200888710096478,0,0.6776336953043938,6,2025,Brighton,5,0,0,0.5200888710096478,5.511792900972068,4.451778921298683,10527,Carlos Baleba
season,Sub,34,3,44,2717,2.8824724731966853,1,1.6279380414634943,21,2024,Brighton,6,1,3,2.8824724731966853,16.692094990052283,13.264105252921581,10527,Carlos Baleba
season,Sub,27,0,21,1303,0.7727098371833563,0,0.44668083963915706,8,2023,Brighton,7,0,0,0.7727098371833563,5.224796708673239,4.549104126170278,10527,Carlos Baleba
season,DMC,2,0,2,65,0.030348950996994972,0,0,0,2023,Lille,0,0,0,0.030348950996994972,0.5445556640625,0.5142067074775696,10527,Carlos Baleba
season,Sub,19,0,12,460,0.39904543943703175,0,0.05145769938826561,2,2022,Lille,3,1,0,0.39904543943703175,2.4776265285909176,2.221984338015318,10527,Carlos Baleba
