group_type,position,games,goals,shots,time,xG,assists,xA,key_passes,season,team,yellow,red,npg,npxG,xGChain,xGBuildup,player_id,player_name
season,FWL,3,0,8,217,0.3138998933136463,0,0.08914979919791222,4,2016,Watford,0,0,0,0.3138998933136463,0.48842181265354156,0.15795700252056122,939,Mauro Zárate
season,FW,7,2,11,192,1.0060308743268251,1,0.4615541063249111,7,2016,Fiorentina,1,0,2,1.0060308743268251,1.5076001789420843,0.583268292248249,939,Mauro Zárate
season,FWR,15,3,29,796,1.550888579338789,0,1.3420005030930042,20,2015,West Ham,1,0,3,1.550888579338789,3.807389497756958,2.485369622707367,939,Mauro Zárate
season,Sub,15,3,40,692,2.773874392732978,1,0.6684851087629795,12,2015,Fiorentina,2,1,3,2.773874392732978,4.9642803352326155,2.0435798270627856,939,Mauro Zárate
season,AMC,7,2,13,424,0.4390261024236679,1,0.4284241870045662,7,2014,West Ham,1,0,2,0.4390261024236679,0.8943358026444912,0.3738796915858984,939,Mauro Zárate
season,Sub,4,0,4,57,0.2777593908831477,0,0,0,2014,Queens Park Rangers,1,0,0,0.2777593908831477,0.3232553927227855,0.1872369945049286,939,Mauro Zárate
