group_type,position,games,goals,shots,time,xG,assists,xA,key_passes,season,team,yellow,red,npg,npxG,xGChain,xGBuildup,player_id,player_name
season,FW,23,1,18,761,2.6061216220259666,1,0.8675274848937988,3,2019,Brighton,0,0,1,2.6061216220259666,3.274798784404993,0.6036572121083736,882,Glenn Murray
season,FW,38,13,54,2517,11.541342769749463,1,1.118022283539176,12,2018,Brighton,5,0,9,8.49666924867779,8.42803693935275,1.396012045443058,882,Glenn Murray
season,Sub,35,12,52,2204,12.380600294098258,0,1.2383802104741335,16,2017,Brighton,9,0,8,7.8135867696255445,8.483373191207647,1.6577225178480148,882,Glenn Murray
season,Sub,19,3,23,656,3.337014250457287,0,0.4793904833495617,6,2015,Bournemouth,2,0,3,2.575848214328289,3.431042306125164,1.3828989900648594,882,Glenn Murray
season,FW,2,0,2,133,0.685122687369585,0,0.03589219972491264,3,2015,Crystal Palace,0,0,0,0.685122687369585,0.6675879955291748,0,882,Glenn Murray
season,Sub,17,7,38,859,9.534023240208626,3,1.5268471762537956,7,2014,Crystal Palace,3,1,6,8.011716201901436,5.485772617161274,0.8191252984106541,882,Glenn Murray
