group_type,position,games,goals,shots,time,xG,assists,xA,key_passes,season,team,yellow,red,npg,npxG,xGChain,xGBuildup,player_id,player_name
season,Sub,3,0,1,29,0.17943599820137024,0,0,0,2017,Burnley,0,0,0,0.17943599820137024,0.17943599820137024,0,863,Jonathan Walters
season,Sub,23,4,25,1278,4.316956800408661,2,0.8909997064620256,12,2016,Stoke,1,0,3,3.555787784047425,4.777144096791744,1.0050326082855463,863,Jonathan Walters
season,AMR,27,5,32,1718,5.66549963876605,3,2.3749693855643272,24,2015,Stoke,1,0,5,5.66549963876605,9.030859125778079,1.4752987045794725,863,Jonathan Walters
season,MR,32,8,45,2439,5.561566700227559,4,3.240074263419956,24,2014,Stoke,5,0,8,5.561566700227559,9.581077560316771,2.6691866908222437,863,Jonathan Walters
