group_type,position,games,goals,shots,time,xG,assists,xA,key_passes,season,team,yellow,red,npg,npxG,xGChain,xGBuildup,player_id,player_name
season,Sub,1,0,1,1,0.056358400732278824,0,0,0,2019,Tottenham,0,0,0,0.056358400732278824,0.056358400732278824,0,1729,Georges-Kévin Nkoudou
season,Sub,3,0,1,18,0.09936819970607758,0,0,0,2018,Monaco,0,0,0,0.09936819970607758,0.09936819970607758,0,1729,Georges-Kévin Nkoudou
season,Sub,1,0,0,3,0,1,0.6077460050582886,1,2018,Tottenham,0,0,0,0,0.6077460050582886,0,1729,Georges-Kévin Nkoudou
season,Sub,8,0,3,216,0.08765999786555767,0,0.04993189871311188,1,2017,Burnley,1,0,0,0.08765999786555767,0.15448619797825813,0.04394819959998131,1729,Georges-Kévin Nkoudou
season,Sub,1,0,0,1,0,0,0,0,2017,Tottenham,0,0,0,0,0,0,1729,Georges-Kévin Nkoudou
season,Sub,8,0,2,43,0.06265869922935963,0,0,0,2016,Tottenham,0,0,0,0.06265869922935963,0.26308070309460163,0.200422003865242,1729,Georges-Kévin Nkoudou
season,Sub,28,5,46,2074,3.479830315336585,3,2.8356378227472305,25,2015,Marseille,0,0,5,3.479830315336585,7.7972626350820065,2.4392747916281223,1729,Georges-Kévin Nkoudou
season,Sub,28,2,27,1600,2.7912543285638094,1,0.9766237009316683,15,2014,Nantes,2,0,2,2.7912543285638094,4.858415178954601,1.4849146008491516,1729,Georges-Kévin Nkoudou
