group_type,position,games,goals,shots,time,xG,assists,xA,key_passes,season,team,yellow,red,npg,npxG,xGChain,xGBuildup,player_id,player_name
season,AMR,8,0,4,530,0.20636729523539543,0,0.540032409131527,3,2020,West Bromwich Albion,2,0,0,0.20636729523539543,0.814837709069252,0.1502533983439207,1691,Robert Snodgrass
season,Sub,3,0,0,3,0,0,0,0,2020,West Ham,0,0,0,0,0.016055399551987648,0.016055399551987648,1691,Robert Snodgrass
season,Sub,24,5,21,1522,2.3865076191723347,5,3.732902128249407,33,2019,West Ham,4,0,5,2.3865076191723347,6.512243639677763,3.524156339466572,1691,Robert Snodgrass
season,Sub,33,2,30,2230,2.2604663837701082,5,5.175442606210709,59,2018,West Ham,10,0,2,2.2604663837701082,9.507942620664835,5.754653742536902,1691,Robert Snodgrass
season,FWR,20,7,39,1716,3.557406621053815,3,2.8229029159992933,45,2016,Hull,2,0,5,2.0350685957819223,3.8668195586651564,2.5384264402091503,1691,Robert Snodgrass
season,AMC,15,0,11,847,0.8261814955621958,2,1.5017684642225504,16,2016,West Ham,0,0,0,0.8261814955621958,1.6860076803714037,0.8949104938656092,1691,Robert Snodgrass
season,AMC,1,0,0,39,0,0,0,0,2014,Hull,0,0,0,0,0.02248240076005459,0.02248240076005459,1691,Robert Snodgrass
