group_type,position,games,goals,shots,time,xG,assists,xA,key_passes,season,team,yellow,red,npg,npxG,xGChain,xGBuildup,player_id,player_name
season,Sub,2,0,0,2,0,0,0,0,2025,Manchester United,0,0,0,0,0.05225421115756035,0.05225421115756035,10803,Tyrell Malacia
season,DML,3,0,0,102,0,0,0.062010977417230606,1,2024,Manchester United,1,0,0,0,0.062010977417230606,0,10803,Tyrell Malacia
season,Sub,22,0,5,1376,0.16805899888277054,0,0.7472324855625629,9,2022,Manchester United,6,0,0,0.16805899888277054,6.350732691586018,5.691335782408714,10803,Tyrell Malacia
