group_type,position,games,goals,shots,time,xG,assists,xA,key_passes,season,team,yellow,red,npg,npxG,xGChain,xGBuildup,player_id,player_name
season,Sub,28,8,35,1592,6.296696716919541,1,2.259315438568592,19,2025,Leeds,3,0,8,6.296696716919541,10.915966423228383,3.821857213973999,11966,Noah Okafor
season,Sub,11,1,12,408,2.1913086399435997,0,0.3501623868942261,4,2024,AC Milan,0,0,1,2.1913086399435997,3.1692574098706245,0.6277863867580891,11966,Noah Okafor
season,Sub,4,0,1,27,0.03875735029578209,0,0.41397229954600334,3,2024,Napoli,0,0,0,0.03875735029578209,0.45272964984178543,0.021049901843070984,11966,Noah Okafor
season,Sub,28,6,22,837,4.565763399004936,2,1.1466773133724928,8,2023,AC Milan,1,0,6,4.565763399004936,6.369675822556019,1.8827040195465088,11966,Noah Okafor
