group_type,position,games,goals,shots,time,xG,assists,xA,key_passes,season,team,yellow,red,npg,npxG,xGChain,xGBuildup,player_id,player_name
season,AMC,23,0,19,792,2.059555470943451,0,0.5032420996576548,8,2017,Toulouse,2,0,0,2.059555470943451,3.6204673908650875,1.3237667959183455,739,Ola Toivonen
season,Sub,35,7,19,1798,4.697620360180736,2,1.3719690013676882,21,2016,Toulouse,9,0,7,4.697620360180736,6.707923322916031,2.533097095787525,739,Ola Toivonen
season,AMC,12,0,7,668,0.816760390996933,2,1.0173840755596757,8,2015,Sunderland,1,0,0,0.816760390996933,1.339702290482819,1.0599742783233523,739,Ola Toivonen
season,Sub,1,0,1,13,0.03443999961018562,0,0,0,2015,Rennes,0,0,0,0.03443999961018562,0.03443999961018562,0,739,Ola Toivonen
season,FW,30,7,55,2412,9.741100998595357,1,2.7062333934009075,28,2014,Rennes,1,0,6,8.220915699377656,11.088803492486477,2.9580666199326515,739,Ola Toivonen
