group_type,position,games,goals,shots,time,xG,assists,xA,key_passes,season,team,yellow,red,npg,npxG,xGChain,xGBuildup,player_id,player_name
season,DC,12,1,2,1029,0.5582677125930786,0,0,0,2025,Burnley,1,0,1,0.5582677125930786,2.73016569390893,2.171897981315851,934,Axel Tuanzebe
season,DR,22,0,4,1731,0.35375541262328625,1,0.6262782029807568,5,2024,Ipswich,3,1,0,0.35375541262328625,3.9006014950573444,3.3178643696010113,934,Axel Tuanzebe
season,Sub,9,0,2,507,0.15486809983849525,0,0,0,2021,Aston Villa,1,0,0,0.15486809983849525,0.8887580037117004,0.8887580037117004,934,Axel Tuanzebe
season,Sub,1,0,0,7,0,0,0,0,2021,Napoli,0,0,0,0,0.08473429828882217,0.08473429828882217,934,Axel Tuanzebe
season,Sub,9,0,0,401,0,0,0,0,2020,Manchester United,2,0,0,0,1.0783615252003074,1.0783615252003074,934,Axel Tuanzebe
season,Sub,5,0,0,186,0,0,0,0,2019,Manchester United,0,0,0,0,0.17384929955005646,0.17384929955005646,934,Axel Tuanzebe
season,Sub,1,0,0,1,0,0,0,0,2017,Manchester United,0,0,0,0,0,0,934,Axel Tuanzebe
season,MC,4,0,2,307,0.040321798995137215,0,0.05508879944682121,1,2016,Manchester United,0,0,0,0.040321798995137215,0.27153430134058,0.24778439942747355,934,Axel Tuanzebe
