group_type,position,games,goals,shots,time,xG,assists,xA,key_passes,season,team,yellow,red,npg,npxG,xGChain,xGBuildup,player_id,player_name
season,Sub,9,0,1,219,0.05936440825462341,0,0,0,2023,Crystal Palace,0,0,0,0.05936440825462341,1.6596563309431076,1.6002919226884842,6027,Jairo Riedewald
season,Sub,6,0,1,50,0.053897131234407425,0,0,0,2022,Crystal Palace,0,0,0,0.053897131234407425,0.05494070053100586,0.05494070053100586,6027,Jairo Riedewald
season,MC,3,0,0,112,0,0,0.05362439900636673,2,2021,Crystal Palace,0,0,0,0,0.7066323831677437,0.6811745837330818,6027,Jairo Riedewald
season,Sub,33,2,8,1803,0.5630807876586914,0,0.8973621036857367,11,2020,Crystal Palace,4,0,2,0.5630807876586914,3.511385193094611,2.3339512944221497,6027,Jairo Riedewald
season,Sub,17,0,3,747,0.04698860086500645,0,0.21089760214090347,2,2019,Crystal Palace,0,0,0,0.04698860086500645,1.3252625055611134,1.1932365037500858,6027,Jairo Riedewald
season,DC,12,0,1,421,0.03804229944944382,0,0,0,2017,Crystal Palace,0,0,0,0.03804229944944382,0.6053657922893763,0.5673234909772873,6027,Jairo Riedewald
