group_type,position,games,goals,shots,time,xG,assists,xA,key_passes,season,team,yellow,red,npg,npxG,xGChain,xGBuildup,player_id,player_name
season,Sub,12,0,0,524,0,0,0.09908570349216461,1,2022,Bournemouth,1,0,0,0,0.6325642876327038,0.5334782861173153,6891,Ryan Fredericks
season,Sub,7,0,0,296,0,0,0.11661290377378464,2,2021,West Ham,1,0,0,0,0.604052297770977,0.550477996468544,6891,Ryan Fredericks
season,DR,14,1,4,563,0.21433740481734276,1,1.298734413459897,12,2020,West Ham,2,0,1,0.21433740481734276,1.0619318224489689,0.308016499504447,6891,Ryan Fredericks
season,DR,27,0,3,2236,0.12722989730536938,3,2.988231831230223,22,2019,West Ham,7,0,0,0.12722989730536938,6.535198969766498,5.4428460747003555,6891,Ryan Fredericks
season,DR,15,1,5,1077,0.5344902947545052,0,0.5129355993121862,3,2018,West Ham,5,0,1,0.5344902947545052,2.334495410323143,1.6814142018556595,6891,Ryan Fredericks
