group_type,position,games,goals,shots,time,xG,assists,xA,key_passes,season,team,yellow,red,npg,npxG,xGChain,xGBuildup,player_id,player_name
season,Sub,18,6,30,1381,4.879936292767525,1,1.4473546333611012,20,2025,Eintracht Frankfurt,4,0,6,4.879936292767525,7.373211365193129,2.052781267091632,8056,Arnaud Kalimuendo Muinga
season,Sub,9,0,4,75,0.25108829140663147,0,0.011348750442266464,1,2025,Nottingham Forest,0,0,0,0.25108829140663147,0.31318918243050575,0.06210089102387428,8056,Arnaud Kalimuendo Muinga
season,Sub,33,17,76,2630,17.98014777339995,3,2.8822443578392267,19,2024,Rennes,2,0,12,11.899386631324887,17.82872635126114,4.438042722642422,8056,Arnaud Kalimuendo Muinga
season,FW,30,10,61,2185,9.685840448364615,1,2.3931171717122197,28,2023,Rennes,6,0,8,8.165650209411979,13.25514984689653,3.5458899727091193,8056,Arnaud Kalimuendo Muinga
season,Sub,30,7,43,1890,7.395940683782101,3,2.566946944221854,12,2022,Rennes,0,0,7,7.395940683782101,12.98705030232668,3.9391116090118885,8056,Arnaud Kalimuendo Muinga
season,FW,32,12,61,2186,8.8013557465747,0,1.8022303748875856,21,2021,Lens,1,1,10,7.281161678023636,10.752909920178354,2.4536013957113028,8056,Arnaud Kalimuendo Muinga
season,Sub,2,0,0,4,0,0,0,0,2021,Paris Saint Germain,0,0,0,0,0,0,8056,Arnaud Kalimuendo Muinga
season,Sub,28,7,32,1214,6.2567231226712465,3,2.3986281976103783,15,2020,Lens,0,0,7,6.2567231226712465,9.519173674285412,1.9812185764312744,8056,Arnaud Kalimuendo Muinga
season,FW,1,0,2,74,0.11656399816274643,0,0.060860298573970795,1,2020,Paris Saint Germain,0,0,0,0.11656399816274643,0.1993280053138733,0.08276359736919403,8056,Arnaud Kalimuendo Muinga
