group_type,position,games,goals,shots,time,xG,assists,xA,key_passes,season,team,yellow,red,npg,npxG,xGChain,xGBuildup,player_id,player_name
season,DC,33,2,23,2814,2.2994977347552776,0,0.3260261919349432,7,2025,Inter,4,0,2,2.2994977347552776,16.78327063843608,16.27327786386013,6490,Manuel Akanji
season,DC,26,0,15,2017,1.0098738074302673,0,0.42468701861798763,9,2024,Manchester City,3,0,0,1.0098738074302673,13.879725754261017,13.611297756433487,6490,Manuel Akanji
season,DC,30,2,15,2517,2.200386293232441,0,0.5265345014631748,13,2023,Manchester City,2,1,2,2.200386293232441,16.700940661132336,15.83909061923623,6490,Manuel Akanji
season,DC,29,0,15,2272,1.069366091862321,1,0.28084417432546616,7,2022,Manchester City,2,0,0,1.069366091862321,12.94707053154707,12.824845530092716,6490,Manuel Akanji
season,DC,26,1,13,2263,1.7875730022788048,0,0.12547439988702536,2,2021,Borussia Dortmund,3,0,1,1.7875730022788048,10.389823410660028,10.358470413833857,6490,Manuel Akanji
season,DC,28,2,19,2350,1.9763380773365498,0,0.20792310126125813,3,2020,Borussia Dortmund,4,0,2,1.9763380773365498,10.620239995419979,10.386768996715546,6490,Manuel Akanji
season,DC,29,0,8,2309,0.8052022042684257,1,0.4683356136083603,3,2019,Borussia Dortmund,2,0,0,0.8052022042684257,11.960596308112144,11.793050982058048,6490,Manuel Akanji
season,DC,25,1,8,2206,0.37639110535383224,0,0.6179146077483892,6,2018,Borussia Dortmund,1,0,1,0.37639110535383224,10.854753907769918,10.307819979265332,6490,Manuel Akanji
season,DC,11,0,5,903,0.1473714942112565,0,0.1232139989733696,1,2017,Borussia Dortmund,2,0,0,0.1473714942112565,5.034062027931213,4.866022050380707,6490,Manuel Akanji
