group_type,position,games,goals,shots,time,xG,assists,xA,key_passes,season,team,yellow,red,npg,npxG,xGChain,xGBuildup,player_id,player_name
season,DC,4,0,0,162,0,0,0,0,2021,Manchester United,0,0,0,0,0.14934700727462769,0.14934700727462769,951,Phil Jones
season,DC,2,0,2,137,0.11484599858522415,0,0,0,2019,Manchester United,0,0,0,0.11484599858522415,0.35416610166430473,0.35416610166430473,951,Phil Jones
season,DC,18,0,5,1266,0.5517958011478186,1,0.8154120333492756,3,2018,Manchester United,1,0,0,0.5517958011478186,3.823229741305113,3.5550857298076153,951,Phil Jones
season,DC,23,0,2,1974,0.5508504156023264,0,0.2009660005569458,2,2017,Manchester United,2,0,0,0.5508504156023264,4.208818783983588,4.013255478814244,951,Phil Jones
season,DC,18,0,3,1588,0.10695720091462135,0,0.21727100759744644,2,2016,Manchester United,2,0,0,0.10695720091462135,4.598769560456276,4.381498545408249,951,Phil Jones
season,Sub,10,0,1,524,0.058942899107933044,0,0,0,2015,Manchester United,0,0,0,0.058942899107933044,1.1276833098381758,1.0687404107302427,951,Phil Jones
season,DC,22,0,3,1881,0.18775559961795807,0,0.2614507991820574,5,2014,Manchester United,3,0,0,0.18775559961795807,3.642874300479889,3.6263293027877808,951,Phil Jones
