group_type,position,games,goals,shots,time,xG,assists,xA,key_passes,season,team,yellow,red,npg,npxG,xGChain,xGBuildup,player_id,player_name
season,DMC,14,1,9,1052,1.1663841111585498,1,0.7963188476860523,11,2025,Tottenham,2,0,1,1.1663841111585498,3.749115761369467,2.5348363555967808,9040,Conor Gallagher
season,DMC,19,2,13,630,1.2670744927600026,0,0.49994678795337677,4,2025,Atletico Madrid,2,0,2,1.2670744927600026,6.03503056243062,4.425485637038946,9040,Conor Gallagher
season,Sub,32,3,23,1637,3.0007524248212576,3,1.3112464919686317,12,2024,Atletico Madrid,2,0,3,3.0007524248212576,7.897032497450709,4.44360277056694,9040,Conor Gallagher
season,MC,37,5,48,3171,4.717563968151808,7,5.792711144313216,52,2023,Chelsea,7,1,5,4.717563968151808,25.90884201787412,18.712417108938098,9040,Conor Gallagher
season,Sub,35,3,28,1590,2.5371697302907705,1,2.6282018795609474,21,2022,Chelsea,9,1,3,2.5371697302907705,8.282571202144027,3.5983629543334246,9040,Conor Gallagher
season,MC,34,8,52,2863,7.672960817813873,3,4.143168058246374,39,2021,Crystal Palace,10,0,8,7.672960817813873,14.211974430829287,5.389095585793257,9040,Conor Gallagher
season,MC,30,2,29,2529,1.542326182126999,2,1.4182883203029633,21,2020,West Bromwich Albion,11,0,2,1.542326182126999,5.059539873152971,3.1247856905683875,9040,Conor Gallagher
