group_type,position,games,goals,shots,time,xG,assists,xA,key_passes,season,team,yellow,red,npg,npxG,xGChain,xGBuildup,player_id,player_name
season,FW,27,1,19,1115,2.3388653844594955,0,0.06921707699075341,2,2024,Espanyol,3,0,1,2.3388653844594955,4.326464080251753,2.6153524788096547,12105,Alejo Véliz
season,Sub,8,1,2,27,0.20565900206565857,0,0,0,2023,Tottenham,1,0,1,0.20565900206565857,0.20565900206565857,0,12105,Alejo Véliz
season,Sub,6,0,2,22,0.48996061831712723,0,0,0,2023,Sevilla,0,0,0,0.48996061831712723,0.48996061831712723,0.04578540474176407,12105,Alejo Véliz
