group_type,position,games,goals,shots,time,xG,assists,xA,key_passes,season,team,yellow,red,npg,npxG,xGChain,xGBuildup,player_id,player_name
season,DC,15,0,1,1306,0.049718208611011505,0,0.04029260575771332,1,2025,Strasbourg,3,0,0,0.049718208611011505,4.751081405207515,4.710788814350963,11253,Mamadou Sarr
season,Sub,2,0,1,91,0.5694634318351746,0,0,0,2025,Chelsea,0,0,0,0.5694634318351746,0.23050860315561295,0.23050860315561295,11253,Mamadou Sarr
season,DC,27,0,5,2376,1.0967955440282822,1,0.6334617212414742,5,2024,Strasbourg,4,0,0,1.0967955440282822,8.953484015539289,8.72878991253674,11253,Mamadou Sarr
season,Sub,1,0,0,4,0,0,0,0,2023,Lyon,0,0,0,0,0,0,11253,Mamadou Sarr
season,Sub,1,0,0,6,0,0,0.1280941665172577,1,2022,Lyon,0,0,0,0,0.1280941665172577,0.1280941665172577,11253,Mamadou Sarr
