group_type,position,games,goals,shots,time,xG,assists,xA,key_passes,season,team,yellow,red,npg,npxG,xGChain,xGBuildup,player_id,player_name
season,AMC,1,0,0,47,0,0,0.1689806431531906,2,2025,Chelsea,0,0,0,0,0.1689806431531906,0.1689806431531906,11362,Facundo Buonanotte
season,Sub,2,0,1,20,0.04432953521609306,0,0,0,2025,Leeds,1,0,0,0.04432953521609306,0.09523577243089676,0.050906237214803696,11362,Facundo Buonanotte
season,AMC,31,5,36,1498,4.3609558045864105,2,3.352718798443675,25,2024,Leicester,8,0,5,4.3609558045864105,7.7602359261363745,3.0961448941379786,11362,Facundo Buonanotte
season,AMR,27,3,21,1408,2.974676702171564,1,2.304281622171402,19,2023,Brighton,7,0,3,2.974676702171564,6.951848786324263,3.328327503055334,11362,Facundo Buonanotte
season,Sub,13,1,11,553,1.0888761393725872,1,0.5841287039220333,6,2022,Brighton,2,0,1,1.0888761393725872,2.5363862570375204,1.5511467922478914,11362,Facundo Buonanotte
