group_type,position,games,goals,shots,time,xG,assists,xA,key_passes,season,team,yellow,red,npg,npxG,xGChain,xGBuildup,player_id,player_name
season,AMC,10,1,3,230,0.6443301560357213,0,0.33710601925849915,1,2022,West Ham,0,0,1,0.6443301560357213,1.1725098555907607,0.19107365049421787,535,Manuel Lanzini
season,Sub,30,5,16,1801,3.375077722594142,3,2.594079665839672,23,2021,West Ham,2,0,2,1.0915708057582378,8.181106477975845,7.256115834228694,535,Manuel Lanzini
season,Sub,17,1,12,548,0.9710571253672242,1,1.0017916820943356,11,2020,West Ham,1,0,1,0.9710571253672242,3.2326610730960965,1.5795046957209706,535,Manuel Lanzini
season,AMC,24,0,23,1372,2.1417734138667583,2,2.079109814018011,31,2019,West Ham,1,0,0,2.1417734138667583,5.773348860442638,3.4323984710499644,535,Manuel Lanzini
season,Sub,10,1,11,693,1.1839073151350021,1,0.9580359850078821,5,2018,West Ham,2,0,1,1.1839073151350021,3.1162610054016113,2.155221574008465,535,Manuel Lanzini
season,Sub,27,5,44,2054,3.83309031650424,6,3.7344188131392,41,2017,West Ham,4,0,5,3.0719210039824247,9.272783692926168,5.11701599881053,535,Manuel Lanzini
season,MC,35,8,69,2727,6.071731213480234,2,4.006757194176316,57,2016,West Ham,9,0,6,4.5493931118398905,13.376216730102897,8.287111967802048,535,Manuel Lanzini
season,Sub,26,6,48,1941,4.531228398904204,2,2.8363652359694242,33,2015,West Ham,3,0,6,4.531228398904204,12.438018679618835,5.984105244278908,535,Manuel Lanzini
