group_type,position,games,goals,shots,time,xG,assists,xA,key_passes,season,team,yellow,red,npg,npxG,xGChain,xGBuildup,player_id,player_name
season,Sub,20,2,26,1645,3.084938551299274,6,4.558330744504929,38,2025,Everton,2,1,2,3.084938551299274,9.290637398138642,3.2924681939184666,675,Jack Grealish
season,Sub,20,1,15,689,1.2711530942469835,1,1.9155478971078992,24,2024,Manchester City,3,0,1,1.2711530942469835,6.737229811958969,4.150039034895599,675,Jack Grealish
season,AML,20,3,22,975,2.3835059702396393,1,2.7743227388709784,26,2023,Manchester City,6,0,3,2.3835059702396393,11.642571322619915,7.49614975694567,675,Jack Grealish
season,FWL,28,5,41,2083,4.998198181390762,7,7.464956499636173,50,2022,Manchester City,3,0,5,4.998198181390762,18.557112345471978,8.295533634722233,675,Jack Grealish
season,MC,26,3,44,1929,5.53242839500308,3,5.456195579841733,52,2021,Manchester City,3,0,3,5.53242839500308,18.398098289966583,9.633637011051178,675,Jack Grealish
season,FWL,26,6,50,2187,5.1926843244582415,10,9.334138981997967,81,2020,Aston Villa,5,0,6,5.1926843244582415,17.487467363476753,6.972044946625829,675,Jack Grealish
season,MC,36,8,73,3235,6.844703515991569,6,7.637995069846511,92,2019,Aston Villa,8,0,8,6.083534499630332,18.373635333031416,9.304545175284147,675,Jack Grealish
season,Sub,16,1,16,831,0.5990190040320158,0,0.6424275133758783,12,2015,Aston Villa,1,0,1,0.5990190040320158,2.6512201130390167,1.994210036471486,675,Jack Grealish
season,Sub,17,0,13,798,1.0659911818802357,1,2.286719797179103,18,2014,Aston Villa,0,0,0,1.0659911818802357,3.6018659211695194,1.9990398027002811,675,Jack Grealish
