group_type,position,games,goals,shots,time,xG,assists,xA,key_passes,season,team,yellow,red,npg,npxG,xGChain,xGBuildup,player_id,player_name
season,DC,33,1,24,2939,2.996085587888956,2,1.2868863735347986,7,2025,Crystal Palace,4,1,1,2.996085587888956,10.633316148072481,9.87023366149515,8853,Maxence Lacroix
season,DC,35,1,30,3126,2.7525001103058457,1,1.6881468072533607,8,2024,Crystal Palace,5,0,1,2.7525001103058457,8.140122196637094,6.942754318006337,8853,Maxence Lacroix
season,DC,28,4,12,2365,1.0067627653479576,1,0.6478007826954126,8,2023,Wolfsburg,3,3,4,1.0067627653479576,6.921689668670297,6.5668864864856005,8853,Maxence Lacroix
season,DC,24,1,5,1625,0.41657640412449837,0,0.07443089969456196,3,2022,Wolfsburg,1,0,1,0.41657640412449837,5.442830154672265,5.442830154672265,8853,Maxence Lacroix
season,DC,29,0,17,2508,1.0028163557872176,0,0.7029376104474068,7,2021,Wolfsburg,3,3,0,1.0028163557872176,7.348980750888586,6.630478587001562,8853,Maxence Lacroix
season,DC,30,1,16,2589,1.4924166649580002,1,0.24274310655891895,4,2020,Wolfsburg,4,0,1,1.4924166649580002,9.67369775660336,9.589104788377881,8853,Maxence Lacroix
