group_type,position,games,goals,shots,time,xG,assists,xA,key_passes,season,team,yellow,red,npg,npxG,xGChain,xGBuildup,player_id,player_name
season,Sub,3,0,0,13,0,0,0,0,2020,Leicester,0,0,0,0,0.14461299777030945,0.14461299777030945,748,Wes Morgan
season,Sub,11,0,4,418,0.5963817164301872,0,0,0,2019,Leicester,0,0,0,0.5963817164301872,1.203891821205616,0.7507608011364937,748,Wes Morgan
season,DC,22,3,14,1932,1.5354553125798702,0,0.13855409994721413,3,2018,Leicester,1,2,3,1.5354553125798702,2.3829683237709105,2.275230022612959,748,Wes Morgan
season,DC,32,0,12,2817,1.9279585666954517,0,0.40556369721889496,5,2017,Leicester,4,0,0,1.9279585666954517,3.2472941894084215,3.031662752851844,748,Wes Morgan
season,DC,27,1,14,2430,1.8657884895801544,0,0.13108949922025204,4,2016,Leicester,3,0,1,1.8657884895801544,2.1027577333152294,2.0123785473406315,748,Wes Morgan
season,DC,38,2,21,3420,3.00750370323658,0,0.053114598616957664,2,2015,Leicester,3,0,2,3.00750370323658,3.1742845699191093,3.08955767005682,748,Wes Morgan
season,DC,37,2,25,3293,2.2818113109096885,2,0.9166025705635548,6,2014,Leicester,1,1,2,2.2818113109096885,2.868493176996708,2.129898101091385,748,Wes Morgan
