group_type,position,games,goals,shots,time,xG,assists,xA,key_passes,season,team,yellow,red,npg,npxG,xGChain,xGBuildup,player_id,player_name
season,DC,16,0,0,991,0,0,0.04809730127453804,1,2022,Cremonese,2,0,0,0,0.7115270011126995,0.7115270011126995,1395,Vlad Chiriches
season,DC,29,0,9,2311,0.509023817256093,0,0.02318600006401539,2,2021,Sassuolo,4,0,0,0.509023817256093,7.574807983823121,7.524773389101028,1395,Vlad Chiriches
season,DC,24,2,12,1859,0.9795929994434118,1,0.44063880294561386,8,2020,Sassuolo,6,0,2,0.9795929994434118,7.564029302448034,7.193960668519139,1395,Vlad Chiriches
season,DC,9,0,2,713,0.05929409991949797,0,0,0,2019,Sassuolo,0,0,0,0.05929409991949797,1.639848981052637,1.639848981052637,1395,Vlad Chiriches
season,DC,3,0,1,148,0.2541930079460144,0,0,0,2018,Napoli,0,0,0,0.2541930079460144,0.7010445091873407,0.7010445091873407,1395,Vlad Chiriches
season,DC,7,0,3,582,0.47939808666706085,0,0.012671500444412231,1,2017,Napoli,1,0,0,0.47939808666706085,3.1443353556096554,3.119903352111578,1395,Vlad Chiriches
season,Sub,14,2,5,1123,1.9720150604844093,0,0.7143492288887501,3,2016,Napoli,0,0,2,1.9720150604844093,6.532121162861586,5.690648164600134,1395,Vlad Chiriches
season,DC,8,1,4,699,0.5930110029876232,0,0,0,2015,Napoli,2,0,1,0.5930110029876232,3.13573756814003,3.13573756814003,1395,Vlad Chiriches
season,DC,10,0,1,712,0.01377590000629425,0,0.35814429353922606,3,2014,Tottenham,2,1,0,0.01377590000629425,1.5896674860268831,1.2588224951177835,1395,Vlad Chiriches
