group_type,position,games,goals,shots,time,xG,assists,xA,key_passes,season,team,yellow,red,npg,npxG,xGChain,xGBuildup,player_id,player_name
season,Sub,17,0,10,1392,0.34718056581914425,0,0.955795057117939,15,2024,AC Milan,5,0,0,0.34718056581914425,5.5557965859770775,4.902985647320747,7430,Emerson
season,DR,22,1,6,1145,0.17714704759418964,0,0.4156769150868058,3,2023,Tottenham,4,0,1,0.17714704759418964,4.4803829826414585,4.325593873858452,7430,Emerson
season,DMR,26,2,17,1733,1.7453065998852253,1,0.48395898938179016,9,2022,Tottenham,2,1,2,1.7453065998852253,7.7816263027489185,5.672533370554447,7430,Emerson
season,DR,31,1,15,2296,2.020111955702305,1,2.450624798424542,28,2021,Tottenham,5,0,1,2.020111955702305,12.576655813492835,9.261143207550049,7430,Emerson
season,Sub,3,0,0,89,0,0,0,0,2021,Barcelona,0,0,0,0,0.293846994638443,0.293846994638443,7430,Emerson
season,DR,34,1,11,2998,1.3979490110650659,4,3.1854076432064176,33,2020,Real Betis,9,1,1,1.3979490110650659,11.83453775383532,9.574182515963912,7430,Emerson
season,DR,33,3,26,2843,1.8229288198053837,6,5.373441629111767,29,2019,Real Betis,11,0,3,1.8229288198053837,11.546792577952147,7.80980680603534,7430,Emerson
season,Sub,6,0,3,319,0.1446813941001892,0,0.27378740161657333,4,2018,Real Betis,1,0,0,0.1446813941001892,0.8765057064592838,0.49849510937929153,7430,Emerson
