group_type,position,games,goals,shots,time,xG,assists,xA,key_passes,season,team,yellow,red,npg,npxG,xGChain,xGBuildup,player_id,player_name
season,DMC,26,2,16,2023,1.5703946938738227,2,1.4491914678364992,12,2025,Nottingham Forest,5,0,2,1.5703946938738227,7.245242852717638,5.11235155723989,5722,Ibrahim Sangare
season,DMC,13,0,1,584,0.016365941613912582,1,0.7156692324206233,5,2024,Nottingham Forest,3,0,0,0.016365941613912582,3.003039238974452,2.3539955895394087,5722,Ibrahim Sangare
season,DMC,17,0,8,1053,0.8340437468141317,0,0.35079983808100224,7,2023,Nottingham Forest,6,0,0,0.8340437468141317,4.501044608652592,3.5168560035526752,5722,Ibrahim Sangare
season,DMC,25,0,22,2177,1.661677991040051,1,1.1986877955496311,26,2019,Toulouse,8,0,0,1.661677991040051,6.354851653799415,4.542995445430279,5722,Ibrahim Sangare
season,DMC,28,1,37,2462,1.359897774644196,3,1.7213547211140394,19,2018,Toulouse,7,0,1,1.359897774644196,6.648392878472805,4.991479465737939,5722,Ibrahim Sangare
season,MC,20,1,20,1588,0.9535941281355917,2,1.3456122297793627,19,2017,Toulouse,5,0,1,0.9535941281355917,4.6923620835877955,3.2376807145774364,5722,Ibrahim Sangare
season,Sub,5,0,2,262,0.03983759880065918,0,0.03309199959039688,1,2016,Toulouse,1,0,0,0.03983759880065918,0.9290738124400377,0.8796545136719942,5722,Ibrahim Sangare
