group_type,position,games,goals,shots,time,xG,assists,xA,key_passes,season,team,yellow,red,npg,npxG,xGChain,xGBuildup,player_id,player_name
season,DC,9,1,1,721,0.9484918117523193,0,0.34133440256118774,6,2023,Cadiz,4,0,1,0.9484918117523193,1.1536532118916512,0.8123188018798828,1680,Luis Hernández
season,DC,35,0,7,3150,0.3374710585922003,0,0.7389688845723867,12,2022,Cadiz,6,1,0,0.3374710585922003,5.1766177117824554,4.508750796318054,1680,Luis Hernández
season,Sub,16,0,6,1363,0.38129389099776745,0,0.21675749868154526,5,2021,Cadiz,5,0,0,0.38129389099776745,4.488683542236686,4.320520235225558,1680,Luis Hernández
season,DC,36,0,5,3240,0.17286479845643044,1,0.4443457080051303,6,2017,Malaga,8,0,0,0.17286479845643044,2.8420068118721247,2.7242453200742602,1680,Luis Hernández
season,DC,19,1,4,1679,0.6131358947604895,1,0.34323979914188385,9,2016,Malaga,3,0,1,0.6131358947604895,3.7589843422174454,3.5185821801424026,1680,Luis Hernández
season,DC,4,0,0,327,0,0,0.21698840707540512,4,2016,Leicester,1,0,0,0,1.1860447218641639,1.021327338181436,1680,Luis Hernández
season,DC,36,0,9,3224,0.9310410767793655,0,0.7637579208239913,16,2015,Sporting Gijon,4,1,0,0.9310410767793655,4.33480254560709,3.850295951589942,1680,Luis Hernández
