group_type,position,games,goals,shots,time,xG,assists,xA,key_passes,season,team,yellow,red,npg,npxG,xGChain,xGBuildup,player_id,player_name
season,DC,34,1,10,2953,1.843844497576356,0,0.6984626250341535,7,2025,Liverpool,6,0,1,1.843844497576356,10.275079809129238,9.956655912101269,6326,Ibrahima Konaté
season,Sub,31,1,19,2578,1.8570036180317402,2,1.0275321248918772,10,2024,Liverpool,5,0,1,1.8570036180317402,17.322711497545242,16.64254543930292,6326,Ibrahima Konaté
season,DC,22,0,11,1555,0.5480835782364011,0,0.5098369065672159,8,2023,Liverpool,3,1,0,0.5480835782364011,10.232070155441761,10.100398369133472,6326,Ibrahima Konaté
season,Sub,18,0,11,1545,1.5610232884064317,0,0.26672855019569397,1,2022,Liverpool,5,0,0,1.5610232884064317,4.783836133778095,4.113892234861851,6326,Ibrahima Konaté
season,DC,11,0,4,990,0.20516260154545307,0,0,0,2021,Liverpool,2,0,0,0.20516260154545307,3.758265731856227,3.758265731856227,6326,Ibrahima Konaté
season,Sub,14,1,4,695,0.7968820035457611,0,0,0,2020,RasenBallsport Leipzig,2,0,1,0.7968820035457611,1.9508081041276455,1.9508081041276455,6326,Ibrahima Konaté
season,DC,8,0,1,562,0.050533000379800797,0,0.043834101408720016,1,2019,RasenBallsport Leipzig,2,0,0,0.050533000379800797,4.367088865488768,4.367088865488768,6326,Ibrahima Konaté
season,DC,28,1,13,2431,1.5469714049249887,1,0.35457560047507286,6,2018,RasenBallsport Leipzig,7,0,1,1.5469714049249887,7.260428823530674,7.060466635972261,6326,Ibrahima Konaté
season,DC,16,0,2,1226,0.15144509449601173,0,0.3623632863163948,3,2017,RasenBallsport Leipzig,1,0,0,0.15144509449601173,2.7868283968418837,2.7868283968418837,6326,Ibrahima Konaté
