group_type,position,games,goals,shots,time,xG,assists,xA,key_passes,season,team,yellow,red,npg,npxG,xGChain,xGBuildup,player_id,player_name
season,Sub,31,0,7,2182,0.25613266602158546,0,0.3478336622938514,10,2024,Leicester,8,0,0,0.25613266602158546,7.107237534597516,6.826774168759584,6310,Boubakary Soumare
season,Sub,28,0,1,2289,0.022750360891222954,1,1.038184255361557,8,2023,Sevilla,10,0,0,0.022750360891222954,6.839430097490549,5.843111161142588,6310,Boubakary Soumare
season,DMC,26,0,1,1640,0.02065729908645153,0,0.28542756475508213,11,2022,Leicester,9,0,0,0.02065729908645153,3.210264626890421,3.0059440191835165,6310,Boubakary Soumare
season,Sub,19,0,6,1102,0.3298372942954302,1,0.2856833077967167,6,2021,Leicester,0,0,0,0.3298372942954302,3.370994893833995,3.0025111604481936,6310,Boubakary Soumare
season,Sub,32,0,8,1913,0.13823398854583502,1,0.6226277034729719,13,2020,Lille,3,0,0,0.13823398854583502,6.062693300656974,5.585764261893928,6310,Boubakary Soumare
season,DMC,20,0,1,1220,0.00965414009988308,0,0.6398844104260206,12,2019,Lille,0,2,0,0.00965414009988308,2.1218212004750967,1.8846510089933872,6310,Boubakary Soumare
season,Sub,18,1,3,532,0.8492901911959052,1,0.44924648851156235,5,2018,Lille,3,0,1,0.8492901911959052,3.618255427107215,3.158542474731803,6310,Boubakary Soumare
season,Sub,14,0,0,488,0,0,0.14162030071020126,3,2017,Lille,1,0,0,0,1.988043101504445,1.8464228007942438,6310,Boubakary Soumare
