group_type,position,games,goals,shots,time,xG,assists,xA,key_passes,season,team,yellow,red,npg,npxG,xGChain,xGBuildup,player_id,player_name
season,MC,27,5,45,1562,4.5921297036111355,2,3.0732941813766956,18,2025,Manchester City,2,0,5,4.5921297036111355,12.86397884041071,7.050159489735961,11965,Tijjani Reijnders
season,Sub,37,10,77,3136,8.066354492679238,4,4.986120350658894,46,2024,AC Milan,2,1,10,8.066354492679238,25.904059149324894,16.791109887883067,11965,Tijjani Reijnders
season,MC,36,3,44,2843,4.087502425536513,3,3.8570072669535875,50,2023,AC Milan,8,0,3,4.087502425536513,20.718899864703417,14.411027738824487,11965,Tijjani Reijnders
