group_type,position,games,goals,shots,time,xG,assists,xA,key_passes,season,team,yellow,red,npg,npxG,xGChain,xGBuildup,player_id,player_name
season,Sub,5,0,2,140,0.18906079977750778,0,0.31737281009554863,2,2022,Sampdoria,1,0,0,0.18906079977750778,0.44963301718235016,0.030026700347661972,6997,Ignacio Pussetto
season,FW,28,4,32,1197,5.16472989320755,4,2.1387301068753004,15,2021,Udinese,4,0,3,4.403430879116058,5.4847604762762785,1.5184124745428562,6997,Ignacio Pussetto
season,Sub,11,3,17,761,2.382127633318305,1,1.0900541935116053,8,2020,Udinese,2,0,3,2.382127633318305,3.6208870448172092,1.350266084074974,6997,Ignacio Pussetto
season,FW,12,1,10,320,0.8276553964242339,0,0.3571569975465536,8,2019,Udinese,1,0,1,0.8276553964242339,1.521069216541946,0.5983612071722746,6997,Ignacio Pussetto
season,Sub,7,0,0,48,0,0,0,0,2019,Watford,1,0,0,0,0,0,6997,Ignacio Pussetto
season,Sub,35,4,57,2181,6.597197157330811,4,2.1748072607442737,23,2018,Udinese,8,0,4,6.597197157330811,10.941937694326043,3.913788801059127,6997,Ignacio Pussetto
