group_type,position,games,goals,shots,time,xG,assists,xA,key_passes,season,team,yellow,red,npg,npxG,xGChain,xGBuildup,player_id,player_name
season,DML,13,3,20,787,2.8126854188740253,1,1.3759673722088337,13,2025,Monaco,0,0,3,2.8126854188740253,4.876373749226332,1.3967427872121334,11710,Simon Adingra
season,FWL,14,1,6,665,0.33560439944267273,0,0.7323711905628443,7,2025,Sunderland,2,0,1,0.33560439944267273,1.9754448235034943,1.0532179661095142,11710,Simon Adingra
season,Sub,29,2,34,1081,3.1380675714462996,2,2.066323732957244,16,2024,Brighton,0,0,2,3.1380675714462996,5.763067487627268,2.1683908347040415,11710,Simon Adingra
season,Sub,31,6,52,2256,5.096701676025987,1,3.30205356515944,33,2023,Brighton,3,0,6,5.096701676025987,13.104233894497156,6.308099476620555,11710,Simon Adingra
