group_type,position,games,goals,shots,time,xG,assists,xA,key_passes,season,team,yellow,red,npg,npxG,xGChain,xGBuildup,player_id,player_name
season,Sub,13,2,12,1040,0.648954477161169,0,0.35411210358142853,7,2025,Valencia,4,0,2,0.648954477161169,3.768604515120387,3.1692177802324295,8267,Guido Rodríguez
season,MC,6,0,1,159,0.024249104782938957,0,0,0,2025,West Ham,1,0,0,0.024249104782938957,0.32244982570409775,0.29820071905851364,8267,Guido Rodríguez
season,DMC,23,0,8,1179,0.16269100550562143,1,0.21928240731358528,4,2024,West Ham,6,0,0,0.16269100550562143,2.944707117974758,2.794170718640089,8267,Guido Rodríguez
season,DMC,24,2,18,1865,0.7606446947902441,0,0.7604827135801315,4,2023,Real Betis,6,0,2,0.7606446947902441,6.565757455304265,5.561212830245495,8267,Guido Rodríguez
season,DMC,34,1,22,2884,1.4510285509750247,0,0.40356705989688635,11,2022,Real Betis,8,0,1,1.4510285509750247,7.314742582850158,6.796053310856223,8267,Guido Rodríguez
season,DMC,32,1,21,2538,1.3238576920703053,2,0.7272041998803616,15,2021,Real Betis,7,1,1,1.3238576920703053,10.726310532540083,9.8425426594913,8267,Guido Rodríguez
season,DMC,35,1,30,2879,1.84852793533355,0,0.6430491097271442,11,2020,Real Betis,10,0,1,1.84852793533355,7.998269607312977,7.33686335477978,8267,Guido Rodríguez
season,Sub,14,1,12,947,0.8267464088276029,0,0.07243480160832405,3,2019,Real Betis,5,0,1,0.8267464088276029,2.577083006501198,2.2465688129886985,8267,Guido Rodríguez
