group_type,position,games,goals,shots,time,xG,assists,xA,key_passes,season,team,yellow,red,npg,npxG,xGChain,xGBuildup,player_id,player_name
season,DR,4,0,3,272,0.06341449916362762,0,0,0,2020,Burnley,2,0,0,0.06341449916362762,0.12669399939477444,0.10160529986023903,857,Phil Bardsley
season,DR,21,0,11,1890,0.2909776996821165,1,1.5795670915395021,9,2019,Burnley,6,0,0,0.2909776996821165,3.418901002034545,1.8510114159435034,857,Phil Bardsley
season,DR,19,0,12,1677,0.25243240036070347,0,1.2935342267155647,7,2018,Burnley,9,0,0,0.25243240036070347,3.9139327304437757,2.8458809331059456,857,Phil Bardsley
season,DR,13,0,2,1130,0.028994289226830006,0,0.2951515009626746,5,2017,Burnley,5,0,0,0.028994289226830006,1.8881107233464718,1.640146303921938,857,Phil Bardsley
season,DR,15,0,11,1177,0.2093588998541236,0,1.0495597086846828,9,2016,Stoke,4,1,0,0.2093588998541236,3.4351272778585553,2.362387888133526,857,Phil Bardsley
season,Sub,11,0,7,813,0.1287099989131093,1,0.6606273846700788,4,2015,Stoke,1,0,0,0.1287099989131093,2.7825201405212283,2.59415116161108,857,Phil Bardsley
season,DR,25,0,22,2079,0.6633689710870385,1,1.611687340773642,17,2014,Stoke,6,0,0,0.6633689710870385,3.909186717122793,2.805656020529568,857,Phil Bardsley
