group_type,position,games,goals,shots,time,xG,assists,xA,key_passes,season,team,yellow,red,npg,npxG,xGChain,xGBuildup,player_id,player_name
season,Sub,1,0,0,2,0,0,0,0,2025,Tottenham,0,0,0,0,0.05431010574102402,0.05431010574102402,6818,James Maddison
season,MC,31,9,39,1851,5.8936047330498695,7,6.016693122684956,42,2024,Tottenham,6,0,9,5.8936047330498695,15.656851299107075,7.841132877394557,6818,James Maddison
season,AMC,28,4,57,2206,6.2975962068885565,9,7.142374597489834,66,2023,Tottenham,5,0,4,6.2975962068885565,20.873470183461905,12.04095826484263,6818,James Maddison
season,AMC,30,10,85,2485,8.489387180656195,9,7.773198906332254,69,2022,Leicester,10,0,9,6.967049431055784,15.354668013751507,6.399377454072237,6818,James Maddison
season,AMC,35,12,72,2480,6.496711893007159,8,5.6742051569744945,48,2021,Leicester,3,0,12,6.496711893007159,14.606812160462141,5.826918383128941,6818,James Maddison
season,Sub,31,8,75,2123,3.8275705073028803,5,5.386723550967872,50,2020,Leicester,4,0,8,3.8275705073028803,11.743434881791472,6.07312859967351,6818,James Maddison
season,ML,31,6,74,2632,5.0217751413583755,3,5.76851593144238,79,2019,Leicester,4,0,6,5.0217751413583755,14.378998031839728,8.763979986310005,6818,James Maddison
season,AMC,36,7,83,2877,7.372485462576151,7,7.935436034575105,100,2018,Leicester,3,1,6,5.850147128105164,15.304548813030124,6.967958451714367,6818,James Maddison
