group_type,position,games,goals,shots,time,xG,assists,xA,key_passes,season,team,yellow,red,npg,npxG,xGChain,xGBuildup,player_id,player_name
season,DL,27,2,10,2043,0.8559658173471689,2,1.2810938572511077,15,2018,Atletico Madrid,4,0,2,0.8559658173471689,5.322777085006237,4.791846167296171,2265,Filipe Luis
season,DL,20,1,5,1662,0.2604992976412177,2,2.1899991557002068,19,2017,Atletico Madrid,4,0,1,0.2604992976412177,5.561168309301138,3.9448479786515236,2265,Filipe Luis
season,DL,34,3,25,3011,2.307006387040019,6,2.9120452785864472,34,2016,Atletico Madrid,5,0,3,2.307006387040019,12.974659107625484,11.386349596083164,2265,Filipe Luis
season,DL,32,1,8,2833,0.6238535903394222,4,1.9451883174479008,28,2015,Atletico Madrid,11,1,1,0.6238535903394222,13.200198698788881,11.788190392777324,2265,Filipe Luis
season,Sub,15,0,5,940,0.2597896968945861,0,0.49444039911031723,10,2014,Chelsea,1,0,0,0.2597896968945861,4.816306881606579,4.59536337852478,2265,Filipe Luis
