group_type,position,games,goals,shots,time,xG,assists,xA,key_passes,season,team,yellow,red,npg,npxG,xGChain,xGBuildup,player_id,player_name
season,Sub,12,1,10,251,0.44131880439817905,1,0.25846370309591293,6,2017,Sampdoria,0,0,1,0.44131880439817905,0.6199169158935547,0.12924489937722683,1231,Ricardo Álvarez
season,MC,21,2,34,974,1.704068168066442,2,2.191227115690708,24,2016,Sampdoria,3,1,2,1.704068168066442,3.429362748749554,1.8569581843912601,1231,Ricardo Álvarez
season,Sub,13,1,14,810,0.7967044897377491,1,0.6241201981902122,16,2015,Sampdoria,2,0,1,0.7967044897377491,2.1806615106761456,1.243726622313261,1231,Ricardo Álvarez
season,MR,13,0,10,490,0.2926666997373104,0,0.7517009004950523,7,2014,Sunderland,3,0,0,0.2926666997373104,2.6450360044837,1.708255685865879,1231,Ricardo Álvarez
