group_type,position,games,goals,shots,time,xG,assists,xA,key_passes,season,team,yellow,red,npg,npxG,xGChain,xGBuildup,player_id,player_name
season,Sub,27,2,21,1099,1.195362207479775,0,1.0577591806650162,10,2025,Burnley,2,0,2,1.195362207479775,3.857453793287277,1.8234017807990313,9977,Loum Tchaouna
season,Sub,24,1,23,624,2.584312392398715,0,0.6861412897706032,10,2024,Lazio,2,1,1,2.584312392398715,4.432393677532673,1.6853936556726694,9977,Loum Tchaouna
season,Sub,33,4,44,2096,2.7410695469006896,3,2.286348751746118,22,2023,Salernitana,4,0,4,2.7410695469006896,6.495509563945234,2.617133552208543,9977,Loum Tchaouna
season,Sub,10,0,2,71,0.5800759047269821,0,0.1854873076081276,2,2021,Rennes,0,0,0,0.5800759047269821,0.8016724139451981,0.07061350345611572,9977,Loum Tchaouna
