group_type,position,games,goals,shots,time,xG,assists,xA,key_passes,season,team,yellow,red,npg,npxG,xGChain,xGBuildup,player_id,player_name
season,Sub,18,0,1,796,0.08585410565137863,0,0.1803088989108801,4,2025,Arsenal,4,0,0,0.08585410565137863,3.727935738861561,3.6377646028995514,10024,Cristhian Mosquera
season,DC,37,1,5,3322,0.35144824907183647,0,0,0,2024,Valencia,6,0,1,0.35144824907183647,8.561127007007599,8.436696499586105,10024,Cristhian Mosquera
season,Sub,36,0,9,3060,0.9962476417422295,0,0.07167285680770874,1,2023,Valencia,2,0,0,0.9962476417422295,7.333322339691222,7.304638323374093,10024,Cristhian Mosquera
season,Sub,3,0,2,135,0.12147919833660126,0,0,0,2022,Valencia,0,0,0,0.12147919833660126,0.43749070912599564,0.43749070912599564,10024,Cristhian Mosquera
season,DC,6,0,1,215,0.47798800468444824,0,0,0,2021,Valencia,1,0,0,0.47798800468444824,0.06507190316915512,0.06507190316915512,10024,Cristhian Mosquera
