group_type,position,games,goals,shots,time,xG,assists,xA,key_passes,season,team,yellow,red,npg,npxG,xGChain,xGBuildup,player_id,player_name
season,Sub,22,1,2,1710,0.6421074867248535,0,0.07015308737754822,1,2024,Leicester,3,0,1,0.6421074867248535,5.112960673868656,4.499962247908115,6851,Conor Coady
season,DC,24,1,4,2096,0.6148279123008251,1,0.4616532074287534,4,2022,Everton,2,0,1,0.6148279123008251,2.696392798796296,2.2494612988084555,6851,Conor Coady
season,DC,38,4,12,3369,2.3264750596135855,0,0.0783219002187252,3,2021,Wolverhampton Wanderers,4,0,4,2.3264750596135855,5.348749686963856,5.322400999255478,6851,Conor Coady
season,DC,37,1,7,3305,1.4450342124328017,0,0.19623779505491257,3,2020,Wolverhampton Wanderers,5,0,1,1.4450342124328017,5.043202399276197,4.874850797466934,6851,Conor Coady
season,DC,38,0,0,3420,0,0,0.5321239102631807,5,2019,Wolverhampton Wanderers,5,0,0,0,9.533745470456779,9.087925267405808,6851,Conor Coady
season,DC,38,0,0,3420,0,0,0.013486499898135662,2,2018,Wolverhampton Wanderers,5,0,0,0,6.792535844258964,6.779048862867057,6851,Conor Coady
