group_type,position,games,goals,shots,time,xG,assists,xA,key_passes,season,team,yellow,red,npg,npxG,xGChain,xGBuildup,player_id,player_name
season,AMC,17,1,24,890,2.7824456579983234,4,3.822403874248266,20,2025,Bayer Leverkusen,2,0,1,2.7824456579983234,8.58071481436491,3.4000950502231717,8456,Nathan Tella
season,Sub,27,2,28,1385,3.3967102095484734,4,1.3434475176036358,18,2024,Bayer Leverkusen,1,0,2,3.3967102095484734,6.290043022483587,2.031696029007435,8456,Nathan Tella
season,Sub,24,5,21,805,3.71436058357358,2,3.4821176547557116,14,2023,Bayer Leverkusen,2,0,5,3.71436058357358,8.950528286397457,3.1216535922139883,8456,Nathan Tella
season,Sub,14,0,12,831,0.6766912061721087,1,0.6299310103058815,8,2021,Southampton,2,0,0,0.6766912061721087,1.3331405092030764,0.2192915938794613,8456,Nathan Tella
season,Sub,18,1,17,734,1.9882364720106125,1,1.090901680290699,6,2020,Southampton,2,0,1,1.9882364720106125,2.907419417053461,0.48396930284798145,8456,Nathan Tella
season,Sub,1,0,1,1,0.07578609883785248,0,0,0,2019,Southampton,0,0,0,0.07578609883785248,0.07578609883785248,0,8456,Nathan Tella
