group_type,position,games,goals,shots,time,xG,assists,xA,key_passes,season,team,yellow,red,npg,npxG,xGChain,xGBuildup,player_id,player_name
season,Sub,16,1,21,299,3.968957144767046,0,0.05550061911344528,2,2024,Augsburg,2,0,1,3.968957144767046,4.0690610855817795,0.38268194533884525,3800,Steve Mounie
season,Sub,32,6,59,1778,10.936348255723715,2,1.9047060329467058,21,2023,Brest,2,1,6,10.936348255723715,13.199898360297084,4.71943000331521,3800,Steve Mounie
season,Sub,23,6,59,1663,6.645919502712786,0,0.8502352787181735,13,2022,Brest,2,0,5,5.885824323631823,7.83265183493495,1.9315456543117762,3800,Steve Mounie
season,FW,35,9,75,2306,12.824075052514672,2,1.076785895973444,18,2021,Brest,2,0,7,11.303885029628873,14.180308423936367,4.590662034228444,3800,Steve Mounie
season,FW,35,9,80,2704,11.393559353426099,4,2.5633408492431045,18,2020,Brest,6,0,8,9.873364450410008,14.148396980948746,3.846117125824094,3800,Steve Mounie
season,FW,31,2,61,1775,5.6274154875427485,3,1.8666301174089313,18,2018,Huddersfield,1,1,2,5.6274154875427485,6.190910829231143,0.6617167042568326,3800,Steve Mounie
season,FW,28,7,49,1850,5.801503697410226,1,1.6073069255799055,16,2017,Huddersfield,2,0,7,5.801503697410226,7.001168344169855,1.809567608870566,3800,Steve Mounie
season,FW,35,14,105,2839,11.624606769531965,3,2.88287522085011,24,2016,Montpellier,4,1,14,11.624606769531965,13.82778026163578,2.9643536526709795,3800,Steve Mounie
season,Sub,2,0,0,35,0,0,0.012811600230634212,1,2015,Montpellier,0,0,0,0,0.04054589942097664,0.04054589942097664,3800,Steve Mounie
