group_type,position,games,goals,shots,time,xG,assists,xA,key_passes,season,team,yellow,red,npg,npxG,xGChain,xGBuildup,player_id,player_name
season,MC,36,5,27,2949,2.944296659901738,1,1.0121820382773876,18,2025,Arsenal,4,0,5,2.944296659901738,12.965363174676895,10.740014342591166,7526,Martín Zubimendi
season,Sub,36,2,24,2966,3.922204528003931,1,1.213069198653102,19,2024,Real Sociedad,6,0,2,3.922204528003931,13.16597349382937,9.92495701648295,7526,Martín Zubimendi
season,MC,31,4,22,2647,2.6000347044318914,1,1.4402537755668163,16,2023,Real Sociedad,5,0,4,2.6000347044318914,9.632920825853944,7.485700702294707,7526,Martín Zubimendi
season,DMC,36,1,13,3111,2.1527466010302305,3,2.5357956681400537,20,2022,Real Sociedad,12,0,1,2.1527466010302305,12.739665783941746,10.548374282196164,7526,Martín Zubimendi
season,DMC,36,2,20,2562,2.6199107356369495,1,0.5868826052173972,14,2021,Real Sociedad,4,0,2,2.6199107356369495,6.801687550731003,5.447835745289922,7526,Martín Zubimendi
season,Sub,31,0,7,1861,0.9563558017835021,0,0.6164458822458982,7,2020,Real Sociedad,6,0,0,0.9563558017835021,5.074804541654885,4.807838666252792,7526,Martín Zubimendi
season,Sub,9,0,4,563,0.0541997104883194,0,0.20060930587351322,5,2019,Real Sociedad,3,0,0,0.0541997104883194,1.613408824428916,1.4359484035521746,7526,Martín Zubimendi
season,Sub,1,0,0,4,0,0,0.2741059958934784,1,2018,Real Sociedad,0,0,0,0,0.2741059958934784,0,7526,Martín Zubimendi
