group_type,position,games,goals,shots,time,xG,assists,xA,key_passes,season,team,yellow,red,npg,npxG,xGChain,xGBuildup,player_id,player_name
season,Sub,20,0,2,613,0.14311300218105316,1,0.19542919844388962,4,2021,Nice,1,1,0,0.14311300218105316,1.6397606916725636,1.3617410846054554,551,Morgan Schneiderlin
season,MC,28,0,9,2199,0.5607670871540904,0,0.6443807017058134,13,2020,Nice,7,1,0,0.5607670871540904,7.142092455178499,6.6305320505052805,551,Morgan Schneiderlin
season,DMC,15,0,6,1014,0.33733889926224947,0,0.12848380021750927,4,2019,Everton,4,1,0,0.33733889926224947,3.2938892655074596,3.029686452820897,551,Morgan Schneiderlin
season,DMC,14,0,3,831,0.10108840093016624,1,0.8037047833204269,8,2018,Everton,2,0,0,0.10108840093016624,1.9761153031140566,1.7469285167753696,551,Morgan Schneiderlin
season,MC,30,0,5,2125,0.3219172917306423,0,0.20611330308020115,8,2017,Everton,4,1,0,0.3219172917306423,4.26916216686368,3.9293958824127913,551,Morgan Schneiderlin
season,MC,14,1,8,1059,0.7051461040973663,0,0.1290040984749794,6,2016,Everton,2,0,1,0.7051461040973663,5.677683211863041,5.116363190114498,551,Morgan Schneiderlin
season,Sub,3,0,0,8,0,0,0,0,2016,Manchester United,0,0,0,0,0,0,551,Morgan Schneiderlin
season,DMC,29,1,11,2204,0.8295513093471527,0,0.4136638976633549,9,2015,Manchester United,3,0,1,0.8295513093471527,5.959417164325714,5.560283171012998,551,Morgan Schneiderlin
season,MC,26,4,31,2183,2.3917522355914116,1,1.5581406876444817,20,2014,Southampton,5,1,4,2.3917522355914116,8.423097917810082,7.155297724530101,551,Morgan Schneiderlin
