group_type,position,games,goals,shots,time,xG,assists,xA,key_passes,season,team,yellow,red,npg,npxG,xGChain,xGBuildup,player_id,player_name
season,Sub,16,4,25,1021,3.1093484219163656,0,0.8061626013368368,8,2015,Sunderland,0,0,4,3.1093484219163656,3.5543337743729353,0.6958297900855541,930,Steven Fletcher
season,FW,12,2,19,752,2.7272419072687626,2,1.7331646820530295,16,2015,Marseille,1,0,2,1.9671468921005726,3.5886515276506543,0.7716025002300739,930,Steven Fletcher
season,FW,30,5,37,1782,6.642457719892263,2,2.051580097526312,17,2014,Sunderland,4,0,5,6.642457719892263,9.389527746476233,2.3070692121982574,930,Steven Fletcher
