group_type,position,games,goals,shots,time,xG,assists,xA,key_passes,season,team,yellow,red,npg,npxG,xGChain,xGBuildup,player_id,player_name
season,Sub,1,0,0,2,0,0,0,0,2021,Everton,0,0,0,0,0.01560330018401146,0.01560330018401146,6477,Cenk Tosun
season,Sub,5,0,0,37,0,0,0.07407929748296738,1,2020,Everton,2,0,0,0,0.10806600004434586,0.03398720175027847,6477,Cenk Tosun
season,Sub,5,1,11,290,1.081553116440773,0,0.14774989802390337,4,2019,Everton,0,0,1,1.081553116440773,1.1152748242020607,0,6477,Cenk Tosun
season,Sub,5,1,4,177,0.8313319981098175,0,0.47508901357650757,1,2019,Crystal Palace,0,0,1,0.8313319981098175,1.2051100134849548,0.2623029053211212,6477,Cenk Tosun
season,FW,25,3,37,1036,4.990844622254372,3,0.9619662938639522,13,2018,Everton,3,0,3,4.990844622254372,5.439723916351795,0.8459425028413534,6477,Cenk Tosun
season,FW,14,5,19,998,3.18513151537627,0,1.7238552728667855,15,2017,Everton,0,0,5,3.18513151537627,5.563625156879425,1.1438306123018265,6477,Cenk Tosun
