group_type,position,games,goals,shots,time,xG,assists,xA,key_passes,season,team,yellow,red,npg,npxG,xGChain,xGBuildup,player_id,player_name
season,DR,20,0,2,1357,0.02833649981766939,1,0.5401984006166458,8,2019,Augsburg,3,1,0,0.02833649981766939,2.7968917693942785,2.50812647305429,1303,Stephan Lichtsteiner
season,Sub,14,0,1,953,0.018410900607705116,0,0.08645559847354889,3,2018,Arsenal,3,0,0,0.018410900607705116,1.6605768166482449,1.5909198988229036,1303,Stephan Lichtsteiner
season,DR,27,0,4,1730,0.8210554122924805,2,0.7813882939517498,8,2017,Juventus,6,0,0,0.05975610110908747,5.375353313982487,4.7495507672429085,1303,Stephan Lichtsteiner
season,Sub,26,1,6,1874,1.4278505630791187,2,2.525599882006645,17,2016,Juventus,5,0,1,1.4278505630791187,11.406603619456291,9.102913096547127,1303,Stephan Lichtsteiner
season,DMR,26,0,16,1841,1.2069379929453135,1,2.7899034693837166,18,2015,Juventus,5,0,0,1.2069379929453135,9.449096823111176,5.823846723884344,1303,Stephan Lichtsteiner
season,DMR,32,3,21,2448,2.075416522100568,5,3.6611595638096333,24,2014,Juventus,8,1,3,2.075416522100568,10.487209169194102,7.652456276118755,1303,Stephan Lichtsteiner
