group_type,position,games,goals,shots,time,xG,assists,xA,key_passes,season,team,yellow,red,npg,npxG,xGChain,xGBuildup,player_id,player_name
season,Sub,13,0,7,302,0.34494016505777836,0,0.10135408118367195,2,2023,Sheffield United,0,1,0,0.34494016505777836,0.784455269575119,0.3381610158830881,5569,Rhian Brewster
season,Sub,27,0,25,1102,1.9326187949627638,0,1.76662964746356,11,2020,Sheffield United,1,0,0,1.9326187949627638,3.989293944090605,0.724409413523972,5569,Rhian Brewster
