group_type,position,games,goals,shots,time,xG,assists,xA,key_passes,season,team,yellow,red,npg,npxG,xGChain,xGBuildup,player_id,player_name
season,Sub,18,1,5,937,0.2898656027391553,1,1.1770387142896652,4,2018,Brighton,4,0,1,0.2898656027391553,1.929511004127562,1.1949396133422852,6409,Beram Kayal
season,Sub,19,0,4,731,0.34128090366721153,0,0.45063029788434505,11,2017,Brighton,2,0,0,0.34128090366721153,1.0508338026702404,0.4332425929605961,6409,Beram Kayal
