group_type,position,games,goals,shots,time,xG,assists,xA,key_passes,season,team,yellow,red,npg,npxG,xGChain,xGBuildup,player_id,player_name
season,GK,36,0,0,3240,0,0,0.07646425813436508,1,2025,Brighton,3,0,0,0,7.286164598539472,7.286164598539472,11711,Bart Verbruggen
season,GK,36,0,0,3240,0,1,0.053101878613233566,1,2024,Brighton,5,0,0,0,6.665416944772005,6.6123150661587715,11711,Bart Verbruggen
season,GK,21,0,0,1890,0,0,0,0,2023,Brighton,3,0,0,0,3.662125539034605,3.662125539034605,11711,Bart Verbruggen
