group_type,position,games,goals,shots,time,xG,assists,xA,key_passes,season,team,yellow,red,npg,npxG,xGChain,xGBuildup,player_id,player_name
season,Sub,10,0,1,518,0.030214399099349976,0,0,0,2018,Tottenham,1,0,0,0.030214399099349976,1.9914481565356255,1.9612337574362755,642,Mousa Dembélé
season,DMC,28,0,11,1882,0.3571103988215327,0,0.5999714890494943,18,2017,Tottenham,6,0,0,0.3571103988215327,9.475857749581337,9.017337329685688,642,Mousa Dembélé
season,Sub,30,1,15,2085,0.5696422858163714,1,0.9761255877092481,25,2016,Tottenham,5,0,1,0.5696422858163714,9.285686427727342,8.62422507442534,642,Mousa Dembélé
season,AMR,29,3,22,2286,1.482901705428958,1,0.8319704830646515,28,2015,Tottenham,3,0,3,1.482901705428958,9.668302228674293,8.315912203863263,642,Mousa Dembélé
season,Sub,26,1,11,1122,1.145339130423963,1,0.7561205942183733,22,2014,Tottenham,1,0,1,1.145339130423963,3.640642436221242,2.8854701351374388,642,Mousa Dembélé
