group_type,position,games,goals,shots,time,xG,assists,xA,key_passes,season,team,yellow,red,npg,npxG,xGChain,xGBuildup,player_id,player_name
season,Sub,10,1,6,682,0.3099620118737221,0,0.37322589941322803,3,2025,Everton,1,0,1,0.3099620118737221,1.287902306765318,1.127036638557911,8476,Jarrad Branthwaite
season,DC,30,0,10,2510,1.3813873650506139,1,0.6528244335204363,3,2024,Everton,4,0,0,1.3813873650506139,4.862649876624346,4.707654871046543,8476,Jarrad Branthwaite
season,DC,35,3,14,3122,1.9108920088037848,0,0.9319860828109086,4,2023,Everton,8,0,3,1.9108920088037848,6.321832184214145,6.261263381689787,8476,Jarrad Branthwaite
season,DC,6,1,3,384,0.6022208128124475,0,0,0,2021,Everton,0,1,1,0.6022208128124475,0.06461069919168949,0.06461069919168949,8476,Jarrad Branthwaite
season,Sub,4,0,0,296,0,0,0,0,2019,Everton,0,0,0,0,1.4716931469738483,1.4716931469738483,8476,Jarrad Branthwaite
