group_type,position,games,goals,shots,time,xG,assists,xA,key_passes,season,team,yellow,red,npg,npxG,xGChain,xGBuildup,player_id,player_name
season,MC,8,0,4,652,0.07008400000631809,0,0.025604700669646263,2,2016,Sunderland,4,0,0,0.07008400000631809,0.4442413989454508,0.39215150102972984,738,Lee Cattermole
season,DMC,31,0,11,2230,0.4802329000085592,0,1.7009663991630077,23,2015,Sunderland,8,0,0,0.4802329000085592,3.794590956531465,2.3901334600523114,738,Lee Cattermole
season,DMC,28,1,10,2367,0.23088709823787212,0,1.0550355045124888,12,2014,Sunderland,14,0,1,0.23088709823787212,5.4220426101237535,4.694637179374695,738,Lee Cattermole
