group_type,position,games,goals,shots,time,xG,assists,xA,key_passes,season,team,yellow,red,npg,npxG,xGChain,xGBuildup,player_id,player_name
season,AMC,28,19,123,2171,19.039388295263052,5,5.001840129494667,34,2025,VfB Stuttgart,5,0,19,18.281611677259207,29.772602021694183,9.196426364593208,10804,Deniz Undav
season,AMC,27,9,75,1733,11.975074492394924,3,4.6570643819868565,26,2024,VfB Stuttgart,4,0,9,11.975074492394924,19.974650152027607,5.010630551725626,10804,Deniz Undav
season,Sub,30,18,107,2135,17.09328974597156,10,7.17163859680295,39,2023,VfB Stuttgart,5,0,18,16.335513127967715,26.269780419766903,6.9859972056001425,10804,Deniz Undav
season,Sub,22,5,27,594,5.5473707262426615,0,1.1680052187293768,8,2022,Brighton,2,0,5,5.5473707262426615,7.276752598583698,1.4865605253726244,10804,Deniz Undav
