group_type,position,games,goals,shots,time,xG,assists,xA,key_passes,season,team,yellow,red,npg,npxG,xGChain,xGBuildup,player_id,player_name
season,Sub,31,1,43,1701,1.9335140036419034,5,3.7298026997596025,42,2016,Palermo,8,1,1,1.9335140036419034,5.63687209226191,3.3682784605771303,948,Alessandro Diamanti
season,Sub,16,1,24,863,1.6845471020787954,1,2.5567759769037366,23,2015,Atalanta,4,0,1,1.6845471020787954,5.722162374295294,3.0556221436709166,948,Alessandro Diamanti
season,Sub,3,0,1,60,0.014098400250077248,0,0.20077699422836304,2,2015,Watford,0,0,0,0.014098400250077248,0.18985730409622192,0.17575930058956146,948,Alessandro Diamanti
season,FW,11,2,42,681,3.176374465227127,0,0.5507888980209827,10,2014,Fiorentina,4,0,2,2.4150713980197906,3.4827526416629553,1.2560699926689267,948,Alessandro Diamanti
