group_type,position,games,goals,shots,time,xG,assists,xA,key_passes,season,team,yellow,red,npg,npxG,xGChain,xGBuildup,player_id,player_name
season,Sub,2,0,0,10,0,0,0,0,2023,Udinese,0,0,0,0,0,0,5573,Domingos Quina
season,Sub,10,0,5,234,0.1280968990176916,0,0.4291602000594139,3,2022,Elche,1,1,0,0.1280968990176916,0.5352402180433273,0.45106731727719307,5573,Domingos Quina
season,Sub,8,2,8,344,0.29617619700729847,0,0.14746320061385632,5,2020,Granada,1,0,2,0.29617619700729847,0.48247890546917915,0.05319389887154102,5573,Domingos Quina
season,Sub,4,0,1,9,0.021321000531315804,0,0,0,2019,Watford,0,0,0,0.021321000531315804,0.021321000531315804,0,5573,Domingos Quina
season,Sub,8,1,5,328,0.19721399992704391,0,0.09227259643375874,2,2018,Watford,0,0,1,0.19721399992704391,2.343976028263569,2.176337994635105,5573,Domingos Quina
