group_type,position,games,goals,shots,time,xG,assists,xA,key_passes,season,team,yellow,red,npg,npxG,xGChain,xGBuildup,player_id,player_name
season,AMC,38,6,54,2233,6.457844961434603,8,8.6211255826056,46,2023,Aston Villa,1,0,6,6.457844961434603,17.952719137072563,6.211081475019455,6556,Moussa Diaby
season,AML,33,9,80,2736,10.234066966921091,8,8.54252471961081,58,2022,Bayer Leverkusen,4,0,9,9.476291004568338,20.56936350464821,4.606570445932448,6556,Moussa Diaby
season,AMR,32,13,54,2793,8.830643471330404,12,10.126420075073838,61,2021,Bayer Leverkusen,8,1,13,8.07286649569869,26.786522515118122,10.381311136297882,6556,Moussa Diaby
season,ML,32,4,50,2400,4.85926175955683,10,7.467326698824763,45,2020,Bayer Leverkusen,5,0,4,4.85926175955683,14.78585029579699,3.3318043015897274,6556,Moussa Diaby
season,Sub,28,5,41,1761,4.7901432937942445,5,6.1492712358012795,35,2019,Bayer Leverkusen,3,0,5,4.7901432937942445,14.2206215322949,4.19238371308893,6556,Moussa Diaby
season,Sub,25,2,23,1123,2.481281442567706,6,4.244954576715827,20,2018,Paris Saint Germain,1,0,2,2.481281442567706,9.993971638381481,5.381011009216309,6556,Moussa Diaby
season,Sub,2,0,0,68,0,0,0,0,2017,Crotone,0,0,0,0,0.08877850323915482,0.08877850323915482,6556,Moussa Diaby
