group_type,position,games,goals,shots,time,xG,assists,xA,key_passes,season,team,yellow,red,npg,npxG,xGChain,xGBuildup,player_id,player_name
season,Sub,10,0,3,276,0.0812763012945652,1,0.6885989997535944,6,2021,Venezia,1,0,0,0.0812763012945652,0.8816940002143383,0.5243286024779081,4536,Nani
season,Sub,18,3,14,351,1.4931518826633692,3,0.8129735924303532,8,2017,Lazio,2,0,3,1.4931518826633692,3.749661274254322,1.9089290089905262,4536,Nani
season,FWL,25,5,68,1868,5.386300177313387,7,6.069593016058207,39,2016,Valencia,6,0,4,4.64302269462496,10.342329324223101,3.47476776689291,4536,Nani
season,Sub,1,0,0,41,0,0,0,0,2014,Manchester United,0,0,0,0,0.0731491968035698,0.0731491968035698,4536,Nani
