group_type,position,games,goals,shots,time,xG,assists,xA,key_passes,season,team,yellow,red,npg,npxG,xGChain,xGBuildup,player_id,player_name
season,Sub,3,0,3,34,0.30547699332237244,0,0,0,2018,Tottenham,0,0,0,0.30547699332237244,0.30547699332237244,0,1730,Vincent Janssen
season,Sub,1,0,0,1,0,0,0,0,2017,Tottenham,0,0,0,0,0,0,1730,Vincent Janssen
season,Sub,27,2,30,815,4.4170533288270235,2,1.2540392242372036,16,2016,Tottenham,0,0,1,3.6558873523026705,3.7925248090177774,0.8960287114605308,1730,Vincent Janssen
