group_type,position,games,goals,shots,time,xG,assists,xA,key_passes,season,team,yellow,red,npg,npxG,xGChain,xGBuildup,player_id,player_name
season,DC,1,0,2,57,0.05795770138502121,0,0,0,2019,Watford,0,0,0,0.05795770138502121,0,0,566,Sebastian Prödl
season,Sub,1,0,0,13,0,0,0,0,2018,Watford,0,0,0,0,0,0,566,Sebastian Prödl
season,DC,21,0,8,1566,0.9169929064810276,0,0.3209409024566412,2,2017,Watford,5,0,0,0.9169929064810276,1.0426293034106493,0.6432172004133463,566,Sebastian Prödl
season,DC,33,1,22,2774,1.8484823750331998,1,0.8706913068890572,10,2016,Watford,10,1,1,1.8484823750331998,3.04250480607152,2.431777410209179,566,Sebastian Prödl
season,DC,21,2,13,1774,1.5338504202663898,0,0.1290602032095194,2,2015,Watford,5,0,2,1.5338504202663898,1.9340766528621316,1.9062326410785317,566,Sebastian Prödl
season,DC,22,3,19,1741,2.248267736285925,1,1.146436169743538,4,2014,Werder Bremen,5,0,3,2.248267736285925,2.608460534363985,2.0211393497884274,566,Sebastian Prödl
