group_type,position,games,goals,shots,time,xG,assists,xA,key_passes,season,team,yellow,red,npg,npxG,xGChain,xGBuildup,player_id,player_name
season,DMC,35,6,67,3022,5.0062854727730155,1,1.8384296027943492,32,2022,Wolverhampton Wanderers,12,0,3,2.7227791724726558,10.452420154586434,8.169478697702289,6853,Rúben Neves
season,MC,33,4,42,2674,1.1209032889455557,2,2.2435877406969666,25,2021,Wolverhampton Wanderers,9,0,4,1.1209032889455557,8.249836585484445,6.51626112498343,6853,Rúben Neves
season,Sub,36,5,67,2681,4.744082765653729,1,2.061172278597951,33,2020,Wolverhampton Wanderers,7,0,2,2.4605759885162115,6.995870877057314,4.6739716026932,6853,Rúben Neves
season,MC,38,2,61,3081,1.6380842179059982,2,2.6060934849083424,29,2019,Wolverhampton Wanderers,9,0,2,1.6380842179059982,13.925793657079339,11.201464420184493,6853,Rúben Neves
season,MC,35,4,74,3014,3.39373844768852,3,1.8831316716969013,24,2018,Wolverhampton Wanderers,8,0,2,1.8714010482653975,10.348723506554961,8.176534997299314,6853,Rúben Neves
