group_type,position,games,goals,shots,time,xG,assists,xA,key_passes,season,team,yellow,red,npg,npxG,xGChain,xGBuildup,player_id,player_name
season,Sub,25,3,57,1738,7.26057693362236,2,2.5309904627501965,21,2025,Strasbourg,2,0,2,6.500481814146042,12.53595601208508,4.7373580522835255,11058,Julio Enciso
season,Sub,13,2,32,892,1.763539433479309,3,1.9059842694550753,13,2024,Ipswich,3,0,2,1.763539433479309,4.314734801650047,1.8303621960803866,11058,Julio Enciso
season,Sub,12,0,20,276,0.9765057731419802,0,0.3216366823762655,5,2024,Brighton,0,0,0,0.9765057731419802,1.9163750130683184,0.9565869271755219,11058,Julio Enciso
season,Sub,12,0,28,476,1.770764671266079,2,2.3733056373894215,9,2023,Brighton,2,0,0,1.770764671266079,4.64084342494607,1.593938222154975,11058,Julio Enciso
season,Sub,20,4,38,798,4.214253352954984,2,1.779839888215065,13,2022,Brighton,1,0,4,4.214253352954984,8.684670090675354,2.9589081732556224,11058,Julio Enciso
