group_type,position,games,goals,shots,time,xG,assists,xA,key_passes,season,team,yellow,red,npg,npxG,xGChain,xGBuildup,player_id,player_name
season,AMR,34,10,74,2731,5.635010724887252,6,5.479181645438075,36,2025,Fulham,7,0,10,5.635010724887252,10.868088003247976,4.033772559836507,5596,Harry Wilson
season,Sub,25,6,43,1150,3.605708472430706,1,1.4601951194927096,20,2024,Fulham,2,0,6,3.605708472430706,6.673274612054229,2.516816926188767,5596,Harry Wilson
season,FWR,35,4,39,1576,2.8195397332310677,6,3.1505596097558737,22,2023,Fulham,6,0,4,2.8195397332310677,7.545763581991196,3.50857000797987,5596,Harry Wilson
season,Sub,29,2,18,1087,1.8703890815377235,3,1.3884916454553604,12,2022,Fulham,1,0,2,1.8703890815377235,5.573958999477327,2.747893917374313,5596,Harry Wilson
season,MR,31,7,56,1672,4.164999137632549,0,2.217742595821619,14,2019,Bournemouth,2,0,7,4.164999137632549,7.9218197055161,4.210729802027345,5596,Harry Wilson
