group_type,position,games,goals,shots,time,xG,assists,xA,key_passes,season,team,yellow,red,npg,npxG,xGChain,xGBuildup,player_id,player_name
season,DC,6,0,1,139,0.08295150846242905,0,0,0,2024,Nottingham Forest,1,0,0,0.08295150846242905,0.13758442923426628,0.13758442923426628,6850,Willy Boly
season,DC,20,2,14,1461,1.4704081807285547,1,1.3754375465214252,8,2023,Nottingham Forest,1,1,2,1.4704081807285547,4.124650048092008,3.0947159733623266,6850,Willy Boly
season,DC,11,0,2,687,0.06999018229544163,1,0.117637999355793,1,2022,Nottingham Forest,2,0,0,0.06999018229544163,0.6365548893809319,0.6365548893809319,6850,Willy Boly
season,DC,10,0,2,900,0.08892799913883209,0,0.06295730173587799,1,2021,Wolverhampton Wanderers,1,0,0,0.08892799913883209,2.5500261951237917,2.5500261951237917,6850,Willy Boly
season,DC,21,1,15,1880,1.1301859011873603,1,0.5512952953577042,3,2020,Wolverhampton Wanderers,2,0,1,1.1301859011873603,2.838236978277564,2.663166480138898,6850,Willy Boly
season,DC,22,0,5,1980,0.23320859856903553,1,1.0245932824909687,7,2019,Wolverhampton Wanderers,1,1,0,0.23320859856903553,4.820769654586911,3.924917357042432,6850,Willy Boly
season,DC,36,4,23,3168,3.634888853877783,0,1.5668134996667504,11,2018,Wolverhampton Wanderers,2,1,4,3.634888853877783,7.487883411347866,5.965667989104986,6850,Willy Boly
