group_type,position,games,goals,shots,time,xG,assists,xA,key_passes,season,team,yellow,red,npg,npxG,xGChain,xGBuildup,player_id,player_name
season,Sub,2,0,0,59,0,0,0,0,2015,West Ham,0,0,0,0,0.08250679820775986,0.08250679820775986,1028,Kevin Nolan
season,AMC,29,1,31,1742,3.6620913930237293,1,0.9290485139936209,12,2014,West Ham,2,0,1,3.6620913930237293,4.468470650725067,2.065542420372367,1028,Kevin Nolan
