group_type,position,games,goals,shots,time,xG,assists,xA,key_passes,season,team,yellow,red,npg,npxG,xGChain,xGBuildup,player_id,player_name
season,Sub,32,0,11,2523,0.797712498344481,4,6.8329336596652865,43,2025,Real Sociedad,3,1,0,0.797712498344481,11.284606516361237,7.932543447241187,6656,Sergio Gómez
season,Sub,37,2,18,2745,1.8784845154732466,5,8.346578739583492,56,2024,Real Sociedad,4,0,2,1.8784845154732466,11.613184611313045,6.642251364886761,6656,Sergio Gómez
season,Sub,6,0,2,29,0.6195764094591141,1,0.12880565226078033,1,2023,Manchester City,0,0,0,0.6195764094591141,0.9868094772100449,0.3672330677509308,6656,Sergio Gómez
season,Sub,12,0,7,326,0.3138598967343569,1,0.4458680246025324,5,2022,Manchester City,0,0,0,0.3138598967343569,2.0659322142601013,1.6488532945513725,6656,Sergio Gómez
season,Sub,29,0,9,738,0.7332101101055741,1,0.8933868873864412,14,2020,SD Huesca,1,0,0,0.7332101101055741,2.200577720068395,1.1181078236550093,6656,Sergio Gómez
season,Sub,2,0,0,4,0,0,0.07842410355806351,1,2017,Borussia Dortmund,0,0,0,0,0,0,6656,Sergio Gómez
