group_type,position,games,goals,shots,time,xG,assists,xA,key_passes,season,team,yellow,red,npg,npxG,xGChain,xGBuildup,player_id,player_name
season,FW,10,0,11,438,1.3112603276968002,0,0.1556207612156868,3,2024,Southampton,1,0,0,1.3112603276968002,2.001358740031719,0.5646974295377731,11815,Ben Brereton Díaz
season,ML,14,6,35,1134,6.060540288686752,1,1.6426486261188984,8,2023,Sheffield United,3,0,5,5.29937145113945,7.229928359389305,1.5459889732301235,11815,Ben Brereton Díaz
season,FWL,14,0,5,231,0.24860912188887596,0,0.1335055362433195,2,2023,Villarreal,2,0,0,0.24860912188887596,0.6096909828484058,0.2818686068058014,11815,Ben Brereton Díaz
