group_type,position,games,goals,shots,time,xG,assists,xA,key_passes,season,team,yellow,red,npg,npxG,xGChain,xGBuildup,player_id,player_name
season,Sub,2,0,1,8,0.0783025473356247,0,0,0,2025,Newcastle United,0,0,0,0.0783025473356247,0,0,766,Jamaal Lascelles
season,Sub,16,1,6,1072,1.0759279876947403,0,0.036406565457582474,2,2023,Newcastle United,4,0,1,1.0759279876947403,3.6166847310960293,3.5107219703495502,766,Jamaal Lascelles
season,DC,7,0,2,200,0.12024039402604103,0,0,0,2022,Newcastle United,2,0,0,0.12024039402604103,0.3834709972143173,0.3834709972143173,766,Jamaal Lascelles
season,DC,26,1,17,2052,1.3373388117179275,0,0.23165089450776577,4,2021,Newcastle United,5,0,1,1.3373388117179275,1.4465576093643904,1.4465576093643904,766,Jamaal Lascelles
season,DC,19,2,16,1633,0.7653545793145895,0,0.06688280217349529,2,2020,Newcastle United,4,0,2,0.7653545793145895,2.6064504999667406,2.3499084059149027,766,Jamaal Lascelles
season,DC,24,1,9,2084,0.44119159784168005,0,0.14197489991784096,2,2019,Newcastle United,5,0,1,0.44119159784168005,2.9985410645604134,2.853570658713579,766,Jamaal Lascelles
season,DC,32,0,11,2751,0.3995888289064169,1,1.2035105116665363,3,2018,Newcastle United,4,0,0,0.3995888289064169,3.302876438945532,3.2938694320619106,766,Jamaal Lascelles
season,Sub,33,3,12,2929,1.5097707957029343,0,0.36995729990303516,6,2017,Newcastle United,5,0,3,1.5097707957029343,3.311390195041895,3.2026658058166504,766,Jamaal Lascelles
season,Sub,18,2,4,1135,0.4158274009823799,0,0.14827369898557663,2,2015,Newcastle United,1,1,2,0.4158274009823799,1.2703508995473385,1.2219718024134636,766,Jamaal Lascelles
