group_type,position,games,goals,shots,time,xG,assists,xA,key_passes,season,team,yellow,red,npg,npxG,xGChain,xGBuildup,player_id,player_name
season,MC,26,5,28,2104,2.7161694215610623,2,1.6090543158352375,24,2025,Spartak Moscow,2,0,5,2.7161694215610623,8.244370678439736,5.242864403873682,8257,Gedson Fernandes
season,Sub,7,0,1,51,0.01995060034096241,0,0.09191019833087921,2,2019,Tottenham,0,0,0,0.01995060034096241,0.26796009577810764,0.15609929710626602,8257,Gedson Fernandes
