group_type,position,games,goals,shots,time,xG,assists,xA,key_passes,season,team,yellow,red,npg,npxG,xGChain,xGBuildup,player_id,player_name
season,DC,28,0,11,1723,0.2927396623417735,0,0.8772552907466888,10,2025,Getafe,3,0,0,0.2927396623417735,1.4686552183702588,0.5435091145336628,5065,Diego Rico
season,DL,33,0,16,2822,0.33322237711399794,3,3.2881504325196147,36,2024,Getafe,9,1,0,0.33322237711399794,8.30121813248843,5.797270404174924,5065,Diego Rico
season,DL,33,0,21,2629,0.3690704135224223,7,4.589375820942223,39,2023,Getafe,10,0,0,0.3690704135224223,8.167431263253093,4.461082279682159,5065,Diego Rico
season,DL,20,0,9,1651,0.17703823000192642,0,1.5705405864864588,10,2022,Real Sociedad,3,0,0,0.17703823000192642,5.12915344722569,4.6733418349176645,5065,Diego Rico
season,Sub,21,0,10,1653,0.2481263093650341,0,0.9743401873856783,15,2021,Real Sociedad,4,0,0,0.2481263093650341,5.053537666797638,4.1894857212901115,5065,Diego Rico
season,DML,27,0,11,2346,0.33659479580819607,4,2.5829767948016524,31,2019,Bournemouth,6,0,0,0.33659479580819607,4.199678809382021,3.4121973905712366,5065,Diego Rico
season,DML,12,0,9,600,0.18088920414447784,0,1.2170702759176493,11,2018,Bournemouth,1,0,0,0.18088920414447784,1.2552982969209552,0.6581917908042669,5065,Diego Rico
season,DL,26,2,25,2229,1.4768167054280639,2,3.593026300892234,27,2017,Leganes,8,1,2,1.4768167054280639,6.110122092068195,3.179548218846321,5065,Diego Rico
season,DC,25,1,16,2222,0.6368234967812896,0,1.1508207796141505,14,2016,Leganes,6,0,1,0.6368234967812896,3.2297239806503057,1.924740212969482,5065,Diego Rico
