group_type,position,games,goals,shots,time,xG,assists,xA,key_passes,season,team,yellow,red,npg,npxG,xGChain,xGBuildup,player_id,player_name
season,DL,23,0,4,1794,0.1700047692283988,1,0.29589132592082024,6,2025,Sunderland,7,1,0,0.1700047692283988,3.0928168892860413,2.851276095956564,7432,Reinildo
season,DML,19,0,1,916,0.05156291276216507,0,0.18367374688386917,2,2024,Atletico Madrid,4,0,0,0.05156291276216507,3.498327238485217,3.402019379660487,7432,Reinildo
season,Sub,16,2,5,713,1.2540149614214897,1,0.6998050753027201,5,2023,Atletico Madrid,2,0,2,1.2540149614214897,3.7925765346735716,2.960359640419483,7432,Reinildo
season,DC,22,0,6,1865,0.6164999874308705,0,0.30244680121541023,9,2022,Atletico Madrid,4,0,0,0.6164999874308705,4.738753279671073,4.390513090416789,7432,Reinildo
season,DL,18,1,6,1539,0.6658898182213306,0,0.21475390158593655,4,2021,Lille,7,0,1,0.6658898182213306,3.7967390082776546,3.5466278167441487,7432,Reinildo
season,Sub,17,0,2,1305,0.2533860057592392,0,0.08521589823067188,3,2021,Atletico Madrid,5,0,0,0.2533860057592392,2.6172784082591534,2.5516461115330458,7432,Reinildo
season,DL,29,0,4,2181,0.09988170117139816,0,1.4860181920230389,18,2020,Lille,2,1,0,0.09988170117139816,5.912865962833166,4.456237491220236,7432,Reinildo
season,Sub,16,0,2,1110,0.03778459969907999,0,0.3115343041718006,6,2019,Lille,4,0,0,0.03778459969907999,2.3903462924063206,2.176877085119486,7432,Reinildo
season,Sub,3,0,0,94,0,0,0.3302069902420044,1,2018,Lille,0,0,0,0,0.5661460161209106,0.5661460161209106,7432,Reinildo
