group_type,position,games,goals,shots,time,xG,assists,xA,key_passes,season,team,yellow,red,npg,npxG,xGChain,xGBuildup,player_id,player_name
season,MC,1,0,1,90,0.0164778009057045,0,0.022287599742412567,1,2015,Swansea,0,0,0,0.0164778009057045,0.022287599742412567,0,1045,Matt Grimes
season,Sub,3,0,0,38,0,0,0.13826599717140198,1,2014,Swansea,0,0,0,0,0.19051770493388176,0.19051770493388176,1045,Matt Grimes
