group_type,position,games,goals,shots,time,xG,assists,xA,key_passes,season,team,yellow,red,npg,npxG,xGChain,xGBuildup,player_id,player_name
season,Sub,3,0,3,151,0.10924900323152542,1,0.5663559958338737,3,2020,West Bromwich Albion,0,0,0,0.10924900323152542,0.16501349955797195,0.017962099984288216,3231,Kamil Grosicki
season,Sub,15,0,29,1145,2.034929482266307,3,3.488165456801653,23,2016,Hull,1,0,0,2.034929482266307,4.8490224331617355,0.5821810998022556,3231,Kamil Grosicki
season,Sub,16,4,32,982,4.496154574677348,3,3.077736707404256,25,2016,Rennes,0,0,3,2.9759643878787756,4.9543918035924435,0.6459348984062672,3231,Kamil Grosicki
season,Sub,33,9,50,1519,4.760302821174264,3,3.131123198196292,25,2015,Rennes,2,0,9,4.760302821174264,7.374181909486651,2.0938724391162395,3231,Kamil Grosicki
season,Sub,19,0,21,827,2.318974557798356,3,2.552884016185999,14,2014,Rennes,0,0,0,2.318974557798356,5.12663635192439,1.6404997892677784,3231,Kamil Grosicki
