group_type,position,games,goals,shots,time,xG,assists,xA,key_passes,season,team,yellow,red,npg,npxG,xGChain,xGBuildup,player_id,player_name
season,Sub,30,1,23,2372,0.6770779136568308,1,0.4899775143712759,5,2019,Norwich,5,0,1,0.6770779136568308,5.790715465322137,5.039047980681062,791,Alexander Tettey
season,DMC,23,2,20,1956,0.6745796985924244,0,0.10933634173125029,5,2015,Norwich,10,0,2,0.6745796985924244,3.9621738800778985,3.3664298839867115,791,Alexander Tettey
