group_type,position,games,goals,shots,time,xG,assists,xA,key_passes,season,team,yellow,red,npg,npxG,xGChain,xGBuildup,player_id,player_name
season,Sub,3,0,1,145,0.011290036141872406,0,0.05155311897397041,2,2025,Lens,1,0,0,0.011290036141872406,1.8264817744493484,1.8151918202638626,1760,Arthur Masuaku
season,Sub,3,0,1,132,0.07842346280813217,0,0.05806344375014305,1,2025,Sunderland,1,0,0,0.07842346280813217,0.15544621646404266,0.09738276898860931,1760,Arthur Masuaku
season,Sub,13,1,4,626,0.06695632077753544,1,0.7584338169544935,2,2021,West Ham,1,0,1,0.06695632077753544,1.4823224358260632,1.4535086210817099,1760,Arthur Masuaku
season,DL,12,0,6,1017,0.4290253957733512,2,2.5958894677460194,11,2020,West Ham,2,0,0,0.4290253957733512,4.273893190547824,1.7911398131400347,1760,Arthur Masuaku
season,DL,17,0,5,925,0.09922110196202993,1,1.2528514806181192,7,2019,West Ham,4,1,0,0.09922110196202993,3.070642157457769,2.8742846874520183,1760,Arthur Masuaku
season,DL,23,0,4,1759,0.07404850050806999,1,1.019871599972248,14,2018,West Ham,2,0,0,0.07404850050806999,3.520279858261347,2.9681908898055553,1760,Arthur Masuaku
season,DL,27,0,9,1864,0.19991878047585487,3,2.0272139217704535,17,2017,West Ham,5,0,0,0.19991878047585487,4.165085129439831,2.776391019113362,1760,Arthur Masuaku
season,DL,13,0,4,969,0.0472891004756093,1,0.9475547131150961,7,2016,West Ham,1,0,0,0.0472891004756093,2.6278534419834614,2.4906123764812946,1760,Arthur Masuaku
