group_type,position,games,goals,shots,time,xG,assists,xA,key_passes,season,team,yellow,red,npg,npxG,xGChain,xGBuildup,player_id,player_name
season,DC,19,0,7,1575,0.67172946408391,0,0.006894074846059084,1,2025,Aston Villa,1,0,0,0.67172946408391,4.429342862218618,4.355117943137884,6221,Pau Torres
season,DC,24,0,8,2011,0.38712109066545963,0,0.1446397490799427,3,2024,Aston Villa,2,0,0,0.38712109066545963,7.192430438473821,7.064639877527952,6221,Pau Torres
season,Sub,29,2,12,2467,1.5308636222034693,0,0.6226628543809056,8,2023,Aston Villa,1,0,2,1.5308636222034693,12.13946529570967,11.884302482940257,6221,Pau Torres
season,DC,34,1,12,3055,2.1185489390045404,0,1.1356263682246208,14,2022,Villarreal,10,0,1,2.1185489390045404,15.156551263295114,14.868950123898685,6221,Pau Torres
season,DC,33,5,24,2862,4.809495896100998,1,2.1740425024181604,9,2021,Villarreal,5,0,5,4.809495896100998,12.096996039152145,11.953241534531116,6221,Pau Torres
season,DC,33,2,8,2970,1.0819476963952184,2,0.7952973991632462,6,2020,Villarreal,2,0,2,1.0819476963952184,11.663440612144768,11.333519794978201,6221,Pau Torres
season,DC,34,2,10,2971,1.7273662891238928,1,2.0888888826593757,11,2019,Villarreal,6,0,2,1.7273662891238928,11.340358980000019,11.220813181251287,6221,Pau Torres
season,Sub,2,0,0,49,0,0,0,0,2017,Villarreal,0,0,0,0,0.052571799606084824,0.052571799606084824,6221,Pau Torres
