group_type,position,games,goals,shots,time,xG,assists,xA,key_passes,season,team,yellow,red,npg,npxG,xGChain,xGBuildup,player_id,player_name
season,Sub,2,0,1,36,0.044891152530908585,0,0,0,2024,Wolverhampton Wanderers,0,0,0,0.044891152530908585,0.044891152530908585,0,8291,Daniel Podence
season,AMR,32,6,43,1769,3.7195267919451,0,2.4171172585338354,37,2022,Wolverhampton Wanderers,5,0,6,3.7195267919451,7.612551175057888,2.9080893266946077,8291,Daniel Podence
season,Sub,26,2,35,1491,1.9968185909092426,3,4.245880654081702,36,2021,Wolverhampton Wanderers,2,0,2,1.9968185909092426,6.1779282465577126,1.5524315927177668,8291,Daniel Podence
season,FW,24,3,32,1718,2.744376480579376,2,1.839432805776596,21,2020,Wolverhampton Wanderers,3,0,3,2.744376480579376,6.7250947672873735,2.910880086943507,8291,Daniel Podence
season,Sub,9,1,10,284,1.3593142926692963,0,0.7727445084601641,5,2019,Wolverhampton Wanderers,0,0,1,1.3593142926692963,2.383344490081072,0.597808601334691,8291,Daniel Podence
