group_type,position,games,goals,shots,time,xG,assists,xA,key_passes,season,team,yellow,red,npg,npxG,xGChain,xGBuildup,player_id,player_name
season,Sub,16,1,17,931,0.6050022980198264,0,0.3290861062705517,8,2016,Hull,4,0,1,0.6050022980198264,1.4432523986324668,0.7781335031613708,649,Ryan Mason
season,DMC,22,1,20,797,3.093703493475914,0,0.7011371180415154,10,2015,Tottenham,3,0,1,3.093703493475914,4.979685790836811,1.9601636249572039,649,Ryan Mason
season,DMC,31,1,41,2342,2.9173037093132734,4,2.6060980344191194,29,2014,Tottenham,10,0,1,2.9173037093132734,12.226362373679876,7.430812673643231,649,Ryan Mason
