group_type,position,games,goals,shots,time,xG,assists,xA,key_passes,season,team,yellow,red,npg,npxG,xGChain,xGBuildup,player_id,player_name
season,DC,25,2,10,2052,0.43706189282238483,0,0.40935616102069616,6,2025,Manchester City,3,0,2,0.43706189282238483,14.39133687876165,13.95382341183722,8961,Rúben Dias
season,DC,27,0,21,2262,1.335742843337357,0,0.21338675543665886,5,2024,Manchester City,4,0,0,1.335742843337357,14.734221961349249,14.567276891320944,8961,Rúben Dias
season,DC,30,0,20,2552,1.828122090548277,0,0.600502266548574,7,2023,Manchester City,0,0,0,1.828122090548277,16.81101167947054,16.458546616137028,8961,Rúben Dias
season,DC,26,0,10,2006,1.9355910001322627,0,0.3942475691437721,3,2022,Manchester City,3,0,0,1.9355910001322627,12.852464072406292,12.49297409504652,8961,Rúben Dias
season,DC,29,2,18,2403,2.535038208588958,4,3.157990090548992,16,2021,Manchester City,5,0,2,2.535038208588958,16.94047772884369,16.11795637756586,8961,Rúben Dias
season,DC,32,1,14,2848,1.9530212916433811,0,0.10559620335698128,3,2020,Manchester City,4,0,1,1.9530212916433811,16.681801982223988,16.56010902673006,8961,Rúben Dias
