group_type,position,games,goals,shots,time,xG,assists,xA,key_passes,season,team,yellow,red,npg,npxG,xGChain,xGBuildup,player_id,player_name
season,DMC,25,1,16,1118,0.7576484093442559,1,1.2484726402908564,10,2025,Nottingham Forest,2,0,1,0.7576484093442559,4.42341185733676,3.288191370666027,8252,Nicolás Domínguez
season,Sub,34,0,21,1979,1.9267512233927846,1,1.4655370814725757,13,2024,Nottingham Forest,9,0,0,1.9267512233927846,4.884785549715161,3.6538716042414308,8252,Nicolás Domínguez
season,ML,26,2,22,1543,1.7021510526537895,2,0.9089695196598768,10,2023,Nottingham Forest,4,0,2,1.7021510526537895,6.102301966398954,3.8425266593694687,8252,Nicolás Domínguez
season,MC,2,0,0,103,0,0,0.05538249760866165,1,2023,Bologna,0,0,0,0,0.3314372058957815,0.27605471573770046,8252,Nicolás Domínguez
season,MC,31,3,42,2317,2.1117189154028893,2,3.4680905528366566,36,2022,Bologna,10,0,3,2.1117189154028893,10.857748687267303,6.553773415274918,8252,Nicolás Domínguez
season,DMC,28,0,21,2025,0.9261136036366224,3,2.414311516098678,27,2021,Bologna,7,0,0,0.9261136036366224,7.825958494096994,5.847233111038804,8252,Nicolás Domínguez
season,DMC,28,1,18,1248,1.187559929676354,0,1.569201661273837,20,2020,Bologna,8,0,1,1.187559929676354,4.240804923698306,2.474937330931425,8252,Nicolás Domínguez
season,Sub,16,0,10,689,0.31687540002167225,1,0.9902251977473497,11,2019,Bologna,1,0,0,0.31687540002167225,1.9389565009623766,1.1086105965077877,8252,Nicolás Domínguez
