group_type,position,games,goals,shots,time,xG,assists,xA,key_passes,season,team,yellow,red,npg,npxG,xGChain,xGBuildup,player_id,player_name
season,FWL,35,7,54,1830,7.796812070533633,0,2.5737088974565268,20,2025,Newcastle United,1,0,7,7.796812070533633,11.623990440741181,3.7019413206726313,6681,Harvey Barnes
season,Sub,33,9,63,1740,7.695071091875434,4,4.351620296947658,24,2024,Newcastle United,0,0,9,7.695071091875434,13.820457808673382,3.1923213340342045,6681,Harvey Barnes
season,Sub,21,5,27,738,3.467865003272891,3,4.21071451343596,13,2023,Newcastle United,3,0,5,3.467865003272891,9.07958210259676,2.550239199772477,6681,Harvey Barnes
season,ML,34,13,72,2738,9.120478011667728,1,3.107304636389017,19,2022,Leicester,3,0,13,9.120478011667728,14.723602913320065,3.649019580334425,6681,Harvey Barnes
season,AML,32,6,66,2108,6.215695910155773,10,4.480990180745721,28,2021,Leicester,2,0,6,6.215695910155773,12.55847548134625,3.729522781446576,6681,Harvey Barnes
season,ML,25,9,56,1954,6.697317669168115,4,1.7716885916888714,26,2020,Leicester,0,0,9,6.697317669168115,8.893779151141644,1.594841817393899,6681,Harvey Barnes
season,Sub,36,6,61,2094,8.480616264045238,8,4.085434114560485,35,2019,Leicester,0,0,6,8.480616264045238,17.093786865472794,6.487783920019865,6681,Harvey Barnes
season,Sub,16,1,40,1014,3.6233893521130085,2,1.9330946989357471,17,2018,Leicester,0,0,1,3.6233893521130085,7.837979565374553,3.348689891397953,6681,Harvey Barnes
season,Sub,3,0,1,5,0.0542616993188858,0,0,0,2017,Leicester,0,0,0,0.0542616993188858,0.10334700345993042,0.10334700345993042,6681,Harvey Barnes
