group_type,position,games,goals,shots,time,xG,assists,xA,key_passes,season,team,yellow,red,npg,npxG,xGChain,xGBuildup,player_id,player_name
season,AMC,22,2,33,1622,1.5964880986139178,2,3.0750363748520613,35,2017,Genoa,5,1,2,1.5964880986139178,7.773766105994582,4.6728257816284895,4450,Adel Taarabt
season,Sub,6,0,6,208,0.39749620016664267,3,1.1724978610873222,5,2016,Genoa,0,0,0,0.39749620016664267,1.643218357115984,0.12071599811315536,4450,Adel Taarabt
season,Sub,7,0,11,296,0.3101955968886614,0,0.3372079702094197,13,2014,Queens Park Rangers,0,0,0,0.3101955968886614,0.7009713910520077,0.24649899639189243,4450,Adel Taarabt
