group_type,position,games,goals,shots,time,xG,assists,xA,key_passes,season,team,yellow,red,npg,npxG,xGChain,xGBuildup,player_id,player_name
season,DC,18,2,10,1526,0.32683715131133795,1,0.5595473209396005,11,2024,Dinamo Moscow,1,0,2,0.32683715131133795,5.553502446040511,5.046891811303794,6892,Fabián Balbuena
season,DC,26,2,13,2266,2.28430924937129,2,1.3311751335859299,12,2023,Dinamo Moscow,6,0,2,2.28430924937129,5.710183443501592,4.313919821754098,6892,Fabián Balbuena
season,DC,27,3,20,2430,1.844004089012742,1,0.8545491034165025,9,2021,Dinamo Moscow,4,0,3,1.844004089012742,4.80220478028059,4.2866320088505745,6892,Fabián Balbuena
season,DC,14,1,8,1197,1.0978235751390457,0,0,0,2020,West Ham,1,1,1,1.0978235751390457,2.2187997102737427,1.9963050186634064,6892,Fabián Balbuena
season,DC,17,1,10,1174,1.3386603072285652,0,0.4616929888725281,1,2019,West Ham,2,0,1,1.3386603072285652,1.5457504000514746,1.5457504000514746,6892,Fabián Balbuena
season,DC,23,1,19,2013,2.5245358627289534,0,0.15304459817707539,3,2018,West Ham,2,0,1,2.5245358627289534,3.731962798163295,3.7082150988280773,6892,Fabián Balbuena
