group_type,position,games,goals,shots,time,xG,assists,xA,key_passes,season,team,yellow,red,npg,npxG,xGChain,xGBuildup,player_id,player_name
season,MR,33,4,59,2520,6.325153514742851,1,3.608845199458301,36,2022,Everton,3,0,2,4.802815888077021,9.126681806519628,3.215145505964756,762,Demarai Gray
season,AMC,34,5,65,2366,4.3363886419683695,4,4.429345730692148,42,2021,Everton,3,0,5,4.3363886419683695,10.400985466316342,3.428600884974003,762,Demarai Gray
season,Sub,10,1,15,438,1.5132300220429897,2,0.7747809030115604,9,2020,Bayer Leverkusen,0,0,1,1.5132300220429897,3.380604065954685,1.373163377866149,762,Demarai Gray
season,Sub,1,0,1,17,0.057972099632024765,0,0,0,2020,Leicester,0,0,0,0.057972099632024765,0.027033399790525436,0.027033399790525436,762,Demarai Gray
season,Sub,21,2,23,580,2.767193015664816,3,2.2339561358094215,16,2019,Leicester,1,0,2,2.0060279928147793,4.8194464184343815,1.811532985419035,762,Demarai Gray
season,AML,34,4,47,2009,4.561490574851632,1,0.9842575751245022,17,2018,Leicester,2,0,4,4.561490574851632,9.417315747588873,4.204089043661952,762,Demarai Gray
season,Sub,35,3,36,1680,2.6410223077982664,1,3.2531555984169245,27,2017,Leicester,2,0,3,2.6410223077982664,8.218314751982689,3.4607090139761567,762,Demarai Gray
season,ML,30,1,27,1015,0.9837647201493382,3,1.7882255781441927,17,2016,Leicester,2,0,1,0.9837647201493382,3.5516433231532574,1.2206886252388358,762,Demarai Gray
season,AML,12,0,5,163,0.5406618043780327,1,1.242211502045393,6,2015,Leicester,0,0,0,0.5406618043780327,2.4951926581561565,0.8116410858929157,762,Demarai Gray
