group_type,position,games,goals,shots,time,xG,assists,xA,key_passes,season,team,yellow,red,npg,npxG,xGChain,xGBuildup,player_id,player_name
season,Sub,25,0,12,954,0.7901082024909556,4,2.4478802867233753,21,2020,Sampdoria,5,0,0,0.7901082024909556,4.220691552385688,2.5902689397335052,952,Gastón Ramírez
season,FWR,26,7,40,1414,5.948077545501292,2,2.851084429770708,33,2019,Sampdoria,5,0,4,3.664218400605023,5.485209925100207,2.0626297844573855,952,Gastón Ramírez
season,AMC,27,4,27,1597,2.0048617012798786,4,3.5916413217782974,32,2018,Sampdoria,6,1,4,2.0048617012798786,8.199260275810957,5.206784972921014,952,Gastón Ramírez
season,AMC,37,3,49,2243,3.8213151041418314,8,5.081518929451704,46,2017,Sampdoria,9,0,3,3.8213151041418314,11.561923824250698,5.217199061065912,952,Gastón Ramírez
season,AMC,24,2,32,1561,3.113752471283078,3,3.0068857222795486,31,2016,Middlesbrough,8,1,2,3.113752471283078,7.360805071890354,3.585045713931322,952,Gastón Ramírez
season,Sub,3,0,0,25,0,1,0.97019281424582,2,2015,Southampton,0,0,0,0,0,0,952,Gastón Ramírez
season,Sub,22,1,16,975,0.900516408495605,2,1.636369095183909,23,2014,Hull,1,1,1,0.900516408495605,3.0376853169873357,1.941877719014883,952,Gastón Ramírez
season,Sub,1,0,1,22,0.11990100145339966,0,0,0,2014,Southampton,0,0,0,0.11990100145339966,0.11990100145339966,0,952,Gastón Ramírez
