group_type,position,games,goals,shots,time,xG,assists,xA,key_passes,season,team,yellow,red,npg,npxG,xGChain,xGBuildup,player_id,player_name
season,AML,11,1,13,316,1.160245418548584,1,0.5048530101776123,2,2021,Bordeaux,1,0,1,1.160245418548584,1.2535266354680061,0.14819560013711452,6947,Samuel Kalu
season,Sub,4,0,4,220,0.39263080433011055,0,0.29245299100875854,1,2021,Watford,0,0,0,0.39263080433011055,0.7094595246016979,0.08331560343503952,6947,Samuel Kalu
season,Sub,20,4,25,980,1.7646357007324696,1,0.525207637809217,10,2020,Bordeaux,3,0,4,1.7646357007324696,3.7434113696217537,2.023746496066451,6947,Samuel Kalu
season,AML,20,1,39,1366,2.703021379187703,1,1.456869532354176,10,2019,Bordeaux,4,0,1,2.703021379187703,4.6870807111263275,0.8963425001129508,6947,Samuel Kalu
season,AMR,21,3,41,1269,2.9242543037980795,2,3.9186691753566265,29,2018,Bordeaux,3,1,3,2.1641603466123343,5.970625303685665,1.4285897174850106,6947,Samuel Kalu
