group_type,position,games,goals,shots,time,xG,assists,xA,key_passes,season,team,yellow,red,npg,npxG,xGChain,xGBuildup,player_id,player_name
season,Sub,1,0,2,31,0.1909874528646469,0,0,0,2023,Fulham,0,0,0,0.1909874528646469,0.1909874528646469,0,773,Aleksandar Mitrovic
season,FW,24,14,93,2022,16.17901684064418,1,2.3344982340931892,15,2022,Fulham,7,0,10,10.089664130471647,11.802805667743087,2.5752602564170957,773,Aleksandar Mitrovic
season,Sub,27,3,59,1369,5.677359725348651,3,2.9247109331190586,23,2020,Fulham,3,0,2,4.155023763887584,7.808299947530031,1.8494829945266247,773,Aleksandar Mitrovic
season,FW,37,11,131,3285,15.452770731411874,3,2.9691329449415207,31,2018,Fulham,7,0,10,14.691605768166482,18.89713564515114,5.371468796394765,773,Aleksandar Mitrovic
season,Sub,6,1,4,73,1.2253827080130577,0,0.2734846994280815,3,2017,Newcastle United,0,0,1,1.2253827080130577,1.534306351095438,0.19798630848526955,773,Aleksandar Mitrovic
season,Sub,34,9,79,2103,10.339352402836084,4,2.2244459111243486,30,2015,Newcastle United,4,2,7,8.817017409950495,10.392626240849495,2.8724034801125526,773,Aleksandar Mitrovic
