group_type,position,games,goals,shots,time,xG,assists,xA,key_passes,season,team,yellow,red,npg,npxG,xGChain,xGBuildup,player_id,player_name
season,DC,11,0,0,938,0,1,0.15736400336027145,2,2021,Bordeaux,2,0,0,0,1.85195632558316,1.6945923203602433,494,Laurent Koscielny
season,DC,26,0,6,2216,0.5846917033195496,2,1.2221748176962137,7,2020,Bordeaux,3,0,0,0.5846917033195496,4.568062294274569,4.568062294274569,494,Laurent Koscielny
season,DC,25,0,3,2183,0.26013631001114845,0,0.02926769945770502,2,2019,Bordeaux,3,0,0,0.26013631001114845,2.2042302172631025,2.1912718173116446,494,Laurent Koscielny
season,DC,17,3,5,1326,2.112583603709936,0,0.12015959993004799,2,2018,Arsenal,1,0,3,2.112583603709936,3.885789316147566,3.851030617952347,494,Laurent Koscielny
season,DC,25,2,9,2232,2.1675616037100554,0,0.4440887998789549,7,2017,Arsenal,4,0,2,2.1675616037100554,7.934890883974731,7.80208885949105,494,Laurent Koscielny
season,DC,33,2,9,2828,1.3298050742596388,0,0.1977356020361185,3,2016,Arsenal,4,1,2,1.3298050742596388,7.749732313677669,7.706238312646747,494,Laurent Koscielny
season,DC,33,4,19,2848,3.3445703331381083,0,0.7183354124426842,8,2015,Arsenal,3,0,4,3.3445703331381083,10.752087464556098,9.075531175360084,494,Laurent Koscielny
season,DC,27,3,8,2289,1.2747428007423878,0,0.1164884977042675,2,2014,Arsenal,4,0,3,1.2747428007423878,3.6892703929916024,3.6175703862681985,494,Laurent Koscielny
