group_type,position,games,goals,shots,time,xG,assists,xA,key_passes,season,team,yellow,red,npg,npxG,xGChain,xGBuildup,player_id,player_name
season,DC,17,1,8,1447,0.7842207811772823,0,0.14336230233311653,2,2019,Aston Villa,1,0,1,0.7842207811772823,3.8012201180681586,3.748133114539087,7152,Björn Engels
season,DC,33,1,9,2970,1.119895527139306,1,1.148392803966999,11,2018,Reims,4,0,1,1.119895527139306,3.257970263250172,3.1351368594914675,7152,Björn Engels
