group_type,position,games,goals,shots,time,xG,assists,xA,key_passes,season,team,yellow,red,npg,npxG,xGChain,xGBuildup,player_id,player_name
season,Sub,12,0,5,497,0.43910516798496246,0,0.12138871103525162,4,2025,Everton,0,0,0,0.43910516798496246,1.5633678585290909,1.3058937191963196,12757,Harrison Armstrong
season,Sub,3,0,1,41,0.2571773827075958,0,0.07110223919153214,1,2024,Everton,1,0,0,0.2571773827075958,0.32827961444854736,0,12757,Harrison Armstrong
