group_type,position,games,goals,shots,time,xG,assists,xA,key_passes,season,team,yellow,red,npg,npxG,xGChain,xGBuildup,player_id,player_name
season,FW,26,4,38,1375,2.9102833797223866,4,5.504749771207571,41,2022,Juventus,1,1,3,2.148984365630895,6.952870347071439,3.997522162273526,3553,Ángel Di María
season,Sub,26,5,51,1664,5.837354396469891,7,7.282130995765328,55,2021,Paris Saint Germain,3,0,5,5.837354396469891,16.593529840931296,8.328250545077026,3553,Ángel Di María
season,FW,27,5,60,1880,5.115519005805254,9,11.499474873766303,71,2020,Paris Saint Germain,1,0,5,5.115519005805254,17.40552806854248,6.417562335729599,3553,Ángel Di María
season,Sub,26,8,74,2016,8.399851320311427,14,13.905893934890628,77,2019,Paris Saint Germain,2,0,7,6.879660734906793,29.715873032808304,13.951298816129565,3553,Ángel Di María
season,FWL,30,12,98,2357,9.621307745575905,11,8.528092315420508,56,2018,Paris Saint Germain,2,0,12,9.621307745575905,21.155919075012207,8.861679717898369,3553,Ángel Di María
season,FWR,30,11,98,2134,12.92192399688065,6,7.664518039673567,52,2017,Paris Saint Germain,1,0,11,12.92192399688065,25.634030304849148,7.706768061965704,3553,Ángel Di María
season,AML,29,6,83,2053,5.974738894030452,7,10.616924965754151,77,2016,Paris Saint Germain,1,1,6,5.974738894030452,19.09285818785429,10.834142124280334,3553,Ángel Di María
season,Sub,29,10,69,2138,6.7915242705494165,18,17.349409222602844,99,2015,Paris Saint Germain,0,0,10,6.7915242705494165,26.594446048140526,13.537815891206264,3553,Ángel Di María
season,MC,27,3,61,1642,2.931911482475698,10,7.295106165111065,52,2014,Manchester United,1,0,3,2.931911482475698,8.838050086982548,3.1542838038876653,3553,Ángel Di María
