group_type,position,games,goals,shots,time,xG,assists,xA,key_passes,season,team,yellow,red,npg,npxG,xGChain,xGBuildup,player_id,player_name
season,AMC,30,1,25,1274,3.7007182464003563,2,0.9393498795107007,13,2025,Fulham,4,0,1,3.7007182464003563,5.806363377720118,2.386074434965849,12410,Joshua King
season,Sub,8,0,3,115,0.5880258642137051,0,0.7531819939613342,3,2024,Fulham,0,0,0,0.5880258642137051,1.37447259016335,0.49542589858174324,12410,Joshua King
