group_type,position,games,goals,shots,time,xG,assists,xA,key_passes,season,team,yellow,red,npg,npxG,xGChain,xGBuildup,player_id,player_name
season,DL,31,0,5,2624,0.2643272480927408,0,0.7392632644623518,11,2025,Girona,1,0,0,0.2643272480927408,10.429523061960936,10.079609762877226,548,Daley Blind
season,DC,34,0,10,2774,0.4222466517239809,2,2.2111893985420465,19,2024,Girona,2,0,0,0.4222466517239809,12.418609752319753,10.995030511170626,548,Daley Blind
season,DC,34,1,16,2971,2.129695435985923,2,1.2106527229771018,17,2023,Girona,6,0,1,2.129695435985923,24.09246441349387,23.502674881368876,548,Daley Blind
season,Sub,4,0,1,126,0.0419234000146389,0,0.10187599807977676,2,2022,Bayern Munich,0,0,0,0.0419234000146389,1.304740995168686,1.225990042090416,548,Daley Blind
season,DL,7,0,3,361,0.11676099896430969,0,0.4060279820114374,4,2017,Manchester United,0,0,0,0.11676099896430969,1.4754479993134737,1.3109460044652224,548,Daley Blind
season,DC,23,1,9,1827,0.43253209814429283,2,2.05253379419446,27,2016,Manchester United,2,0,1,0.43253209814429283,7.496676508337259,6.478347789496183,548,Daley Blind
season,DC,35,1,4,3123,0.1542002009227872,1,1.880606411024928,25,2015,Manchester United,2,0,1,0.1542002009227872,7.339778674766421,6.8197369035333395,548,Daley Blind
season,DMC,25,2,28,2174,0.998192404396832,2,1.4453516565263271,17,2014,Manchester United,4,0,2,0.998192404396832,9.220820680260658,7.474335089325905,548,Daley Blind
