group_type,position,games,goals,shots,time,xG,assists,xA,key_passes,season,team,yellow,red,npg,npxG,xGChain,xGBuildup,player_id,player_name
season,DC,28,3,9,2158,1.673705168068409,0,0.06341097503900528,1,2025,Udinese,5,0,3,1.673705168068409,2.3171878224238753,2.2031524125486612,1725,Christian Kabasele
season,DC,16,2,15,1164,2.2601508777588606,0,0.35346958227455616,6,2024,Udinese,0,0,2,2.2601508777588606,0.8825029470026493,0.5794381741434336,1725,Christian Kabasele
season,DC,13,1,6,858,0.9381369650363922,1,0.5993434190750122,2,2023,Udinese,5,0,1,0.9381369650363922,1.0512244952842593,0.6647053016349673,1725,Christian Kabasele
season,DC,16,0,7,1188,1.3147067874670029,0,0.17673439905047417,2,2021,Watford,0,0,0,1.3147067874670029,0.7724129892885685,0.7071216963231564,1725,Christian Kabasele
season,DC,27,0,9,2261,0.8253118861466646,2,0.6392173022031784,5,2019,Watford,1,2,0,0.8253118861466646,2.30373380985111,2.2784005058929324,1725,Christian Kabasele
season,DC,21,0,8,1585,1.5429872050881386,0,0.18398119509220123,2,2018,Watford,2,1,0,1.5429872050881386,2.5402289889752865,2.4893748871982098,1725,Christian Kabasele
season,Sub,28,2,10,2330,0.7799922414124012,0,0.13010949827730656,3,2017,Watford,5,0,2,0.7799922414124012,2.818990457803011,2.7019144780933857,1725,Christian Kabasele
season,DC,16,2,7,767,1.665544230490923,0,0.10066600330173969,3,2016,Watford,1,0,2,1.665544230490923,0.331052603200078,0.20018989592790604,1725,Christian Kabasele
