group_type,position,games,goals,shots,time,xG,assists,xA,key_passes,season,team,yellow,red,npg,npxG,xGChain,xGBuildup,player_id,player_name
season,DC,13,1,11,1170,1.3233719654381275,0,0.4281761646270752,3,2025,Manchester United,0,0,1,1.3233719654381275,2.8319015204906464,2.3887862116098404,7902,Matthijs de Ligt
season,Sub,29,2,18,2141,2.871978895738721,0,0.281110018491745,6,2024,Manchester United,3,0,2,2.871978895738721,5.249729173257947,4.9913213811814785,7902,Matthijs de Ligt
season,Sub,22,2,14,1390,1.9497294751927257,0,0.17472708970308304,3,2023,Bayern Munich,5,0,2,1.9497294751927257,13.82798907533288,13.669430438429117,7902,Matthijs de Ligt
season,Sub,31,3,24,2407,1.305196895264089,1,0.7707531871274114,6,2022,Bayern Munich,4,0,3,1.305196895264089,17.066274592652917,16.740963304415345,7902,Matthijs de Ligt
season,DC,31,3,20,2680,2.3989725010469556,1,1.7362264841794968,9,2021,Juventus,2,1,3,2.3989725010469556,8.804609082639217,8.173653170466423,7902,Matthijs de Ligt
season,DC,27,1,19,2220,0.9373436057940125,1,1.0053015174344182,9,2020,Juventus,4,0,1,0.9373436057940125,10.942042587324977,10.896848557516932,7902,Matthijs de Ligt
season,DC,29,4,18,2454,3.0137590784579515,0,0.20690029114484787,3,2019,Juventus,5,0,4,3.0137590784579515,9.590536910109222,9.460277902893722,7902,Matthijs de Ligt
