group_type,position,games,goals,shots,time,xG,assists,xA,key_passes,season,team,yellow,red,npg,npxG,xGChain,xGBuildup,player_id,player_name
season,FW,34,15,71,2608,15.220811299979687,5,3.983569510281086,29,2025,Chelsea,4,0,15,15.220811299979687,18.807801697403193,4.778920846059918,8272,João Pedro
season,AMC,27,10,47,1975,8.863604867830873,6,5.618519173935056,30,2024,Brighton,4,1,5,5.0577606651932,15.910436924546957,7.6452163346111774,8272,João Pedro
season,AMC,31,9,75,2026,11.918903339654207,3,5.4223863165825605,37,2023,Brighton,2,0,5,8.113133335486054,17.548418318852782,7.590120053850114,8272,João Pedro
season,Sub,28,3,47,1619,4.448947859928012,1,2.097435991279781,18,2021,Watford,1,0,3,4.448947859928012,9.26345830410719,4.319704428315163,8272,João Pedro
season,Sub,3,0,1,14,0.04292359948158264,0,0,0,2019,Watford,0,0,0,0.04292359948158264,0.04292359948158264,0,8272,João Pedro
