group_type,position,games,goals,shots,time,xG,assists,xA,key_passes,season,team,yellow,red,npg,npxG,xGChain,xGBuildup,player_id,player_name
season,Sub,2,0,0,23,0,0,0,0,2025,Chelsea,1,0,0,0,0.43163326010107994,0.43163326010107994,13094,Dário Essugo
season,MC,27,1,23,1985,0.6471306988969445,0,0.4316724920645356,13,2024,Las Palmas,7,2,1,0.6471306988969445,4.46547017712146,3.756997517310083,13094,Dário Essugo
