group_type,position,games,goals,shots,time,xG,assists,xA,key_passes,season,team,yellow,red,npg,npxG,xGChain,xGBuildup,player_id,player_name
season,DC,2,0,0,139,0,0,0,0,2025,Auxerre,0,0,0,0,0.650982778519392,0.650982778519392,12151,Gabriel Osho
season,DC,20,1,7,1667,0.9943069517612457,0,0.10132279247045517,1,2024,Auxerre,1,1,1,0.9943069517612457,5.365631407126784,5.365631407126784,12151,Gabriel Osho
season,DC,21,2,10,1853,1.2455969844013453,0,0.09535873681306839,2,2023,Luton,3,0,2,1.2455969844013453,2.9620273392647505,2.8737573195248842,12151,Gabriel Osho
