group_type,position,games,goals,shots,time,xG,assists,xA,key_passes,season,team,yellow,red,npg,npxG,xGChain,xGBuildup,player_id,player_name
season,DC,11,0,7,825,0.3793249949812889,0,0.16239500045776367,2,2021,Alaves,2,0,0,0.3793249949812889,0.14459160063415766,0.14459160063415766,683,Matt Miazga
season,DC,8,0,4,720,0.3514152877032757,0,0.21949550323188305,2,2018,Nantes,5,0,0,0.3514152877032757,0.991692803800106,0.7721967920660973,683,Matt Miazga
season,DC,2,0,0,138,0,0,0,0,2015,Chelsea,1,0,0,0,0.25946998596191406,0.25946998596191406,683,Matt Miazga
