group_type,position,games,goals,shots,time,xG,assists,xA,key_passes,season,team,yellow,red,npg,npxG,xGChain,xGBuildup,player_id,player_name
season,DC,33,0,31,2850,2.967387342825532,1,1.093722109682858,12,2025,Leeds,5,0,0,2.967387342825532,6.332811835221946,5.394120264798403,8717,Pascal Struijk
season,DL,29,2,16,2217,1.3350814320147038,1,2.1753706987947226,13,2022,Leeds,5,0,2,1.3350814320147038,5.012533586472273,3.33086527697742,8717,Pascal Struijk
season,DC,29,1,11,2052,2.2996558295562863,0,0.4314972944557667,11,2021,Leeds,6,1,1,2.2996558295562863,5.535419112071395,5.0301025332883,8717,Pascal Struijk
season,DC,27,1,13,2073,2.0286722974851727,0,0.10804758127778769,4,2020,Leeds,3,0,1,2.0286722974851727,6.597728695720434,6.550255294889212,8717,Pascal Struijk
