group_type,position,games,goals,shots,time,xG,assists,xA,key_passes,season,team,yellow,red,npg,npxG,xGChain,xGBuildup,player_id,player_name
season,GK,35,0,0,3150,0,0,0,0,2025,Burnley,1,0,0,0,2.838488420471549,2.838488420471549,6532,Martin Dubravka
season,GK,10,0,0,900,0,0,0,0,2024,Newcastle United,0,0,0,0,1.4120896756649017,1.4120896756649017,6532,Martin Dubravka
season,Sub,23,0,0,1983,0,0,0.12002640217542648,1,2023,Newcastle United,1,0,0,0,3.5433348193764687,3.4233084097504616,6532,Martin Dubravka
season,Sub,2,0,0,157,0,0,0,0,2022,Newcastle United,0,0,0,0,0.6429070234298706,0.6429070234298706,6532,Martin Dubravka
season,GK,26,0,0,2340,0,0,0.03341769985854626,2,2021,Newcastle United,1,0,0,0,1.6716708987951279,1.6382531989365816,6532,Martin Dubravka
season,GK,13,0,0,1170,0,0,0,0,2020,Newcastle United,0,0,0,0,2.1202504448592663,2.1202504448592663,6532,Martin Dubravka
season,GK,38,0,0,3420,0,0,0,0,2019,Newcastle United,0,0,0,0,2.556713086552918,2.556713086552918,6532,Martin Dubravka
season,GK,38,0,0,3420,0,0,0,0,2018,Newcastle United,1,0,0,0,3.691717497073114,3.691717497073114,6532,Martin Dubravka
season,GK,12,0,0,1080,0,0,0,0,2017,Newcastle United,0,0,0,0,0.5088647045195103,0.5088647045195103,6532,Martin Dubravka
