group_type,position,games,goals,shots,time,xG,assists,xA,key_passes,season,team,yellow,red,npg,npxG,xGChain,xGBuildup,player_id,player_name
season,FWR,2,0,1,66,0.024468600749969482,0,0,0,2015,Swansea,0,0,0,0.024468600749969482,0.024468600749969482,0,829,Marvin Emnes
season,Sub,17,0,13,488,0.8800223087891936,0,0.7972883991897106,5,2014,Swansea,2,0,0,0.8800223087891936,1.8270478919148445,0.6900001950562,829,Marvin Emnes
