group_type,position,games,goals,shots,time,xG,assists,xA,key_passes,season,team,yellow,red,npg,npxG,xGChain,xGBuildup,player_id,player_name
season,DL,3,0,1,258,0.017647499218583107,0,0.09538579732179642,2,2016,West Ham,3,0,0,0.017647499218583107,0.2676489045843482,0.22767630126327276,1704,Álvaro Arbeloa
season,Sub,6,0,0,257,0,0,0.05506009981036186,1,2015,Real Madrid,1,0,0,0,1.186253610998392,1.1311936117708683,1704,Álvaro Arbeloa
season,DR,22,1,3,1104,1.9594789743423462,5,2.4808394871652126,19,2014,Real Madrid,7,0,1,1.9594789743423462,9.737582065165043,7.422471020370722,1704,Álvaro Arbeloa
