group_type,position,games,goals,shots,time,xG,assists,xA,key_passes,season,team,yellow,red,npg,npxG,xGChain,xGBuildup,player_id,player_name
season,DC,14,0,1,948,0.050821494311094284,0,0.5158752724528313,3,2025,Fulham,5,0,0,0.050821494311094284,2.2441382743418217,2.2441382743418217,8489,Jorge Cuenca
season,Sub,8,0,1,352,0.01599409058690071,0,0,0,2024,Fulham,0,0,0,0.01599409058690071,1.164096750319004,1.164096750319004,8489,Jorge Cuenca
season,DC,29,3,19,1943,1.5723481718450785,1,0.25786859914660454,6,2023,Villarreal,7,0,3,1.5723481718450785,5.850654125213623,5.564333848655224,8489,Jorge Cuenca
season,Sub,10,0,4,500,0.3108825869858265,0,0.3296630084514618,1,2022,Villarreal,1,0,0,0.3108825869858265,1.8061439264565706,1.7663337495177984,8489,Jorge Cuenca
season,DC,32,1,16,2690,0.8437289823777974,0,0.14023349806666374,2,2021,Getafe,6,2,1,0.8437289823777974,3.3095457833260298,3.260608760640025,8489,Jorge Cuenca
