group_type,position,games,goals,shots,time,xG,assists,xA,key_passes,season,team,yellow,red,npg,npxG,xGChain,xGBuildup,player_id,player_name
season,DL,31,0,9,2783,0.2774586006999016,1,1.0944285802543163,20,2025,Everton,6,0,0,0.2774586006999016,6.803890269249678,5.769070604816079,10291,Vitalii Mykolenko
season,DL,35,1,14,3085,0.6015322427265346,2,3.0272322706878185,24,2024,Everton,4,0,1,0.6015322427265346,8.047195924445987,5.357288662344217,10291,Vitalii Mykolenko
season,DL,28,2,26,2482,1.9085629284381866,0,1.246465403586626,13,2023,Everton,0,0,2,1.9085629284381866,7.135594544932246,5.507095940411091,10291,Vitalii Mykolenko
season,DL,34,0,10,2651,0.6954699149355292,0,1.0392506159842014,18,2022,Everton,4,0,0,0.6954699149355292,5.121129205450416,3.6664649173617363,10291,Vitalii Mykolenko
season,DL,13,1,8,1059,0.545275991782546,0,0.49699430726468563,8,2021,Everton,0,0,1,0.545275991782546,1.9282748885452747,1.1917393822222948,10291,Vitalii Mykolenko
