group_type,position,games,goals,shots,time,xG,assists,xA,key_passes,season,team,yellow,red,npg,npxG,xGChain,xGBuildup,player_id,player_name
season,Sub,3,0,0,96,0,1,0.45079299807548523,3,2018,Southampton,0,0,0,0,0.5337979793548584,0.1286499947309494,883,Steven Davis
season,DMC,23,3,13,1529,1.2866384191438556,0,1.176685381680727,18,2017,Southampton,0,0,3,1.2866384191438556,5.108896937221289,3.5151052810251713,883,Steven Davis
season,MC,32,0,31,2643,2.5133817866444588,3,2.8337832065299153,32,2016,Southampton,3,0,0,2.5133817866444588,13.407802974805236,10.167586524039507,883,Steven Davis
season,DMC,34,5,20,2637,2.531914735212922,3,4.076438756659627,54,2015,Southampton,4,0,5,2.531914735212922,11.692602921277285,8.689560566097498,883,Steven Davis
season,MC,35,0,30,2668,3.119151595979929,2,3.702249936759472,49,2014,Southampton,3,0,0,3.119151595979929,14.560720689594746,9.784432757645845,883,Steven Davis
