group_type,position,games,goals,shots,time,xG,assists,xA,key_passes,season,team,yellow,red,npg,npxG,xGChain,xGBuildup,player_id,player_name
season,Sub,7,0,5,225,0.33627689629793167,0,0.3422580063343048,2,2021,Manchester United,0,0,0,0.33627689629793167,1.4323438256978989,1.0960665792226791,554,Juan Mata
season,AMR,9,1,5,518,1.0727033168077469,2,0.7225957177579403,8,2020,Manchester United,0,0,0,0.3115343004465103,3.0369243174791336,2.1873118095099926,554,Juan Mata
season,Sub,19,0,10,740,1.2170821130275726,2,2.1049311086535454,18,2019,Manchester United,1,0,0,1.2170821130275726,4.749439934268594,3.057509958744049,554,Juan Mata
season,FWR,22,3,19,1306,1.5762369083240628,2,3.700430253520608,30,2018,Manchester United,3,0,3,1.5762369083240628,5.144090541638434,2.1955521078780293,554,Juan Mata
season,AMR,28,3,28,1942,3.809659145772457,5,4.732914689928293,51,2017,Manchester United,1,0,3,3.809659145772457,14.234991842880845,8.803705956786871,554,Juan Mata
season,AMR,25,6,40,1641,5.665137184783816,3,4.540481245145202,45,2016,Manchester United,3,0,6,5.665137184783816,11.835167105309665,6.035137891769409,554,Juan Mata
season,AMR,38,6,57,2907,6.460017409175634,5,5.284316685050726,53,2015,Manchester United,4,1,5,5.698849428445101,15.267891149036586,7.583365594036877,554,Juan Mata
season,AMC,33,9,33,2318,6.5977520532906055,4,4.968639085069299,50,2014,Manchester United,2,0,8,5.836587090045214,14.520843295380473,7.047827729955316,554,Juan Mata
