group_type,position,games,goals,shots,time,xG,assists,xA,key_passes,season,team,yellow,red,npg,npxG,xGChain,xGBuildup,player_id,player_name
season,Sub,9,0,1,157,0.516431987285614,0,0.4725930094718933,1,2015,Arsenal,1,0,0,0.516431987285614,1.9849794134497643,1.4685523733496666,970,Mikel Arteta
season,DMC,7,0,2,451,0.036514160223305225,1,0.06850949861109257,3,2014,Arsenal,1,0,0,0.036514160223305225,1.0064908862113953,0.9221099093556404,970,Mikel Arteta
