group_type,position,games,goals,shots,time,xG,assists,xA,key_passes,season,team,yellow,red,npg,npxG,xGChain,xGBuildup,player_id,player_name
season,Sub,28,6,33,1610,5.882086941972375,1,2.1887504793703556,21,2025,Union Berlin,3,0,6,5.882086941972375,9.005076300352812,1.7842767369002104,5256,Oliver Burke
season,Sub,25,5,35,872,5.17337729409337,0,1.484443936496973,14,2024,Werder Bremen,4,0,5,5.17337729409337,7.6511080376803875,1.8381715761497617,5256,Oliver Burke
season,Sub,1,0,0,28,0,0,0,0,2023,Werder Bremen,0,0,0,0,0,0,5256,Oliver Burke
season,Sub,15,2,8,236,1.3318457044661045,0,0.3436951981857419,4,2022,Werder Bremen,0,0,2,1.3318457044661045,1.9934152187779546,0.5776930153369904,5256,Oliver Burke
season,FW,25,1,25,1272,2.6037588827311993,1,2.620451921597123,15,2020,Sheffield United,2,0,1,2.6037588827311993,6.119536662474275,1.0531198028475046,5256,Oliver Burke
season,Sub,31,1,21,1398,2.6434039045125246,1,1.3093376960605383,6,2019,Alaves,2,0,1,2.6434039045125246,4.286848543211818,1.3032646998763084,5256,Oliver Burke
season,Sub,15,0,4,336,0.45500801503658295,2,0.4694495080038905,4,2017,West Bromwich Albion,0,0,0,0.45500801503658295,1.016181718558073,0.231693297624588,5256,Oliver Burke
season,FW,25,1,9,594,2.3915760219097137,2,1.5667171068489552,7,2016,RasenBallsport Leipzig,1,0,1,2.3915760219097137,4.693109109997749,1.1803855262696743,5256,Oliver Burke
