group_type,position,games,goals,shots,time,xG,assists,xA,key_passes,season,team,yellow,red,npg,npxG,xGChain,xGBuildup,player_id,player_name
season,Sub,10,0,10,437,1.5733271017670631,0,0.2697162004187703,5,2019,SPAL 2013,0,0,0,1.5733271017670631,0.924943994730711,0.13775530084967613,716,Alberto Paloschi
season,Sub,7,0,3,194,0.09306430257856846,0,0.03583119995892048,2,2019,Cagliari,0,0,0,0.09306430257856846,0.1777997985482216,0.04890439845621586,716,Alberto Paloschi
season,Sub,23,2,10,835,2.699761241674423,0,0.613390613347292,5,2018,SPAL 2013,3,0,2,2.699761241674423,3.8622193671762943,0.5657388977706432,716,Alberto Paloschi
season,FW,36,7,26,2195,7.466754327528179,1,0.5694861970841885,11,2017,SPAL 2013,2,0,7,7.466754327528179,7.292042558081448,1.7207836052402854,716,Alberto Paloschi
season,FW,13,0,9,426,2.03871638327837,0,0.4974053129553795,6,2016,Atalanta,0,0,0,1.2774180099368095,1.8190300203859806,0.46346549689769745,716,Alberto Paloschi
season,FW,21,8,41,1676,9.575293665751815,2,0.7499114470556378,13,2015,Chievo,1,0,7,7.29143744520843,8.144822810776532,0.7545695155858994,716,Alberto Paloschi
season,FW,10,2,15,675,2.420431124046445,0,0.603236598894,3,2015,Swansea,2,0,2,2.420431124046445,2.7354960180819035,0.21153500117361546,716,Alberto Paloschi
season,Sub,37,9,79,2642,9.923600787296891,3,2.1521521750837564,26,2014,Chievo,2,0,9,9.1623027715832,9.964204790070653,1.4591962033882737,716,Alberto Paloschi
