group_type,position,games,goals,shots,time,xG,assists,xA,key_passes,season,team,yellow,red,npg,npxG,xGChain,xGBuildup,player_id,player_name
season,DL,25,1,2,2127,0.03328350093215704,0,0.9297903496772051,16,2016,Manchester City,2,0,1,0.03328350093215704,13.328611880540848,12.413365446031094,613,Gaël Clichy
season,DL,14,0,2,1090,0.03815829940140247,1,1.0334121156483889,12,2015,Manchester City,0,0,0,0.03815829940140247,4.198116481304169,3.6662389133125544,613,Gaël Clichy
season,DR,23,1,8,2060,1.0792678203433752,3,2.3040307015180588,26,2014,Manchester City,1,0,1,1.0792678203433752,10.75069685652852,8.595539764501154,613,Gaël Clichy
