group_type,position,games,goals,shots,time,xG,assists,xA,key_passes,season,team,yellow,red,npg,npxG,xGChain,xGBuildup,player_id,player_name
season,AML,21,11,60,1360,10.215445077046752,3,5.760370654985309,38,2025,Barcelona,5,0,8,7.985612211748958,17.987344041466713,7.480321377515793,8026,Raphinha
season,AMC,36,18,114,2862,19.265995418652892,10,13.527044044807553,91,2024,Barcelona,4,0,16,17.779440259560943,39.28257852047682,13.650435471907258,8026,Raphinha
season,AMR,28,6,59,1385,7.7319870218634605,9,6.221527995541692,40,2023,Barcelona,4,1,5,6.988709412515163,14.769633650779724,7.721641294658184,8026,Raphinha
season,FWR,36,7,79,2107,10.038539066910744,7,10.533210409805179,57,2022,Barcelona,10,0,7,10.038539066910744,25.81641324609518,13.703732771798968,8026,Raphinha
season,MR,35,11,87,2940,10.23054376989603,3,6.939143891446292,64,2021,Leeds,7,0,7,7.1858687195926905,17.002546676434577,6.288568283431232,8026,Raphinha
season,Sub,30,6,67,2369,6.219142932444811,9,9.524861674755812,65,2020,Leeds,3,0,6,6.219142932444811,16.79277704656124,6.679692381992936,8026,Raphinha
season,FWR,6,1,10,416,0.8834451790899038,2,1.3281444907188416,9,2020,Rennes,0,0,1,0.8834451790899038,1.7836576104164124,0.8201179802417755,8026,Raphinha
season,FW,22,5,43,1702,5.350328028202057,3,4.738532549701631,43,2019,Rennes,4,0,4,4.590238064527512,10.565329238772392,3.7992337364703417,8026,Raphinha
