group_type,position,games,goals,shots,time,xG,assists,xA,key_passes,season,team,yellow,red,npg,npxG,xGChain,xGBuildup,player_id,player_name
season,Sub,6,0,3,192,1.1632085293531418,1,0.5278562940657139,7,2022,Real Madrid,0,0,0,0.41993050277233124,1.4555427730083466,0.507756195962429,701,Eden Hazard
season,FWL,18,0,12,709,1.2735963091254234,1,2.05935550481081,27,2021,Real Madrid,3,0,0,1.2735963091254234,5.316219609230757,2.462470129132271,701,Eden Hazard
season,FWL,14,2,9,530,1.335472110658884,2,0.7423764988780022,6,2020,Real Madrid,0,0,2,1.335472110658884,2.663658356294036,1.0267670843750238,701,Eden Hazard
season,Sub,16,1,19,1101,2.4129374139010906,3,3.0678004808723927,21,2019,Real Madrid,0,0,1,2.4129374139010906,8.58258219063282,4.43741968087852,701,Eden Hazard
season,Sub,37,16,93,2935,12.29900643415749,15,11.570385755039752,98,2018,Chelsea,2,0,12,9.254331471398473,25.328698812052608,11.546570900827646,701,Eden Hazard
season,Sub,34,12,71,2451,8.21246101334691,4,7.3030810207128525,84,2017,Chelsea,2,0,10,6.690125960856676,19.69135767966509,9.29494846984744,701,Eden Hazard
season,ML,36,16,77,3050,11.03284815326333,5,6.4405673667788506,88,2016,Chelsea,3,0,14,8.749343048781157,20.609466394409537,9.10812764801085,701,Eden Hazard
season,AML,31,4,36,2183,2.578371524810791,3,4.175006551668048,66,2015,Chelsea,2,0,4,2.578371524810791,11.917035654187202,8.380612190812826,701,Eden Hazard
season,AML,38,14,78,3389,12.01608707383275,9,11.238891988992691,100,2014,Chelsea,2,0,11,8.971413988620043,31.84057104587555,19.47631709650159,701,Eden Hazard
