group_type,position,games,goals,shots,time,xG,assists,xA,key_passes,season,team,yellow,red,npg,npxG,xGChain,xGBuildup,player_id,player_name
season,DC,31,0,9,1723,1.2473983131349087,0,0.2197452150285244,4,2025,Manchester United,1,0,0,1.2473983131349087,4.670362060889602,4.4985275361686945,10564,Leny Yoro
season,Sub,21,0,5,1152,1.1257849335670471,0,0.05382058396935463,2,2024,Manchester United,5,0,0,1.1257849335670471,4.256799969822168,3.4262867253273726,10564,Leny Yoro
season,Sub,32,2,14,2670,2.2766736643388867,0,0.1037881076335907,2,2023,Lille,5,0,2,2.2766736643388867,6.415431879460812,6.2826026901602745,10564,Leny Yoro
season,Sub,13,0,2,771,0.11191139742732048,0,0.024246400222182274,1,2022,Lille,0,0,0,0.11191139742732048,3.208745850250125,3.208745850250125,10564,Leny Yoro
season,Sub,1,0,0,11,0,0,0,0,2021,Lille,0,0,0,0,0,0,10564,Leny Yoro
