group_type,position,games,goals,shots,time,xG,assists,xA,key_passes,season,team,yellow,red,npg,npxG,xGChain,xGBuildup,player_id,player_name
season,Sub,10,0,4,725,0.7776756137609482,0,0,0,2020,Villarreal,1,0,0,0.7776756137609482,2.2667144909501076,2.1980935111641884,597,Ramiro Funes Mori
season,Sub,7,0,3,452,0.07733169849961996,0,0.06893759965896606,2,2019,Villarreal,1,0,0,0.07733169849961996,1.328110521659255,1.2972519341856241,597,Ramiro Funes Mori
season,DC,31,2,26,2629,2.9455888303928077,1,0.5191208906471729,6,2018,Villarreal,15,0,2,2.9455888303928077,7.143440737389028,5.810902102850378,597,Ramiro Funes Mori
season,Sub,4,0,1,119,0.04514100030064583,0,0,0,2017,Everton,1,0,0,0.04514100030064583,0.023519599810242653,0.023519599810242653,597,Ramiro Funes Mori
season,DC,23,0,12,1530,0.7628409136086702,1,0.9811176974326372,4,2016,Everton,0,0,0,0.7628409136086702,5.0309186754748225,4.4186803959310055,597,Ramiro Funes Mori
season,DC,28,4,24,2189,2.9086846550926566,1,0.758610226213932,6,2015,Everton,4,1,4,2.9086846550926566,6.417694925330579,5.725435508415103,597,Ramiro Funes Mori
