group_type,position,games,goals,shots,time,xG,assists,xA,key_passes,season,team,yellow,red,npg,npxG,xGChain,xGBuildup,player_id,player_name
season,Sub,18,0,7,617,0.5683948341757059,0,0.07915243785828352,3,2025,Roma,1,0,0,0.5683948341757059,1.6814278615638614,1.141974575817585,8852,Konstantinos Tsimikas
season,Sub,18,0,4,819,0.5641818605363369,1,2.597917679697275,16,2024,Liverpool,2,0,0,0.5641818605363369,7.063847681507468,5.982297686859965,8852,Konstantinos Tsimikas
season,Sub,13,0,3,667,0.09273439832031727,3,1.1678164629265666,16,2023,Liverpool,0,0,0,0.09273439832031727,2.015436552464962,1.7746542319655418,8852,Konstantinos Tsimikas
season,Sub,20,0,7,754,0.6083908993750811,4,1.3976509422063828,18,2022,Liverpool,3,0,0,0.6083908993750811,3.3795336531475186,2.681559449993074,8852,Konstantinos Tsimikas
season,DL,13,0,8,866,0.6705739852041006,2,2.1310061253607273,25,2021,Liverpool,3,0,0,0.6705739852041006,6.504660248756409,5.575182115659118,8852,Konstantinos Tsimikas
season,Sub,2,0,0,4,0,0,0,0,2020,Liverpool,0,0,0,0,0,0,8852,Konstantinos Tsimikas
