group_type,position,games,goals,shots,time,xG,assists,xA,key_passes,season,team,yellow,red,npg,npxG,xGChain,xGBuildup,player_id,player_name
season,Sub,13,0,9,362,0.9394969940185547,0,0.7942945100367069,4,2025,Wolfsburg,2,0,0,0.9394969940185547,1.9680058527737856,0.7649932485073805,9752,Jesper Lindstrom
season,Sub,25,0,28,1279,2.0184412728995085,1,2.881908133625984,19,2024,Everton,2,0,0,2.0184412728995085,5.934147605672479,3.5494546946138144,9752,Jesper Lindstrom
season,Sub,22,0,14,389,0.5909223323687911,1,1.413169089704752,13,2023,Napoli,2,0,0,0.5909223323687911,3.0457052029669285,1.7466773092746735,9752,Jesper Lindstrom
season,FWR,1,0,1,87,0.14182138442993164,0,0,0,2023,Eintracht Frankfurt,0,0,0,0.14182138442993164,0.9457054734230042,0.8038840889930725,9752,Jesper Lindstrom
season,AMC,27,7,45,1729,5.696989983320236,2,2.896976849064231,18,2022,Eintracht Frankfurt,2,0,7,5.696989983320236,10.873751252889633,3.7506067249923944,9752,Jesper Lindstrom
season,Sub,29,5,54,2006,7.227052100002766,4,5.835591521114111,48,2021,Eintracht Frankfurt,0,0,5,7.227052100002766,13.39888788945973,2.6190137825906277,9752,Jesper Lindstrom
