group_type,position,games,goals,shots,time,xG,assists,xA,key_passes,season,team,yellow,red,npg,npxG,xGChain,xGBuildup,player_id,player_name
season,Sub,18,1,12,373,0.6907202005386353,2,0.9013200886547565,12,2022,Leeds,1,0,1,0.6907202005386353,1.065209049731493,0.6448863409459591,9493,Sam Greenwood
season,Sub,7,0,4,222,0.22598399966955185,2,0.4314804896712303,4,2021,Leeds,0,0,0,0.22598399966955185,1.2256466001272202,0.6733732083812356,9493,Sam Greenwood
