group_type,position,games,goals,shots,time,xG,assists,xA,key_passes,season,team,yellow,red,npg,npxG,xGChain,xGBuildup,player_id,player_name
season,DC,33,2,26,2932,2.0303970891982317,2,1.5547647550702095,6,2016,Leicester,9,0,2,2.0303970891982317,3.803451405838132,2.953204605728388,747,Robert Huth
season,DC,35,3,28,3150,3.4519033562391996,0,0.6899090297520161,2,2015,Leicester,8,0,3,3.4519033562391996,4.601796895265579,3.9647810012102127,747,Robert Huth
season,DC,14,1,16,1184,1.1736510153859854,0,0,0,2014,Leicester,2,0,1,1.1736510153859854,0.9506201222538948,0.8520779274404049,747,Robert Huth
season,Sub,1,0,0,2,0,0,0,0,2014,Stoke,0,0,0,0,0,0,747,Robert Huth
