group_type,position,games,goals,shots,time,xG,assists,xA,key_passes,season,team,yellow,red,npg,npxG,xGChain,xGBuildup,player_id,player_name
season,MC,33,4,30,1978,3.5191842010244727,0,0.43756147287786007,9,2023,Luton,4,0,4,3.5191842010244727,5.8977455431595445,3.575332073494792,7439,Tahith Chong
season,AMC,13,0,9,378,0.328814497217536,1,0.7071620263159275,6,2020,Werder Bremen,1,0,0,0.328814497217536,1.3429810144007206,0.859144926071167,7439,Tahith Chong
season,Sub,3,0,1,29,0.07188169658184052,0,0,0,2019,Manchester United,0,0,0,0.07188169658184052,0.08599959686398506,0.014117900282144547,7439,Tahith Chong
season,Sub,2,0,2,35,0.2937690019607544,0,0,0,2018,Manchester United,0,0,0,0.2937690019607544,0.4904190003871918,0.1966490000486374,7439,Tahith Chong
