group_type,position,games,goals,shots,time,xG,assists,xA,key_passes,season,team,yellow,red,npg,npxG,xGChain,xGBuildup,player_id,player_name
season,FWR,28,2,32,1359,3.6030132602900267,1,1.4855602774769068,14,2021,Wolverhampton Wanderers,0,0,2,3.6030132602900267,6.441428432241082,2.2612266913056374,8934,Trincão
season,Sub,28,3,23,636,3.133617302402854,2,0.48206830210983753,8,2020,Barcelona,1,0,3,3.133617302402854,7.916588898748159,5.30982505902648,8934,Trincão
