group_type,position,games,goals,shots,time,xG,assists,xA,key_passes,season,team,yellow,red,npg,npxG,xGChain,xGBuildup,player_id,player_name
season,DR,18,0,12,1595,0.40960373170673847,0,0.34134200774133205,9,2025,Nottingham Forest,3,0,0,0.40960373170673847,3.950665080919862,3.527306206524372,725,Ola Aina
season,DL,35,2,11,3020,0.46086559537798166,1,2.045018967241049,16,2024,Nottingham Forest,5,0,2,0.46086559537798166,10.087742604315281,8.546997111290693,725,Ola Aina
season,DML,22,1,11,1730,0.29650082159787416,1,0.7307851929217577,11,2023,Nottingham Forest,3,0,1,0.29650082159787416,6.002222128212452,5.237075835466385,725,Ola Aina
season,DML,19,1,8,867,0.8156625367701054,1,2.0749858282506466,12,2022,Torino,5,0,1,0.8156625367701054,4.918829470872879,3.8775984197854996,725,Ola Aina
season,DML,21,0,10,1443,0.34425629675388336,0,1.7560260985046625,16,2021,Torino,4,0,0,0.34425629675388336,4.156057491898537,2.476152328774333,725,Ola Aina
season,DR,31,2,14,2683,0.8479759693145752,1,1.5527279768139124,15,2020,Fulham,3,0,2,0.8479759693145752,6.773147820495069,6.120470190420747,725,Ola Aina
season,Sub,32,0,12,2074,0.40508680790662766,2,2.2581102969124913,22,2019,Torino,8,0,0,0.40508680790662766,7.155936814844608,5.393098909407854,725,Ola Aina
season,Sub,30,1,24,2161,1.599380916915834,3,2.9707190161570907,25,2018,Torino,5,1,1,1.599380916915834,7.592433869838715,3.6878112126141787,725,Ola Aina
season,Sub,3,0,1,20,0.040968600660562515,0,0,0,2016,Chelsea,0,0,0,0.040968600660562515,0.06767960079014301,0.026711000129580498,725,Ola Aina
