group_type,position,games,goals,shots,time,xG,assists,xA,key_passes,season,team,yellow,red,npg,npxG,xGChain,xGBuildup,player_id,player_name
season,DC,30,0,22,2664,3.257720546796918,1,1.5950283780694008,6,2025,Brentford,2,0,0,3.257720546796918,7.571764608845115,5.863093493506312,10721,Sepp van den Berg
season,Sub,31,0,20,2602,2.1477734111249447,0,1.029765497893095,7,2024,Brentford,3,0,0,2.1477734111249447,11.545481179840863,9.674979363568127,10721,Sepp van den Berg
season,Sub,33,3,25,2831,3.7091642525047064,0,0.5576253132894635,7,2023,Mainz 05,9,0,3,3.7091642525047064,6.752309799194336,6.562722461298108,10721,Sepp van den Berg
season,DC,9,1,5,692,0.27775995433330536,0,0.13108974695205688,2,2022,Schalke 04,2,0,1,0.27775995433330536,0.8645213358104229,0.6877231746912003,10721,Sepp van den Berg
