group_type,position,games,goals,shots,time,xG,assists,xA,key_passes,season,team,yellow,red,npg,npxG,xGChain,xGBuildup,player_id,player_name
season,Sub,21,0,8,529,0.5393062010407448,2,0.22749154455959797,5,2025,Nottingham Forest,3,0,0,0.5393062010407448,2.6617937237024307,2.1491360887885094,11003,Ryan Yates
season,Sub,35,2,33,1883,2.863330416381359,1,1.0837957467883825,19,2024,Nottingham Forest,10,0,2,2.863330416381359,6.05943701043725,4.180756267160177,11003,Ryan Yates
season,MC,35,1,32,1967,2.6223334167152643,1,1.0064595751464367,7,2023,Nottingham Forest,6,0,1,2.6223334167152643,7.967897219583392,5.582980010658503,11003,Ryan Yates
season,Sub,26,0,26,1842,1.7420261716470122,2,1.0617644041776657,7,2022,Nottingham Forest,5,0,0,1.7420261716470122,3.5049553960561752,1.5388160664588213,11003,Ryan Yates
