group_type,position,games,goals,shots,time,xG,assists,xA,key_passes,season,team,yellow,red,npg,npxG,xGChain,xGBuildup,player_id,player_name
season,Sub,1,0,0,13,0,0,0,0,2020,Aston Villa,1,0,0,0,0,0,710,Neil Taylor
season,DL,14,0,3,1085,0.12685370072722435,0,0.470634289085865,5,2019,Aston Villa,2,0,0,0.12685370072722435,2.8881289437413216,2.387243937700987,710,Neil Taylor
season,DML,11,0,4,923,0.05492040142416954,0,0.04977110028266907,2,2016,Swansea,1,0,0,0.05492040142416954,1.7568602934479713,1.6857552882283926,710,Neil Taylor
season,DL,34,0,9,2951,0.2196004493162036,1,1.0369009878486395,16,2015,Swansea,4,0,0,0.2196004493162036,5.103223686106503,4.760404804721475,710,Neil Taylor
season,DL,34,0,4,3004,0.0754489004611969,2,1.7879231059923768,22,2014,Swansea,9,0,0,0.0754489004611969,8.68850091099739,7.775590851902962,710,Neil Taylor
