group_type,position,games,goals,shots,time,xG,assists,xA,key_passes,season,team,yellow,red,npg,npxG,xGChain,xGBuildup,player_id,player_name
season,Sub,18,1,16,716,1.772459496743977,1,1.2154594017192721,16,2025,Brighton,2,0,1,1.772459496743977,5.479941666126251,2.844237370416522,11310,Brajan Gruda
season,MC,12,3,20,694,3.4538724198937416,3,2.9952916596084833,15,2025,RasenBallsport Leipzig,1,0,3,3.4538724198937416,8.494632631540298,3.6613776329904795,11310,Brajan Gruda
season,Sub,21,1,11,684,1.0134435147047043,4,2.2726940251886845,23,2024,Brighton,0,0,1,1.0134435147047043,3.96596534922719,1.7325535658746958,11310,Brajan Gruda
season,Sub,28,4,30,1671,4.42372371070087,3,5.52777498960495,43,2023,Mainz 05,5,0,4,4.42372371070087,15.224408596754074,6.060056267306209,11310,Brajan Gruda
season,Sub,2,0,0,2,0,0,0,0,2022,Mainz 05,0,0,0,0,0.022376200184226036,0.022376200184226036,11310,Brajan Gruda
