group_type,position,games,goals,shots,time,xG,assists,xA,key_passes,season,team,yellow,red,npg,npxG,xGChain,xGBuildup,player_id,player_name
season,Sub,27,2,22,777,2.0029017124325037,6,2.759688064455986,17,2025,Borussia Dortmund,3,0,2,2.0029017124325037,6.5607290882617235,2.54340067692101,8778,Fabio Silva
season,Sub,24,10,49,1902,9.277339147403836,3,2.487750245258212,16,2024,Las Palmas,7,0,8,7.0475062392652035,9.964714661240578,2.4896166315302253,8778,Fabio Silva
season,Sub,8,0,7,257,0.913575079292059,0,0.2420392744243145,4,2023,Wolverhampton Wanderers,2,0,0,0.913575079292059,1.1997973173856735,0.16965851187705994,8778,Fabio Silva
season,Sub,22,0,19,558,2.7407572958618402,0,0.4091929914429784,3,2021,Wolverhampton Wanderers,0,0,0,2.7407572958618402,3.1683833450078964,0.36884760297834873,8778,Fabio Silva
season,Sub,32,4,48,1341,6.136157924309373,3,1.1684247087687254,11,2020,Wolverhampton Wanderers,2,0,3,5.374989124014974,5.087810844182968,1.0827531218528748,8778,Fabio Silva
