group_type,position,games,goals,shots,time,xG,assists,xA,key_passes,season,team,yellow,red,npg,npxG,xGChain,xGBuildup,player_id,player_name
season,DC,15,0,2,1124,0.31890531443059444,0,0.05239542108029127,2,2018,Fulham,2,0,0,0.31890531443059444,1.9679123237729073,1.9679123237729073,1727,Alfie Mawson
season,DC,38,2,19,3420,2.5057023419067264,1,0.5643081031739712,5,2017,Swansea,3,0,2,2.5057023419067264,4.581940611824393,3.568123545497656,1727,Alfie Mawson
season,DC,27,4,23,2430,2.0473774978891015,0,0.3918485986068845,4,2016,Swansea,1,0,4,2.0473774978891015,1.699102869257331,1.6677921693772078,1727,Alfie Mawson
