group_type,position,games,goals,shots,time,xG,assists,xA,key_passes,season,team,yellow,red,npg,npxG,xGChain,xGBuildup,player_id,player_name
season,DL,4,0,0,340,0,0,0,0,2021,Leicester,1,0,0,0,1.6839202903211117,1.6839202903211117,835,Ryan Bertrand
season,DL,29,0,8,2600,0.37492010183632374,1,1.3952976930886507,13,2020,Southampton,5,0,0,0.37492010183632374,5.361662004143,4.8138942969962955,835,Ryan Bertrand
season,DML,32,1,19,2742,2.061922488734126,1,3.522445285692811,30,2019,Southampton,3,1,1,2.061922488734126,8.074739373289049,5.929435561411083,835,Ryan Bertrand
season,DML,24,1,16,2160,1.2571101244539022,0,1.722819484770298,23,2018,Southampton,8,0,1,1.2571101244539022,7.210838504135609,5.166143758222461,835,Ryan Bertrand
season,DL,35,0,20,3138,2.0217595295980573,4,2.821567341685295,35,2017,Southampton,2,0,0,2.0217595295980573,8.787456028163433,6.1466497592628,835,Ryan Bertrand
season,DL,28,2,19,2509,0.6660360107198358,4,2.694297209382057,28,2016,Southampton,3,0,2,0.6660360107198358,8.266150183975697,6.5086263827979565,835,Ryan Bertrand
season,DL,32,1,12,2880,1.4651850974187255,3,3.4410766353830695,22,2015,Southampton,6,0,0,0.7040162933990359,8.203246200457215,6.43518764898181,835,Ryan Bertrand
season,DL,34,2,14,3057,0.9820248726755381,2,3.7352884113788605,26,2014,Southampton,3,1,2,0.9820248726755381,11.753734475001693,8.78468501009047,835,Ryan Bertrand
