group_type,position,games,goals,shots,time,xG,assists,xA,key_passes,season,team,yellow,red,npg,npxG,xGChain,xGBuildup,player_id,player_name
season,MC,32,3,28,2622,2.4071292858570814,7,5.802282851189375,46,2025,Bayer Leverkusen,6,0,3,2.4071292858570814,21.099017701111734,18.25780743267387,1055,Aleix García
season,Sub,28,3,15,1438,0.8498970614746213,4,5.045784663408995,32,2024,Bayer Leverkusen,3,0,3,0.8498970614746213,6.266460470855236,4.544854115694761,1055,Aleix García
season,MC,37,3,39,3211,1.654544435441494,6,6.332581764552742,57,2023,Girona,4,1,3,1.654544435441494,27.95874883979559,26.101257706061006,1055,Aleix García
season,MC,30,1,32,2346,1.496823001652956,5,7.221289093606174,64,2022,Girona,1,0,1,1.496823001652956,13.786640480160713,10.398169683292508,1055,Aleix García
season,Sub,11,0,3,427,0.09529649838805199,1,0.7778381090611219,11,2020,Eibar,1,0,0,0.09529649838805199,0.8338426128029823,0.6040371982380748,1055,Aleix García
season,MC,31,2,19,1674,1.6197733171284199,1,1.4020321955904365,29,2018,Girona,1,0,2,1.6197733171284199,4.5492944326251745,3.0524814166128635,1055,Aleix García
season,Sub,20,1,11,839,0.25406841468065977,0,1.4483583774417639,13,2017,Girona,3,0,1,0.25406841468065977,1.7633881997317076,1.2812946047633886,1055,Aleix García
season,Sub,4,0,0,72,0,0,0.012562699615955353,1,2016,Manchester City,0,0,0,0,1.4308868926018476,1.4308868926018476,1055,Aleix García
season,Sub,1,0,2,12,0.03801349923014641,0,0,0,2014,Villarreal,0,0,0,0.03801349923014641,0.03801349923014641,0.013107799924910069,1055,Aleix García
