group_type,position,games,goals,shots,time,xG,assists,xA,key_passes,season,team,yellow,red,npg,npxG,xGChain,xGBuildup,player_id,player_name
season,GK,14,0,0,1260,0,0,0.02272850088775158,1,2021,Mallorca,0,0,0,0,0.09132359735667706,0.06859509646892548,2072,Sergio Rico
season,Sub,1,0,0,20,0,0,0,0,2021,Paris Saint Germain,0,0,0,0,0,0,2072,Sergio Rico
season,GK,10,0,0,803,0,0,0,0,2020,Paris Saint Germain,0,0,0,0,2.1673037260770798,2.1673037260770798,2072,Sergio Rico
season,GK,2,0,0,180,0,0,0,0,2019,Paris Saint Germain,0,0,0,0,0.7252757772803307,0.7252757772803307,2072,Sergio Rico
season,GK,29,0,0,2610,0,0,0.0764698013663292,2,2018,Fulham,1,0,0,0,2.3615897865965962,2.2851199889555573,2072,Sergio Rico
season,Sub,24,0,0,2156,0,0,0,0,2017,Sevilla,2,0,0,0,1.6551706288009882,1.6551706288009882,2072,Sergio Rico
season,GK,35,0,0,3150,0,0,0,0,2016,Sevilla,0,0,0,0,4.547533994540572,4.547533994540572,2072,Sergio Rico
season,GK,34,0,0,3060,0,0,0,0,2015,Sevilla,2,0,0,0,3.225966766476631,3.225966766476631,2072,Sergio Rico
season,GK,21,0,0,1809,0,0,0,0,2014,Sevilla,2,0,0,0,1.2609508037567139,1.2609508037567139,2072,Sergio Rico
