group_type,position,games,goals,shots,time,xG,assists,xA,key_passes,season,team,yellow,red,npg,npxG,xGChain,xGBuildup,player_id,player_name
season,FW,35,9,42,1475,10.413459531962872,1,1.0041863042861223,12,2025,Everton,3,0,9,10.413459531962872,11.502199709415436,0.8708279877901077,9983,Beto
season,Sub,30,8,49,1520,9.26681118644774,0,1.3863521181046963,12,2024,Everton,2,0,8,9.26681118644774,8.315516548231244,1.1153167895972729,9983,Beto
season,FW,30,3,43,898,7.16694748448208,0,1.1942407237365842,11,2023,Everton,2,0,3,6.405778587330133,7.352622885257006,1.000561224296689,9983,Beto
season,FW,1,0,0,81,0,0,0.17803286015987396,6,2023,Udinese,0,0,0,0,0.17803286015987396,0.033035073429346085,9983,Beto
season,Sub,33,10,61,2131,10.855348506942391,1,2.8929035430774093,23,2022,Udinese,2,0,9,10.0940504912287,13.431891795247793,1.8604375552386045,9983,Beto
season,Sub,28,11,64,2180,13.282656040042639,0,1.7648195903748274,19,2021,Udinese,1,0,11,13.282656040042639,16.065473101101816,3.909915925003588,9983,Beto
