group_type,position,games,goals,shots,time,xG,assists,xA,key_passes,season,team,yellow,red,npg,npxG,xGChain,xGBuildup,player_id,player_name
season,Sub,3,0,0,124,0,0,0,0,2019,Lecce,0,0,0,0,0.14681649953126907,0.14681649953126907,861,Giannelli Imbula
season,Sub,1,0,0,27,0,0,0,0,2019,PFC Sochi,0,0,0,0,0.16181200742721558,0.16181200742721558,861,Giannelli Imbula
season,DMC,22,1,21,1750,0.8179961610585451,1,0.6842464935034513,22,2018,Rayo Vallecano,7,0,1,0.8179961610585451,3.0728827537968755,2.0193630773574114,861,Giannelli Imbula
season,MC,28,1,33,2272,1.4506424916908145,1,1.842624295502901,25,2017,Toulouse,4,0,1,1.4506424916908145,6.1957799680531025,4.092418421059847,861,Giannelli Imbula
season,DMC,12,0,9,800,0.3351894011721015,0,0.29054589942097664,5,2016,Stoke,1,0,0,0.3351894011721015,1.7243009898811579,1.2839813735336065,861,Giannelli Imbula
season,DMC,14,2,21,1260,0.7641459014266729,0,0.44663219526410103,11,2015,Stoke,4,0,2,0.7641459014266729,4.900775998830795,3.82476444542408,861,Giannelli Imbula
season,MC,37,2,47,3182,1.6465027900412679,2,2.5070598032325506,32,2014,Marseille,4,1,2,1.6465027900412679,15.716850969940424,12.777807492762804,861,Giannelli Imbula
