group_type,position,games,goals,shots,time,xG,assists,xA,key_passes,season,team,yellow,red,npg,npxG,xGChain,xGBuildup,player_id,player_name
season,AMC,15,2,29,761,2.875185754150152,0,1.5514497235417366,10,2024,AC Milan,3,0,2,2.875185754150152,6.425452150404453,3.1223751958459616,7892,João Félix
season,Sub,12,1,20,343,2.64809543825686,1,0.6843841634690762,6,2024,Chelsea,2,0,1,2.64809543825686,4.425876019522548,1.2964793983846903,7892,João Félix
season,Sub,30,7,61,1530,8.801812421530485,3,3.087745688855648,19,2023,Barcelona,3,0,7,8.801812421530485,17.652851674705744,7.777922375127673,7892,João Félix
season,FW,16,4,46,953,4.288620352745056,0,0.6466051954776049,6,2022,Chelsea,1,1,4,4.288620352745056,5.620456300675869,2.0359091740101576,7892,João Félix
season,FW,14,3,26,646,3.3993573170155287,3,1.8245068956166506,10,2022,Atletico Madrid,5,0,3,3.3993573170155287,6.138477439060807,1.3330573067069054,7892,João Félix
season,Sub,24,8,39,1259,6.421432305127382,4,4.142435677349567,19,2021,Atletico Madrid,1,1,8,6.421432305127382,10.240179769694805,2.3597911782562733,7892,João Félix
season,FW,31,7,39,1558,5.802789870649576,5,4.210871694609523,21,2020,Atletico Madrid,6,0,6,4.316238854080439,11.091057041659951,4.761938547715545,7892,João Félix
season,FW,27,6,64,1784,7.972743781283498,1,2.6083266995847225,15,2019,Atletico Madrid,6,0,6,7.972743781283498,11.14176501519978,2.4849830735474825,7892,João Félix
