group_type,position,games,goals,shots,time,xG,assists,xA,key_passes,season,team,yellow,red,npg,npxG,xGChain,xGBuildup,player_id,player_name
season,FW,21,1,12,625,1.3705002032220364,1,0.6213750019669533,5,2020,Crotone,2,0,1,1.3705002032220364,3.704567529261112,2.170122316107154,777,Emmanuel Rivière
season,FW,28,5,69,2026,9.417108928784728,2,1.537241964135319,17,2017,Metz,1,0,3,7.896918987855315,9.336994536221027,1.9239083984866738,777,Emmanuel Rivière
season,FW,15,0,16,798,1.3381350375711918,1,0.21825559809803963,4,2016,Osasuna,3,1,0,1.3381350375711918,1.7363992780447006,0.5513463858515024,777,Emmanuel Rivière
season,Sub,3,0,3,64,0.2406504973769188,0,0.08394379913806915,1,2015,Newcastle United,0,0,0,0.2406504973769188,0.4482399895787239,0.12364590167999268,777,Emmanuel Rivière
season,FW,23,1,32,1231,3.6540457904338837,1,0.9126386996358633,15,2014,Newcastle United,0,0,1,3.6540457904338837,4.948962766677141,1.4548593144863844,777,Emmanuel Rivière
