group_type,position,games,goals,shots,time,xG,assists,xA,key_passes,season,team,yellow,red,npg,npxG,xGChain,xGBuildup,player_id,player_name
season,DC,7,0,3,593,0.19536660239100456,0,0,0,2016,West Bromwich Albion,3,0,0,0.19536660239100456,0.7437133137136698,0.7437133137136698,805,Jonas Olsson
season,DC,28,1,6,2019,0.9869292164221406,1,1.0481974948197603,4,2015,West Bromwich Albion,5,0,1,0.9869292164221406,1.9791093980893493,1.947945392690599,805,Jonas Olsson
season,DC,13,1,3,817,0.3695265054702759,0,0.7158549726009369,2,2014,West Bromwich Albion,2,0,1,0.3695265054702759,1.1940922914072871,1.1747842906042933,805,Jonas Olsson
