group_type,position,games,goals,shots,time,xG,assists,xA,key_passes,season,team,yellow,red,npg,npxG,xGChain,xGBuildup,player_id,player_name
season,Sub,27,2,22,1715,2.482676573097706,1,1.9185606986284256,12,2025,Leeds,4,0,2,2.482676573097706,4.259521063417196,2.5689074099063873,7753,James Justin
season,DR,36,2,25,2937,2.046646734699607,2,0.9606930930167437,15,2024,Leicester,6,0,2,2.046646734699607,6.922428992576897,5.915292138233781,7753,James Justin
season,DML,14,0,5,1257,0.14484700188040733,0,0.30565660260617733,7,2022,Leicester,0,0,0,0.14484700188040733,3.2727428637444973,2.8895581662654877,7753,James Justin
season,Sub,13,0,5,993,0.5318179950118065,0,0.8498176038265228,9,2021,Leicester,0,0,0,0.5318179950118065,5.432251468300819,4.53668899089098,7753,James Justin
season,DL,23,2,9,2070,1.517482303082943,1,2.0591367334127426,19,2020,Leicester,4,0,2,1.517482303082943,7.6656622514128685,5.505036529153585,7753,James Justin
season,Sub,13,0,7,1005,0.2678807023912668,1,1.0798513926565647,12,2019,Leicester,1,0,0,0.2678807023912668,4.534260958433151,3.3317906484007835,7753,James Justin
