group_type,position,games,goals,shots,time,xG,assists,xA,key_passes,season,team,yellow,red,npg,npxG,xGChain,xGBuildup,player_id,player_name
season,GK,34,0,0,3060,0,0,0.015475641936063766,1,2025,Crystal Palace,4,0,0,0,3.5560565255582333,3.5560565255582333,7702,Dean Henderson
season,GK,38,0,1,3420,0.010927668772637844,0,0.10587046667933464,2,2024,Crystal Palace,3,0,0,0.010927668772637844,3.299205945804715,3.19333547540009,7702,Dean Henderson
season,GK,18,0,0,1620,0,0,0,0,2023,Crystal Palace,2,0,0,0,1.2326296400278807,1.2326296400278807,7702,Dean Henderson
season,GK,18,0,0,1620,0,0,0,0,2022,Nottingham Forest,2,0,0,0,1.2316672131419182,1.2316672131419182,7702,Dean Henderson
season,Sub,13,0,0,1122,0,0,0,0,2020,Manchester United,3,0,0,0,1.281179204583168,1.281179204583168,7702,Dean Henderson
season,GK,36,0,1,3240,0.03304079920053482,0,0.02186880074441433,1,2019,Sheffield United,2,0,0,0.03304079920053482,0.2936275973916054,0.2936275973916054,7702,Dean Henderson
