group_type,position,games,goals,shots,time,xG,assists,xA,key_passes,season,team,yellow,red,npg,npxG,xGChain,xGBuildup,player_id,player_name
season,Sub,5,0,3,172,0.14798739552497864,0,0.08991630002856255,3,2021,Cadiz,1,0,0,0.14798739552497864,0.33939580619335175,0.11643590126186609,4068,Florin Andone
season,Sub,3,1,1,69,0.36459600925445557,0,0.0581962987780571,1,2019,Brighton,0,1,1,0.36459600925445557,0.36459600925445557,0,4068,Florin Andone
season,Sub,23,3,19,861,3.4883397333323956,0,0.09605339914560318,2,2018,Brighton,5,0,3,3.4883397333323956,2.457792090252042,0.6315052043646574,4068,Florin Andone
season,FW,29,6,56,1629,11.256516611203551,3,1.0299033019691706,9,2017,Deportivo La Coruna,6,0,6,10.513242637738585,11.361328288447112,0.7417480270378292,4068,Florin Andone
season,Sub,37,12,100,2908,11.384196454659104,2,1.5173083040863276,16,2016,Deportivo La Coruna,6,0,12,11.384196454659104,12.34712266921997,1.066891398280859,4068,Florin Andone
season,FW,20,5,38,1533,5.901718929409981,0,0.44885390624403954,10,2014,Cordoba,5,0,5,5.901718929409981,5.8136761747300625,1.9573562443256378,4068,Florin Andone
