group_type,position,games,goals,shots,time,xG,assists,xA,key_passes,season,team,yellow,red,npg,npxG,xGChain,xGBuildup,player_id,player_name
season,Sub,7,1,2,133,0.2420009896159172,0,0.1117553822696209,3,2023,Roma,2,0,1,0.2420009896159172,0.48694040160626173,0.3909831866621971,5228,Renato Sanches
season,Sub,23,2,14,688,1.3479259815067053,0,1.9512339495122433,10,2022,Paris Saint Germain,1,0,2,1.3479259815067053,7.412710890173912,5.554381376132369,5228,Renato Sanches
season,MR,25,2,22,1663,0.8640554836019874,5,3.8238654108718038,34,2021,Lille,6,1,2,0.8640554836019874,9.324060732498765,6.451717742718756,5228,Renato Sanches
season,AMC,23,1,21,1272,2.3787951162084937,3,2.0818183878436685,18,2020,Lille,4,0,1,2.3787951162084937,6.72796730697155,3.966938890516758,5228,Renato Sanches
season,DMC,19,3,30,1483,1.981334188953042,1,2.7406473718583584,35,2019,Lille,3,0,3,1.981334188953042,7.4171364940702915,5.070487668737769,5228,Renato Sanches
season,Sub,1,0,0,2,0,0,0,0,2019,Bayern Munich,0,0,0,0,0,0,5228,Renato Sanches
season,Sub,17,1,17,553,0.7897298792377114,1,0.8203947097063065,9,2018,Bayern Munich,1,1,1,0.7897298792377114,4.512112597003579,3.6402317322790623,5228,Renato Sanches
season,MC,12,0,12,703,0.36920759826898575,0,0.25285069830715656,6,2017,Swansea,1,0,0,0.36920759826898575,1.2484090775251389,0.9803172778338194,5228,Renato Sanches
season,MC,17,0,12,614,0.25352159701287746,0,0.12458150088787079,4,2016,Bayern Munich,3,0,0,0.25352159701287746,3.9661783818155527,3.7927993573248386,5228,Renato Sanches
