group_type,position,games,goals,shots,time,xG,assists,xA,key_passes,season,team,yellow,red,npg,npxG,xGChain,xGBuildup,player_id,player_name
season,Sub,12,0,0,998,0,0,0.07100074738264084,1,2025,Newcastle United,2,0,0,0,2.482472578063607,2.411471823230386,5603,Aaron Ramsdale
season,GK,30,0,0,2700,0,0,0,0,2024,Southampton,2,0,0,0,2.3939849622547626,2.3939849622547626,5603,Aaron Ramsdale
season,GK,6,0,0,540,0,0,0,0,2023,Arsenal,0,0,0,0,0.7832736372947693,0.7832736372947693,5603,Aaron Ramsdale
season,GK,38,0,0,3420,0,0,0,0,2022,Arsenal,1,0,0,0,5.103533525019884,5.103533525019884,5603,Aaron Ramsdale
season,GK,34,0,0,3060,0,0,0,0,2021,Arsenal,1,0,0,0,3.995810028165579,3.995810028165579,5603,Aaron Ramsdale
season,GK,38,0,0,3420,0,0,0.07767169922590256,2,2020,Sheffield United,1,0,0,0,2.899687790311873,2.8220167020335793,5603,Aaron Ramsdale
season,GK,37,0,0,3330,0,1,0.5314233005046844,2,2019,Bournemouth,0,0,0,0,2.1673740642145276,1.6359507637098432,5603,Aaron Ramsdale
