group_type,position,games,goals,shots,time,xG,assists,xA,key_passes,season,team,yellow,red,npg,npxG,xGChain,xGBuildup,player_id,player_name
season,AMC,18,4,23,1544,2.440835335291922,1,3.011969303712249,23,2025,West Ham,5,1,2,0.9184976601973176,4.265645559877157,1.5286574847996235,7365,Lucas Paquetá
season,MC,33,4,41,2398,5.13420026563108,0,2.733525102958083,36,2024,West Ham,9,0,2,3.6118626054376364,10.565001223236322,5.704350307583809,7365,Lucas Paquetá
season,DMC,31,4,42,2676,4.605092185549438,6,5.833031775429845,41,2023,West Ham,10,0,2,3.0827545104548335,13.320021394640207,7.106406299397349,7365,Lucas Paquetá
season,Sub,28,4,53,2209,5.04679605551064,3,2.8692219518125057,32,2022,West Ham,5,0,3,4.285627054050565,9.569089142605662,4.352459283545613,7365,Lucas Paquetá
season,MC,2,0,5,169,0.4521485008299351,0,0.18938430678099394,3,2022,Lyon,0,0,0,0.4521485008299351,1.0590140223503113,0.461295984685421,7365,Lucas Paquetá
season,Sub,35,9,87,2730,9.39243732392788,6,4.8732272777706385,42,2021,Lyon,3,0,8,8.632341921329498,22.659942880272865,12.401619154959917,7365,Lucas Paquetá
season,MC,30,9,55,2303,7.577046515420079,5,6.407318696379662,44,2020,Lyon,4,1,9,7.577046515420079,22.924588384106755,11.420268502086401,7365,Lucas Paquetá
season,MC,24,0,33,1090,1.985449398867786,1,1.6612937776371837,18,2019,AC Milan,7,0,0,1.985449398867786,6.4970517829060555,3.660880908370018,7365,Lucas Paquetá
season,MC,13,1,13,861,1.3889407850801945,1,0.8286338169127703,9,2018,AC Milan,5,1,1,1.3889407850801945,3.6813819482922554,1.51896567735821,7365,Lucas Paquetá
