group_type,position,games,goals,shots,time,xG,assists,xA,key_passes,season,team,yellow,red,npg,npxG,xGChain,xGBuildup,player_id,player_name
season,Sub,2,0,2,110,0.40423079766333103,0,0.039173200726509094,1,2017,Manchester United,0,0,0,0.40423079766333103,0.8111369907855988,0.40690718591213226,654,Michael Carrick
season,Sub,23,0,8,1607,0.21077909879386425,0,0.5740241073071957,12,2016,Manchester United,2,0,0,0.21077909879386425,4.908589135855436,4.235622443258762,654,Michael Carrick
season,DMC,28,0,7,1982,0.21961840149015188,0,0.2824397115036845,10,2015,Manchester United,4,0,0,0.21961840149015188,6.992396865040064,6.687694184482098,654,Michael Carrick
season,Sub,18,1,8,1460,0.28631030675023794,2,1.698483781889081,8,2014,Manchester United,1,0,1,0.28631030675023794,7.28094245120883,6.086604382842779,654,Michael Carrick
