group_type,position,games,goals,shots,time,xG,assists,xA,key_passes,season,team,yellow,red,npg,npxG,xGChain,xGBuildup,player_id,player_name
season,Sub,16,1,12,1038,0.5245746076107025,1,0.32270070165395737,5,2016,Southampton,3,0,1,0.5245746076107025,4.123527005314827,3.7180149853229523,837,Jordy Clasie
season,DMC,22,0,14,1574,0.48788417503237724,0,0.7646423000842333,14,2015,Southampton,5,0,0,0.48788417503237724,3.80957149900496,2.8351563019677997,837,Jordy Clasie
