group_type,position,games,goals,shots,time,xG,assists,xA,key_passes,season,team,yellow,red,npg,npxG,xGChain,xGBuildup,player_id,player_name
season,AMC,36,6,40,2854,5.660929972305894,3,6.163575306534767,59,2017,Southampton,4,0,5,4.899760695174336,14.321497606113553,4.343610278330743,840,Dusan Tadic
season,AMC,33,3,63,2457,6.760316548869014,5,5.7028485760092735,66,2016,Southampton,4,0,2,5.237976578995585,13.268406096845865,6.236922853626311,840,Dusan Tadic
season,AMR,34,7,57,2318,6.417935328558087,12,8.644171416759491,74,2015,Southampton,2,0,6,5.656765328720212,17.130920086055994,5.140122601762414,840,Dusan Tadic
season,FWL,31,4,53,2072,5.627575958147645,7,9.004418820142746,68,2014,Southampton,2,0,3,4.105238314718008,18.353964269161224,7.751159617677331,840,Dusan Tadic
