group_type,position,games,goals,shots,time,xG,assists,xA,key_passes,season,team,yellow,red,npg,npxG,xGChain,xGBuildup,player_id,player_name
season,Sub,12,1,4,198,0.3206220706924796,0,0.23581510037183762,3,2024,Bochum,1,0,1,0.3206220706924796,1.1285209581255913,0.5833059623837471,855,Cristian Gamboa
season,Sub,22,0,6,1174,0.0759541867300868,1,0.6853029727935791,10,2023,Bochum,7,0,0,0.0759541867300868,3.1149651166051626,2.446594389155507,855,Cristian Gamboa
season,DR,19,0,8,1496,0.09727543126791716,0,0.4879088029265404,9,2022,Bochum,2,0,0,0.09727543126791716,2.4310883581638336,2.254247364588082,855,Cristian Gamboa
season,DR,23,1,5,1737,0.10198444314301014,0,1.095487505197525,13,2021,Bochum,6,0,1,0.10198444314301014,5.201526742428541,4.72069426625967,855,Cristian Gamboa
season,Sub,1,0,1,24,0.02293349988758564,0,0,0,2015,West Bromwich Albion,1,0,0,0.02293349988758564,0.10200399905443192,0.07907070219516754,855,Cristian Gamboa
season,Sub,10,0,1,223,0.03101770021021366,1,0.22987540252506733,3,2014,West Bromwich Albion,1,0,0,0.03101770021021366,0.7136669997125864,0.5600713044404984,855,Cristian Gamboa
