group_type,position,games,goals,shots,time,xG,assists,xA,key_passes,season,team,yellow,red,npg,npxG,xGChain,xGBuildup,player_id,player_name
season,Sub,11,0,5,543,0.07749409973621368,0,0.025615399703383446,1,2018,Cardiff,2,0,0,0.07749409973621368,0.6749708820134401,0.581901591271162,674,Leandro Bacuna
season,DR,31,1,32,2421,1.905084615573287,0,1.1993913184851408,16,2015,Aston Villa,8,0,1,1.905084615573287,6.015960816293955,4.071642050519586,674,Leandro Bacuna
season,Sub,19,0,17,970,0.9967574011534452,5,1.846682295203209,17,2014,Aston Villa,1,0,0,0.9967574011534452,3.6058353167027235,2.1702739875763655,674,Leandro Bacuna
