group_type,position,games,goals,shots,time,xG,assists,xA,key_passes,season,team,yellow,red,npg,npxG,xGChain,xGBuildup,player_id,player_name
season,Sub,17,1,14,611,1.9293015375733376,1,0.46092280000448227,5,2021,Norwich,0,0,1,1.9293015375733376,2.403534699231386,0.5110170058906078,8021,Adam Idah
season,Sub,12,0,6,197,0.826487498357892,0,0.015021399594843388,1,2019,Norwich,0,0,0,0.826487498357892,0.8555931970477104,0.014084399677813053,8021,Adam Idah
