group_type,position,games,goals,shots,time,xG,assists,xA,key_passes,season,team,yellow,red,npg,npxG,xGChain,xGBuildup,player_id,player_name
season,Sub,17,1,10,782,1.7073889076709747,1,1.4392605368047953,12,2023,Lille,1,0,1,1.7073889076709747,3.40888093970716,1.5040980707854033,3683,Ivan Cavaleiro
season,AML,36,3,47,2477,5.548668167553842,0,2.6804727111011744,42,2020,Fulham,2,0,2,4.026330660097301,8.240887176245451,2.8567286916077137,3683,Ivan Cavaleiro
season,Sub,23,3,13,670,2.374942736700177,1,1.5787326022982597,19,2018,Wolverhampton Wanderers,1,0,3,2.374942736700177,4.368759629316628,0.9025545064359903,3683,Ivan Cavaleiro
season,Sub,2,0,2,97,0.18462200462818146,0,0.31532299518585205,3,2016,Monaco,0,0,0,0.18462200462818146,0.5573640018701553,0.10209300369024277,3683,Ivan Cavaleiro
season,AML,12,1,14,514,1.7757378965616226,0,1.0514174764975905,8,2015,Monaco,1,0,1,1.7757378965616226,4.362515146844089,1.8886484988033772,3683,Ivan Cavaleiro
season,AMR,34,3,41,2399,4.144961875863373,3,2.448333702981472,36,2014,Deportivo La Coruna,6,0,3,3.4016848923638463,7.300345899537206,2.643932618200779,3683,Ivan Cavaleiro
