group_type,position,games,goals,shots,time,xG,assists,xA,key_passes,season,team,yellow,red,npg,npxG,xGChain,xGBuildup,player_id,player_name
season,FW,13,1,10,731,1.4682373832911253,0,0.5990216955542564,4,2017,Malaga,2,0,1,1.4682373832911253,1.3790041822940111,0.3137051034718752,1008,Brown Ideye
season,Sub,24,4,30,1286,3.969936303794384,2,1.2322598649188876,11,2014,West Bromwich Albion,2,0,4,3.969936303794384,4.579359542578459,1.5735359881073236,1008,Brown Ideye
