group_type,position,games,goals,shots,time,xG,assists,xA,key_passes,season,team,yellow,red,npg,npxG,xGChain,xGBuildup,player_id,player_name
season,DMC,31,3,26,2633,1.445541126653552,1,2.478958658874035,16,2025,Chelsea,11,1,3,1.445541126653552,16.33613806962967,14.51899217814207,9453,Moisés Caicedo
season,DMC,38,1,20,3381,0.6911019859835505,2,2.9249442890286446,29,2024,Chelsea,11,0,1,0.6911019859835505,19.78497724980116,17.50836056470871,9453,Moisés Caicedo
season,Sub,35,1,13,2897,0.2973291608504951,3,2.4989760648459196,22,2023,Chelsea,11,0,1,0.2973291608504951,25.048321802169085,23.26216376759112,9453,Moisés Caicedo
season,MC,37,1,27,3135,1.2356434240937233,1,2.643754145130515,43,2022,Brighton,10,0,1,1.2356434240937233,19.323802459985018,16.51605893112719,9453,Moisés Caicedo
season,MC,8,1,10,673,0.6393528822809458,1,0.2321203015744686,4,2021,Brighton,2,0,1,0.6393528822809458,3.086230354383588,2.363927122205496,9453,Moisés Caicedo
