group_type,position,games,goals,shots,time,xG,assists,xA,key_passes,season,team,yellow,red,npg,npxG,xGChain,xGBuildup,player_id,player_name
season,Sub,27,0,11,1920,0.839532008394599,3,1.2867492362856865,12,2025,Bournemouth,3,0,0,0.839532008394599,6.7056154711171985,6.322222346439958,10747,James Hill
season,Sub,10,0,6,458,0.19451502338051796,1,0.3440760616213083,3,2024,Bournemouth,1,0,0,0.19451502338051796,2.397958781570196,2.091702576726675,10747,James Hill
season,Sub,5,0,0,74,0,0,0,0,2023,Bournemouth,0,0,0,0,0.14408478140830994,0.14408478140830994,10747,James Hill
