group_type,position,games,goals,shots,time,xG,assists,xA,key_passes,season,team,yellow,red,npg,npxG,xGChain,xGBuildup,player_id,player_name
season,DC,27,3,15,2213,3.361790083348751,0,0.9014928825199604,11,2025,Bayer Leverkusen,9,0,3,3.361790083348751,12.240156127139926,9.799614617601037,10187,Jarell Quansah
season,DC,13,0,1,478,0.09152641892433167,0,0.10514529794454575,2,2024,Liverpool,2,0,0,0.09152641892433167,2.4939724653959274,2.420603469014168,10187,Jarell Quansah
season,Sub,17,2,6,1182,1.4266883935779333,0,0.07552261091768742,3,2023,Liverpool,1,0,2,1.4266883935779333,7.204154305160046,7.149779371917248,10187,Jarell Quansah
