group_type,position,games,goals,shots,time,xG,assists,xA,key_passes,season,team,yellow,red,npg,npxG,xGChain,xGBuildup,player_id,player_name
season,MR,25,1,16,1103,0.4964469741098583,4,2.6572370454669,18,2025,Burnley,8,0,1,0.4964469741098583,5.426760409958661,3.28356571495533,9558,Hannibal Mejbri
season,Sub,5,1,1,124,0.01660188101232052,0,0.2175336331129074,2,2023,Manchester United,1,0,1,0.01660188101232052,0.6164471115916967,0.3823116421699524,9558,Hannibal Mejbri
season,Sub,6,0,1,91,0.020585671067237854,0,0.9787148088216782,4,2023,Sevilla,2,0,0,0.020585671067237854,0.5281277745962143,0,9558,Hannibal Mejbri
season,Sub,2,0,1,68,0.04541569948196411,0,0,0,2021,Manchester United,2,0,0,0.04541569948196411,0.04541569948196411,0,9558,Hannibal Mejbri
season,Sub,1,0,0,3,0,0,0,0,2020,Manchester United,0,0,0,0,0,0,9558,Hannibal Mejbri
