group_type,position,games,goals,shots,time,xG,assists,xA,key_passes,season,team,yellow,red,npg,npxG,xGChain,xGBuildup,player_id,player_name
season,FW,31,3,44,1329,6.872478522360325,1,1.1596579402685165,11,2025,Wolverhampton Wanderers,1,0,3,6.111309684813023,4.780992645770311,1.033082596026361,8875,Tolu Arokodare
season,Sub,10,0,3,93,0.21273329854011536,0,0.48916629888117313,3,2020,FC Cologne,0,0,0,0.21273329854011536,0.29926119558513165,0.03726689890027046,8875,Tolu Arokodare
