group_type,position,games,goals,shots,time,xG,assists,xA,key_passes,season,team,yellow,red,npg,npxG,xGChain,xGBuildup,player_id,player_name
season,Sub,8,0,4,336,0.18205954506993294,0,0.124705845490098,4,2025,Lyon,0,0,0,0.18205954506993294,1.2231862097978592,0.9502378702163696,6088,Orel Mangala
season,Sub,19,1,16,1254,0.7135743591934443,0,0.494984382763505,8,2024,Everton,2,0,1,0.7135743591934443,2.8463763296604156,2.0121847297996283,6088,Orel Mangala
season,MC,1,0,1,72,0.05109354853630066,0,0.0557350255548954,1,2024,Lyon,0,0,0,0.05109354853630066,0.23717188835144043,0.18143686652183533,6088,Orel Mangala
season,MC,20,1,10,1599,0.8923602215945721,0,0.28679931722581387,6,2023,Nottingham Forest,6,0,1,0.8923602215945721,3.6685553789138794,2.841583462432027,6088,Orel Mangala
season,Sub,8,2,5,390,0.6318405121564865,0,0.5445175617933273,7,2023,Lyon,0,0,2,0.6318405121564865,2.743016965687275,1.86590064316988,6088,Orel Mangala
season,Sub,27,1,9,1581,0.37294607050716877,1,0.42471470683813095,3,2022,Nottingham Forest,3,0,1,0.37294607050716877,3.2880424577742815,2.5542810540646315,6088,Orel Mangala
season,AMC,28,1,17,1878,2.2277317233383656,3,2.769866868853569,29,2021,VfB Stuttgart,4,0,1,2.2277317233383656,5.571071475744247,2.106621597893536,6088,Orel Mangala
season,MC,24,1,25,2110,1.1603699903935194,3,1.7411156902089715,20,2020,VfB Stuttgart,4,0,1,1.1603699903935194,9.723053880035877,7.243282813578844,6088,Orel Mangala
season,MC,20,0,10,760,0.18205059878528118,0,0.27746440190821886,3,2017,VfB Stuttgart,2,0,0,0.18205059878528118,2.024092134088278,1.647957131266594,6088,Orel Mangala
