group_type,position,games,goals,shots,time,xG,assists,xA,key_passes,season,team,yellow,red,npg,npxG,xGChain,xGBuildup,player_id,player_name
season,DC,33,2,18,2774,1.8460459671914577,0,0.39094166830182076,7,2025,Leeds,3,0,2,1.8460459671914577,6.172091495245695,5.799875162541866,6377,Joe Rodon
season,DC,16,1,7,1421,0.4753764048218727,0,0.021876400336623192,1,2022,Rennes,2,1,1,0.4753764048218727,4.027264934033155,4.005388956516981,6377,Joe Rodon
season,Sub,3,0,0,86,0,0,0,0,2021,Tottenham,0,0,0,0,0,0,6377,Joe Rodon
season,Sub,12,0,1,730,0.018329400569200516,0,0,0,2020,Tottenham,0,0,0,0.018329400569200516,1.4196598939597607,1.4196598939597607,6377,Joe Rodon
