group_type,position,games,goals,shots,time,xG,assists,xA,key_passes,season,team,yellow,red,npg,npxG,xGChain,xGBuildup,player_id,player_name
season,DL,22,0,15,1388,1.0784156527370214,0,1.182953616604209,20,2025,Lazio,4,0,0,1.0784156527370214,5.61589712370187,4.387773661874235,9691,Nuno Tavares
season,DL,23,0,28,1725,1.5730981789529324,8,6.447076931595802,34,2024,Lazio,2,1,0,1.5730981789529324,9.160245101898909,5.097952570766211,9691,Nuno Tavares
season,Sub,8,0,7,447,0.17316641379147768,0,0.24934393167495728,2,2023,Nottingham Forest,2,0,0,0.17316641379147768,0.6703841388225555,0.3541552796959877,9691,Nuno Tavares
season,DML,31,6,65,2349,4.455185883678496,0,3.152578465640545,25,2022,Marseille,6,1,6,4.455185883678496,13.028893500566483,8.348418578505516,9691,Nuno Tavares
season,Sub,22,1,23,1162,1.7562966123223305,1,1.064530422911048,10,2021,Arsenal,2,0,1,1.7562966123223305,6.060938712209463,3.757681142538786,9691,Nuno Tavares
