group_type,position,games,goals,shots,time,xG,assists,xA,key_passes,season,team,yellow,red,npg,npxG,xGChain,xGBuildup,player_id,player_name
season,GK,31,0,1,2790,0.06839418411254883,0,0.025899898260831833,1,2024,Bournemouth,3,0,0,0.06839418411254883,3.4838713705539703,3.4838713705539703,5061,Kepa
season,GK,14,0,0,1194,0,0,0,0,2023,Real Madrid,1,0,0,0,3.6908441241830587,3.6908441241830587,5061,Kepa
season,GK,29,0,0,2567,0,0,0,0,2022,Chelsea,1,0,0,0,4.026800500229001,4.026800500229001,5061,Kepa
season,GK,4,0,0,360,0,0,0,0,2021,Chelsea,0,0,0,0,0.7405957020819187,0.7405957020819187,5061,Kepa
season,GK,7,0,0,582,0,0,0,0,2020,Chelsea,1,0,0,0,0.30502480547875166,0.30502480547875166,5061,Kepa
season,GK,33,0,0,2970,0,0,0,0,2019,Chelsea,0,0,0,0,5.265828628093004,5.265828628093004,5061,Kepa
season,GK,36,0,0,3240,0,0,0,0,2018,Chelsea,2,0,0,0,5.416643293574452,5.416643293574452,5061,Kepa
season,GK,30,0,0,2700,0,0,0.2576889991760254,1,2017,Athletic Club,4,0,0,0,2.2650668285787106,2.007377829402685,5061,Kepa
season,GK,23,0,0,2015,0,0,0.045475300401449203,1,2016,Athletic Club,1,0,0,0,0.9546906035393476,0.9092153031378984,5061,Kepa
