group_type,position,games,goals,shots,time,xG,assists,xA,key_passes,season,team,yellow,red,npg,npxG,xGChain,xGBuildup,player_id,player_name
season,MC,4,0,3,124,0.48609329760074615,0,0.03288180008530617,1,2017,Stoke,1,0,0,0.48609329760074615,0.5550483018159866,0.036072999238967896,867,Stephen Ireland
season,Sub,13,0,3,206,0.5473723858594894,1,1.6458038538694382,8,2015,Stoke,2,0,0,0.5473723858594894,2.24130823276937,0.913508627563715,867,Stephen Ireland
season,AMC,17,0,15,934,1.1184633001685143,3,1.2160577941685915,22,2014,Stoke,3,0,0,1.1184633001685143,3.410914409905672,1.6969624678604305,867,Stephen Ireland
