group_type,position,games,goals,shots,time,xG,assists,xA,key_passes,season,team,yellow,red,npg,npxG,xGChain,xGBuildup,player_id,player_name
season,FWR,30,7,68,2149,8.538546209223568,4,8.053645815700293,61,2025,Arsenal,2,0,6,7.777377371676266,18.949911922216415,7.946587711572647,7322,Bukayo Saka
season,FWR,25,6,67,1763,8.94342190399766,10,11.583731275051832,58,2024,Arsenal,3,0,5,8.182253051549196,16.460995193570852,6.0235540214926,7322,Bukayo Saka
season,FWR,35,16,107,2990,16.807056225836277,8,11.325986489653587,89,2023,Arsenal,4,0,10,12.240043208003044,30.357597015798092,13.228619534522295,7322,Bukayo Saka
season,AMR,38,14,89,3216,11.300049655139446,11,7.0429807445034385,75,2022,Arsenal,6,0,12,9.016541637480259,23.58317681774497,11.6032799705863,7322,Bukayo Saka
season,Sub,38,11,97,3034,9.905906103551388,7,7.6313808765262365,68,2021,Arsenal,6,0,9,8.383569121360779,19.44989830069244,9.058580647222698,7322,Bukayo Saka
season,DML,32,5,61,2577,7.169173154979944,3,4.511790509335697,38,2020,Arsenal,1,0,5,7.169173154979944,18.292466957122087,9.18044448364526,7322,Bukayo Saka
season,AML,26,1,13,1769,1.1424380782991648,5,3.680352535098791,21,2019,Arsenal,6,0,1,1.1424380782991648,7.812512021511793,5.022922188043594,7322,Bukayo Saka
season,Sub,1,0,0,6,0,0,0,0,2018,Arsenal,0,0,0,0,0,0,7322,Bukayo Saka
