group_type,position,games,goals,shots,time,xG,assists,xA,key_passes,season,team,yellow,red,npg,npxG,xGChain,xGBuildup,player_id,player_name
season,Sub,2,0,0,120,0,0,0,0,2025,Chelsea,0,0,0,0,0.5514756590127945,0.5514756590127945,10805,Levi Colwill
season,DC,35,2,17,3150,2.4856121446937323,1,1.066227382980287,12,2024,Chelsea,9,0,2,2.4856121446937323,15.162668526172638,13.843638241291046,10805,Levi Colwill
season,DC,23,1,11,1813,0.7760256305336952,1,1.2379922457039356,7,2023,Chelsea,2,0,1,0.7760256305336952,8.106331346556544,7.155624521896243,10805,Levi Colwill
season,Sub,17,0,8,1213,1.5830463785678148,2,0.6098756808787584,7,2022,Brighton,1,0,0,1.5830463785678148,5.231132447719574,4.788313198834658,10805,Levi Colwill
