group_type,position,games,goals,shots,time,xG,assists,xA,key_passes,season,team,yellow,red,npg,npxG,xGChain,xGBuildup,player_id,player_name
season,DC,33,1,19,2786,2.825895868241787,2,1.8673397786915302,8,2025,Brentford,6,0,1,2.825895868241787,9.255520617589355,8.383735662326217,9733,Nathan Collins
season,DC,38,2,17,3420,2.6544005731120706,3,1.9733586199581623,9,2024,Brentford,5,0,2,2.6544005731120706,10.904047696851194,10.050747162662446,9733,Nathan Collins
season,DC,32,1,10,2647,1.9630648605525494,1,2.0567236468195915,11,2023,Brentford,3,0,1,1.9630648605525494,7.091836112551391,4.629758290015161,9733,Nathan Collins
season,DC,26,0,3,1788,0.1207122802734375,0,0.07463289797306061,2,2022,Wolverhampton Wanderers,2,1,0,0.1207122802734375,3.1115625351667404,3.0369299352169037,9733,Nathan Collins
season,DC,19,2,15,1671,1.6455229744315147,0,1.4840760342776775,5,2021,Burnley,2,1,2,1.6455229744315147,1.5359926857054234,1.1277847923338413,9733,Nathan Collins
