group_type,position,games,goals,shots,time,xG,assists,xA,key_passes,season,team,yellow,red,npg,npxG,xGChain,xGBuildup,player_id,player_name
season,Sub,16,1,20,980,0.9196870010346174,2,0.726533000357449,17,2017,Montpellier,1,0,1,0.9196870010346174,1.96908238530159,0.8257699906826019,810,Stéphane Sessegnon
season,Sub,27,2,46,2318,1.8689783085137606,2,3.3849375173449516,34,2016,Montpellier,4,1,2,1.8689783085137606,10.723209537565708,6.771286399103701,810,Stéphane Sessegnon
season,MR,25,2,31,1770,1.287262612953782,2,2.786615217104554,27,2015,West Bromwich Albion,1,0,2,1.287262612953782,6.163075953722,3.9116171952337027,810,Stéphane Sessegnon
season,Sub,28,1,29,1768,2.1281250156462193,3,2.7812051149085164,32,2014,West Bromwich Albion,5,0,1,2.1281250156462193,8.531753493472934,3.9461129438132048,810,Stéphane Sessegnon
