group_type,position,games,goals,shots,time,xG,assists,xA,key_passes,season,team,yellow,red,npg,npxG,xGChain,xGBuildup,player_id,player_name
season,Sub,30,3,36,1612,5.226826310157776,2,4.247381461784244,17,2025,Valencia,0,0,3,4.483548700809479,9.88978798687458,2.371374111622572,8066,Arnaut Danjuma Groeneveld
season,Sub,25,2,30,1343,3.7075294479727745,0,2.2522645704448223,23,2024,Girona,2,0,2,3.7075294479727745,5.728608474135399,1.768932631239295,8066,Arnaut Danjuma Groeneveld
season,FW,3,2,6,219,0.7095227837562561,0,0.02637453004717827,1,2024,Villarreal,1,0,2,0.7095227837562561,0.8256123065948486,0.08971497416496277,8066,Arnaut Danjuma Groeneveld
season,Sub,14,1,25,572,3.4230369105935097,0,0.8538514971733093,6,2023,Everton,0,0,1,3.4230369105935097,4.255711138248444,0.09537248313426971,8066,Arnaut Danjuma Groeneveld
season,Sub,10,2,12,476,3.002296168357134,0,0.34928299859166145,5,2022,Villarreal,0,0,1,2.259016115218401,2.699472740292549,0.23115650564432144,8066,Arnaut Danjuma Groeneveld
season,Sub,9,1,6,151,0.6234146766364574,0,0.027465900406241417,1,2022,Tottenham,0,0,1,0.6234146766364574,1.085426764562726,0.4620120506733656,8066,Arnaut Danjuma Groeneveld
season,Sub,23,10,62,1483,12.822505246847868,3,2.3936407063156366,15,2021,Villarreal,2,0,7,10.592675220221281,14.406457994133234,2.95650140568614,8066,Arnaut Danjuma Groeneveld
season,Sub,14,0,13,614,1.048506997525692,0,0.16391029953956604,5,2019,Bournemouth,0,0,0,1.048506997525692,1.204533277079463,0.26908320374786854,8066,Arnaut Danjuma Groeneveld
