group_type,position,games,goals,shots,time,xG,assists,xA,key_passes,season,team,yellow,red,npg,npxG,xGChain,xGBuildup,player_id,player_name
season,DMR,9,0,3,578,0.10928087215870619,0,0.30182990059256554,7,2021,FC Ufa,1,0,0,0.10928087215870619,0.9623318640515208,0.7491771206259727,5453,Moritz Bauer
season,DR,7,0,0,564,0,2,1.394271306693554,11,2020,FC Ufa,0,0,0,0,2.949056528508663,2.240072578191757,5453,Moritz Bauer
season,Sub,16,0,6,1396,0.3249993920326233,0,1.1561258072033525,17,2017,Rubin Kazan,4,0,0,0.3249993920326233,2.4185900911688805,1.1748466044664383,5453,Moritz Bauer
season,DR,15,0,3,1311,0.1535779032856226,0,1.0045691952109337,14,2017,Stoke,4,0,0,0.1535779032856226,1.9761534817516804,0.9067012965679169,5453,Moritz Bauer
season,DR,21,0,3,1654,0.13750470243394375,3,1.3793730987235904,15,2016,Rubin Kazan,4,0,0,0.13750470243394375,3.6701194886118174,2.5102062541991472,5453,Moritz Bauer
