group_type,position,games,goals,shots,time,xG,assists,xA,key_passes,season,team,yellow,red,npg,npxG,xGChain,xGBuildup,player_id,player_name
season,Sub,9,0,3,114,0.20235160365700722,0,0.03874380141496658,2,2019,West Ham,0,0,0,0.20235160365700722,0.2733321003615856,0.03223640099167824,2673,Albian Ajeti
season,Sub,1,0,0,36,0,0,0,0,2015,Augsburg,0,0,0,0,0.04258430004119873,0.04258430004119873,2673,Albian Ajeti
