group_type,position,games,goals,shots,time,xG,assists,xA,key_passes,season,team,yellow,red,npg,npxG,xGChain,xGBuildup,player_id,player_name
season,Sub,2,0,1,17,0.044648900628089905,1,0.34975799918174744,1,2021,Udinese,1,0,0,0.044648900628089905,0.42321830429136753,0.028811300173401833,1763,Stefano Okaka
season,FW,22,4,24,1494,4.292408408597112,1,0.637026397511363,9,2020,Udinese,2,0,4,4.292408408597112,4.708408045582473,1.42727829515934,1763,Stefano Okaka
season,Sub,33,8,57,2435,8.239937787875533,2,1.908740235492587,25,2019,Udinese,10,0,8,8.239937787875533,13.800995521247387,5.2772520603612065,1763,Stefano Okaka
season,FW,16,6,18,970,2.889581674709916,1,1.0166612975299358,17,2018,Udinese,4,0,6,2.889581674709916,4.152491403743625,1.0071620270609856,1763,Stefano Okaka
season,Sub,2,0,2,18,0.5551810264587402,0,0.14938099682331085,2,2018,Watford,1,0,0,0.5551810264587402,0.6590580344200134,0,1763,Stefano Okaka
season,FW,15,1,10,437,1.8603477291762829,1,0.3810372017323971,5,2017,Watford,2,0,1,1.8603477291762829,1.8564999215304852,0.4387899115681648,1763,Stefano Okaka
season,FW,19,4,27,941,2.620595447719097,0,1.3582880264148116,14,2016,Watford,5,0,4,2.620595447719097,3.958027221262455,0.9739708788692951,1763,Stefano Okaka
season,FW,32,4,50,2384,8.046724789775908,2,2.6388105861842632,28,2014,Sampdoria,6,0,4,8.046724789775908,11.333884761668742,2.9742345474660397,1763,Stefano Okaka
