group_type,position,games,goals,shots,time,xG,assists,xA,key_passes,season,team,yellow,red,npg,npxG,xGChain,xGBuildup,player_id,player_name
season,AMC,31,10,45,2301,8.90544430166483,2,2.2813411355018616,34,2017,Everton,5,0,7,4.338429160416126,8.366080533713102,4.465430139563978,629,Wayne Rooney
season,AMC,25,5,52,1538,7.070011952891946,5,3.005505710840225,36,2016,Manchester United,8,0,4,6.308840909972787,11.363079971633852,3.486512088216841,629,Wayne Rooney
season,FW,28,8,72,2411,7.3170866798609495,6,4.480131337419152,43,2015,Manchester United,4,0,7,6.555921657010913,13.664942907169461,5.081391530111432,629,Wayne Rooney
season,FW,33,12,79,2887,8.902098581194878,5,3.983559735119343,45,2014,Manchester United,5,1,11,7.3797623217105865,15.43574684113264,7.295702296309173,629,Wayne Rooney
