group_type,position,games,goals,shots,time,xG,assists,xA,key_passes,season,team,yellow,red,npg,npxG,xGChain,xGBuildup,player_id,player_name
season,MC,16,0,15,403,1.4201891627162695,2,0.860271792858839,6,2020,Leeds,1,0,0,1.4201891627162695,4.210413367021829,2.0219520539976656,2164,Pablo Hernández
season,AMC,27,3,36,1922,3.298766875639558,4,3.057363962754607,29,2015,Rayo Vallecano,3,0,3,3.298766875639558,10.351603569462895,5.735902736894786,2164,Pablo Hernández
