group_type,position,games,goals,shots,time,xG,assists,xA,key_passes,season,team,yellow,red,npg,npxG,xGChain,xGBuildup,player_id,player_name
season,DR,24,2,16,995,1.1587076839059591,2,1.2297662692144513,13,2025,Strasbourg,2,0,2,1.1587076839059591,4.84144239127636,3.1760359704494476,11618,Samuel Amo-Ameyaw
season,DMR,9,2,9,306,1.016411256045103,0,0.3969626873731613,4,2024,Strasbourg,0,0,2,1.016411256045103,2.539946537464857,1.126572597771883,11618,Samuel Amo-Ameyaw
season,Sub,2,0,1,21,0.032747477293014526,0,0.039343107491731644,1,2024,Southampton,1,0,0,0.032747477293014526,0.07209058851003647,0,11618,Samuel Amo-Ameyaw
season,Sub,1,0,0,1,0,0,0.02505393885076046,1,2022,Southampton,0,0,0,0,0.02505393885076046,0.02505393885076046,11618,Samuel Amo-Ameyaw
