group_type,position,games,goals,shots,time,xG,assists,xA,key_passes,season,team,yellow,red,npg,npxG,xGChain,xGBuildup,player_id,player_name
season,AMC,31,13,67,1955,8.572983920574188,1,2.298705962486565,16,2022,Leeds,6,0,12,7.811814919114113,10.812733860686421,3.450525519438088,2381,Rodrigo
season,AMC,31,6,48,2280,5.610643168911338,1,3.645213108509779,39,2021,Leeds,9,0,5,4.849474174901843,10.851464843377471,3.628703510388732,2381,Rodrigo
season,Sub,26,7,46,1285,5.755638722330332,2,3.200528811663389,31,2020,Leeds,3,0,7,5.755638722330332,10.815974995493889,4.34865191206336,2381,Rodrigo
season,FW,27,4,41,1912,7.230992365628481,7,5.798691460862756,28,2019,Valencia,2,1,4,7.230992365628481,14.893746607005596,4.8287150878459215,2381,Rodrigo
season,FW,33,8,81,2538,14.697819378226995,6,4.154875010251999,31,2018,Valencia,3,1,8,13.954539444297552,24.716022662818432,8.055103590711951,2381,Rodrigo
season,FW,37,16,92,2699,14.549195786938071,4,3.908317405730486,34,2017,Valencia,4,0,15,13.805918795987964,20.0684145539999,5.152240017428994,2381,Rodrigo
season,FWR,19,5,31,1404,4.672495136037469,3,2.658508469350636,22,2016,Valencia,1,0,5,4.672495136037469,8.307723961770535,2.0511105842888355,2381,Rodrigo
season,Sub,25,2,38,1356,4.613165225833654,3,4.804002987220883,24,2015,Valencia,1,1,2,4.613165225833654,9.056258201599121,3.320446265861392,2381,Rodrigo
season,AMR,31,3,54,2083,6.729401335120201,4,2.9722642712295055,29,2014,Valencia,5,2,2,5.986251555383205,11.964735768735409,3.908321011811495,2381,Rodrigo
