group_type,position,games,goals,shots,time,xG,assists,xA,key_passes,season,team,yellow,red,npg,npxG,xGChain,xGBuildup,player_id,player_name
season,Sub,1,0,1,7,0.016806799918413162,0,0,0,2020,Brighton,0,0,0,0.016806799918413162,0.06661350280046463,0.04980669915676117,6231,José Izquierdo
season,Sub,15,0,15,803,0.6221193987876177,1,0.4745672047138214,6,2018,Brighton,1,0,0,0.6221193987876177,1.1379161980003119,0.30647999607026577,6231,José Izquierdo
season,Sub,32,5,52,1998,3.62331239040941,3,2.325506566092372,21,2017,Brighton,2,0,5,3.62331239040941,7.212838351726532,3.1319346418604255,6231,José Izquierdo
