group_type,position,games,goals,shots,time,xG,assists,xA,key_passes,season,team,yellow,red,npg,npxG,xGChain,xGBuildup,player_id,player_name
season,DC,37,1,13,3266,1.041323009878397,0,0.4046876132488251,2,2018,Huddersfield,4,1,1,1.041323009878397,3.2034810883924365,2.518890212289989,6031,Christopher Schindler
season,DC,37,0,10,3269,0.7634108904749155,1,2.4467064440250397,9,2017,Huddersfield,6,1,0,0.7634108904749155,4.538168107159436,3.7439578557386994,6031,Christopher Schindler
