group_type,position,games,goals,shots,time,xG,assists,xA,key_passes,season,team,yellow,red,npg,npxG,xGChain,xGBuildup,player_id,player_name
season,Sub,5,0,2,299,0.22059129923582077,0,0.03941100090742111,2,2015,Everton,1,0,0,0.22059129923582077,0.9883925020694733,0.9489815030246973,977,Tyias Browning
season,Sub,2,0,0,24,0,0,0.03256919980049133,1,2014,Everton,0,0,0,0,0.06536709889769554,0.03279789909720421,977,Tyias Browning
