group_type,position,games,goals,shots,time,xG,assists,xA,key_passes,season,team,yellow,red,npg,npxG,xGChain,xGBuildup,player_id,player_name
season,Sub,4,0,2,187,0.1322939433157444,0,0.0298521239310503,1,2024,Tottenham,2,0,0,0.1322939433157444,0.7971926778554916,0.696475438773632,7187,Sergio Reguilón
season,Sub,16,0,13,1137,0.9667032230645418,4,2.8239520508795977,20,2023,Brentford,4,1,0,0.9667032230645418,4.303695276379585,1.9703862518072128,7187,Sergio Reguilón
season,DL,9,0,4,402,0.21072756126523018,0,0.8145383335649967,8,2023,Manchester United,3,0,0,0.21072756126523018,2.156156972050667,1.63808111846447,7187,Sergio Reguilón
season,Sub,11,0,3,291,0.19654224812984467,0,0.3001011349260807,7,2022,Atletico Madrid,1,1,0,0.19654224812984467,2.911622077226639,2.515914771705866,7187,Sergio Reguilón
season,DL,25,2,21,1929,2.971682120114565,3,3.5308931674808264,28,2021,Tottenham,4,0,2,2.971682120114565,9.459169758483768,4.919268406927586,7187,Sergio Reguilón
season,DL,27,0,20,2258,1.1595534086227417,3,2.099100701510906,17,2020,Tottenham,5,0,0,1.1595534086227417,8.52995277568698,6.11448260769248,7187,Sergio Reguilón
season,DL,31,2,28,2510,2.4599781185388565,4,4.095350978896022,40,2019,Sevilla,8,0,2,2.4599781185388565,11.071526715531945,6.411636684089899,7187,Sergio Reguilón
season,DL,14,0,6,1122,0.2756411023437977,2,1.948864028789103,17,2018,Real Madrid,3,0,0,0.2756411023437977,4.718765303492546,4.158243238925934,7187,Sergio Reguilón
