group_type,position,games,goals,shots,time,xG,assists,xA,key_passes,season,team,yellow,red,npg,npxG,xGChain,xGBuildup,player_id,player_name
season,AMR,28,4,26,2130,2.8919170759618282,4,4.862495846115053,39,2025,Aston Villa,4,0,4,2.8919170759618282,10.658152751624584,5.726875712163746,7723,John McGinn
season,AML,34,1,31,2247,3.7942231353372335,4,3.4790949057787657,30,2024,Aston Villa,7,0,1,3.7942231353372335,11.842593720182776,7.252999009564519,7723,John McGinn
season,AML,35,6,40,3053,4.672283694148064,4,5.626847393810749,45,2023,Aston Villa,9,1,6,4.672283694148064,20.780676677823067,13.845141869038343,7723,John McGinn
season,MC,34,1,42,2692,1.9473767010495067,3,3.4085853062570095,18,2022,Aston Villa,7,0,1,1.9473767010495067,10.670297458767891,6.900125402957201,7723,John McGinn
season,DMC,35,3,43,3099,1.8280723309144378,4,5.359244130551815,53,2021,Aston Villa,8,0,3,1.8280723309144378,12.840360780246556,8.202694385312498,7723,John McGinn
season,MC,37,3,45,3330,2.166595708578825,5,3.501758733764291,42,2020,Aston Villa,12,0,3,2.166595708578825,14.868273419328034,9.94562083017081,7723,John McGinn
season,MC,28,3,55,2323,3.9825734980404377,3,2.617758873850107,37,2019,Aston Villa,3,0,3,3.9825734980404377,9.97086264193058,5.289587929844856,7723,John McGinn
