group_type,position,games,goals,shots,time,xG,assists,xA,key_passes,season,team,yellow,red,npg,npxG,xGChain,xGBuildup,player_id,player_name
season,Sub,28,6,50,1685,7.754562114365399,3,1.7325707683339715,17,2024,Toulouse,2,0,6,7.754562114365399,9.276868721470237,1.9913337361067533,465,Joshua King
season,Sub,32,5,49,2247,8.284285517409444,3,4.002521988004446,35,2021,Watford,5,0,4,7.523121478036046,12.03219684958458,2.661472711712122,465,Joshua King
season,Sub,11,0,3,119,0.7881255093961954,0,0,0,2020,Everton,0,0,0,0.7881255093961954,0.8868916016072035,0.7569960057735443,465,Joshua King
season,AMC,26,6,26,2033,6.534089034423232,4,4.133097622543573,30,2019,Bournemouth,0,0,3,4.250656159594655,8.37335154414177,3.021743267774582,465,Joshua King
season,FW,35,12,72,2987,13.546655409038067,3,4.257975086569786,37,2018,Bournemouth,3,0,7,8.97964733839035,19.06767139956355,8.407385468482971,465,Joshua King
season,AMC,33,8,51,2458,6.555600753054023,3,4.888206169009209,38,2017,Bournemouth,3,0,6,5.0332634430378675,9.640527916140854,3.6070541189983487,465,Joshua King
season,FWL,36,16,67,2734,10.911748604848981,2,2.409231800585985,30,2016,Bournemouth,1,0,14,8.62825040332973,12.561983089894056,3.4120459305122495,465,Joshua King
season,FW,31,6,55,1931,5.712771352380514,2,3.535969901829958,25,2015,Bournemouth,1,0,6,5.712771352380514,9.763266887515783,1.4393623927608132,465,Joshua King
