group_type,position,games,goals,shots,time,xG,assists,xA,key_passes,season,team,yellow,red,npg,npxG,xGChain,xGBuildup,player_id,player_name
season,FW,26,3,20,1375,3.5921845473349094,2,1.145955815911293,10,2025,Burnley,4,0,3,3.5921845473349094,5.975080406293273,2.1302394028753042,7498,Lyle Foster
season,ML,24,5,34,1938,5.608147136867046,3,1.4990256652235985,19,2023,Burnley,0,1,5,5.608147136867046,8.676230592653155,2.611631980165839,7498,Lyle Foster
season,FW,2,0,2,60,0.27386900782585144,0,0,0,2019,Monaco,0,0,0,0.27386900782585144,0.2851020097732544,0.011233399622142315,7498,Lyle Foster
