group_type,position,games,goals,shots,time,xG,assists,xA,key_passes,season,team,yellow,red,npg,npxG,xGChain,xGBuildup,player_id,player_name
season,Sub,20,0,6,641,0.5498570688068867,0,0.6038424372673035,1,2025,Brentford,1,0,0,0.5498570688068867,2.654161812737584,2.206498945131898,8942,Aaron Hickey
season,DR,9,0,7,749,0.19348732568323612,0,0.04746435210108757,1,2023,Brentford,5,0,0,0.19348732568323612,1.1258890461176634,0.9994768127799034,8942,Aaron Hickey
season,DR,26,0,11,1958,0.3167129307985306,1,0.6221226900815964,6,2022,Brentford,7,0,0,0.3167129307985306,2.5498968306928873,2.0008020736277103,8942,Aaron Hickey
season,DL,36,5,21,2853,0.7283982993103564,1,1.6348064858466387,18,2021,Bologna,8,0,5,0.7283982993103564,7.785434980876744,6.30835332069546,8942,Aaron Hickey
season,DL,11,0,2,766,0.038923799991607666,0,0.04680180177092552,2,2020,Bologna,3,1,0,0.038923799991607666,1.8491151966154575,1.780365500599146,8942,Aaron Hickey
