group_type,position,games,goals,shots,time,xG,assists,xA,key_passes,season,team,yellow,red,npg,npxG,xGChain,xGBuildup,player_id,player_name
season,DC,17,0,2,944,0.1337106004357338,0,0.10679090395569801,3,2020,Lazio,6,0,0,0.1337106004357338,1.7052014898508787,1.6849500890821218,1203,Wesley Hoedt
season,DC,13,0,6,1170,0.5851070946082473,0,0.017267899587750435,1,2018,Southampton,2,0,0,0.5851070946082473,1.9396598106250167,1.9285388058051467,1203,Wesley Hoedt
season,DC,10,0,4,894,0.22409939765930176,0,0.5446820836514235,5,2018,Celta Vigo,1,1,0,0.22409939765930176,1.807449832558632,1.6339634284377098,1203,Wesley Hoedt
season,DC,28,0,15,2520,1.8477474050596356,1,0.780554105527699,10,2017,Southampton,7,0,0,1.8477474050596356,5.310729691758752,4.884635778144002,1203,Wesley Hoedt
season,DC,23,2,20,1880,1.2743281042203307,0,0.145899698138237,4,2016,Lazio,5,0,2,1.2743281042203307,7.37341589294374,7.242125179618597,1203,Wesley Hoedt
season,DC,25,0,12,2048,0.6090992037206888,0,0,0,2015,Lazio,4,1,0,0.6090992037206888,2.930155599489808,2.879063682630658,1203,Wesley Hoedt
