group_type,position,games,goals,shots,time,xG,assists,xA,key_passes,season,team,yellow,red,npg,npxG,xGChain,xGBuildup,player_id,player_name
season,Sub,4,1,6,148,1.1555321030318737,0,0.3280630111694336,1,2021,Barcelona,0,0,1,1.1555321030318737,1.4995551221072674,0.01595900021493435,619,Sergio Agüero
season,FW,12,4,19,556,3.716518983244896,1,1.315659997984767,7,2020,Manchester City,0,0,3,2.1941805984824896,4.1585718132555485,1.2831721864640713,619,Sergio Agüero
season,Sub,24,16,76,1462,15.557497031986713,3,2.920210164040327,19,2019,Manchester City,1,0,14,13.274028159677982,16.878257554024458,2.6447667879983783,619,Sergio Agüero
season,FW,33,21,118,2515,19.949161492288113,8,5.22924355044961,34,2018,Manchester City,3,0,19,18.42682258039713,28.700228951871395,8.10099308937788,619,Sergio Agüero
season,FW,25,21,95,1985,18.568616069853306,6,6.533231791108847,39,2017,Manchester City,2,0,17,15.523945644497871,23.707817398011684,7.5127200009301305,619,Sergio Agüero
season,FW,31,20,139,2408,22.672587677836418,3,4.665909027680755,31,2016,Manchester City,4,1,16,18.86673802882433,25.352086670696735,5.026675033383071,619,Sergio Agüero
season,Sub,30,24,119,2399,20.077226005494595,2,2.0287595679983497,27,2015,Manchester City,1,0,20,16.271372936666012,18.786800522357225,3.9259592220187187,619,Sergio Agüero
season,Sub,33,26,148,2551,25.270175583660603,8,5.568926602602005,33,2014,Manchester City,4,0,21,20.703194603323936,27.805153466761112,6.87816970795393,619,Sergio Agüero
