group_type,position,games,goals,shots,time,xG,assists,xA,key_passes,season,team,yellow,red,npg,npxG,xGChain,xGBuildup,player_id,player_name
season,AMC,31,9,66,2518,10.073703539557755,3,4.765219561755657,44,2025,Manchester United,4,0,9,10.073703539557755,18.68737630546093,6.0007143234834075,6552,Bryan Mbeumo
season,FWR,38,20,86,3419,13.63216146454215,7,10.376488702371716,70,2024,Brentford,3,0,15,9.06514835730195,24.377113293856382,9.351834732107818,6552,Bryan Mbeumo
season,FW,25,9,53,1954,9.158370908349752,6,5.14017678797245,32,2023,Brentford,2,0,6,6.874864336103201,15.155989956110716,6.123919734731317,6552,Bryan Mbeumo
season,FWR,38,9,71,2991,10.100785619579256,8,7.65799580514431,52,2022,Brentford,5,0,8,9.339616828598082,17.531262825243175,5.165040111169219,6552,Bryan Mbeumo
season,FW,35,4,77,2934,9.805259482935071,7,3.957220805808902,34,2021,Brentford,4,0,3,9.044090459123254,17.78692425787449,6.478674702346325,6552,Bryan Mbeumo
season,Sub,4,0,3,56,0.07465610094368458,0,0,0,2017,Troyes,0,0,0,0.07465610094368458,0.04458170011639595,0,6552,Bryan Mbeumo
