group_type,position,games,goals,shots,time,xG,assists,xA,key_passes,season,team,yellow,red,npg,npxG,xGChain,xGBuildup,player_id,player_name
season,Sub,29,2,24,2030,2.712577499449253,1,1.8191682416945696,12,2022,Leeds,3,0,2,2.712577499449253,7.104759126901627,4.520665276795626,8716,Luke Ayling
season,DR,26,2,19,2276,1.0372716058045626,2,2.3595473375171423,10,2021,Leeds,4,1,2,1.0372716058045626,5.340352229773998,4.753910128027201,8716,Luke Ayling
season,DR,38,0,24,3400,1.4397514276206493,0,2.9888545349240303,26,2020,Leeds,7,0,0,1.4397514276206493,14.196262124925852,11.884363940916955,8716,Luke Ayling
