group_type,position,games,goals,shots,time,xG,assists,xA,key_passes,season,team,yellow,red,npg,npxG,xGChain,xGBuildup,player_id,player_name
season,Sub,1,0,1,77,0.11006297916173935,0,0,0,2023,Tottenham,1,0,0,0.11006297916173935,0.1389056295156479,0.1389056295156479,6249,Davinson Sánchez
season,DC,18,0,6,845,0.30423328187316656,0,0.1408364623785019,2,2022,Tottenham,1,0,0,0.30423328187316656,2.7923527229577303,2.643001276999712,6249,Davinson Sánchez
season,DC,23,2,13,1618,2.0042469054460526,0,0.29199779219925404,5,2021,Tottenham,4,0,2,2.0042469054460526,7.71055081859231,7.483334220945835,6249,Davinson Sánchez
season,DC,18,0,5,1488,0.8006934821605682,0,0.020530199632048607,1,2020,Tottenham,1,0,0,0.8006934821605682,5.348088577389717,5.348088577389717,6249,Davinson Sánchez
season,DC,29,0,7,2433,0.7553702257573605,0,0.036288898438215256,1,2019,Tottenham,6,0,0,0.7553702257573605,7.255793642252684,7.219504665583372,6249,Davinson Sánchez
season,DC,23,1,14,1943,1.624593397602439,1,0.6246803235262632,4,2018,Tottenham,2,0,1,1.624593397602439,6.161562740802765,6.136754721403122,6249,Davinson Sánchez
season,Sub,31,0,9,2535,0.5712869055569172,0,0.12518769968301058,4,2017,Tottenham,1,1,0,0.5712869055569172,7.701591860502958,7.640092059969902,6249,Davinson Sánchez
