group_type,position,games,goals,shots,time,xG,assists,xA,key_passes,season,team,yellow,red,npg,npxG,xGChain,xGBuildup,player_id,player_name
season,FWR,17,6,30,1117,4.893394324928522,2,1.6350069120526314,10,2022,Lyon,3,0,6,4.893394324928522,8.920108824968338,2.89501029625535,10536,Tetê
season,AMR,13,1,15,756,1.8560382332652807,0,0.3867563046514988,6,2022,Leicester,0,0,1,1.8560382332652807,3.7511419784277678,1.7394799161702394,10536,Tetê
season,Sub,9,2,17,596,2.8988890890032053,5,2.433905804529786,13,2021,Lyon,1,0,2,2.8988890890032053,7.247147949412465,2.612545035779476,10536,Tetê
