group_type,position,games,goals,shots,time,xG,assists,xA,key_passes,season,team,yellow,red,npg,npxG,xGChain,xGBuildup,player_id,player_name
season,DR,34,0,18,2897,0.9947248105891049,4,2.185204219073057,25,2024,Wolverhampton Wanderers,8,0,0,0.9947248105891049,9.799877418205142,7.2230052798986435,6163,Nélson Semedo
season,DR,36,0,17,3127,1.232096817344427,1,2.0054253563284874,24,2023,Wolverhampton Wanderers,10,1,0,1.232096817344427,8.870165027678013,6.637749888934195,6163,Nélson Semedo
season,Sub,36,0,9,2646,0.7855268660932779,1,0.6530346218496561,11,2022,Wolverhampton Wanderers,11,1,0,0.7855268660932779,3.586114762350917,2.2665692791342735,6163,Nélson Semedo
season,DMR,25,0,19,2151,1.3901756666600704,1,1.3628809936344624,18,2021,Wolverhampton Wanderers,1,0,0,1.3901756666600704,5.291687090881169,2.8525946140289307,6163,Nélson Semedo
season,DMR,34,1,23,2994,1.3097365982830524,1,0.9027981068938971,20,2020,Wolverhampton Wanderers,5,0,1,1.3097365982830524,7.68634950555861,6.196272294968367,6163,Nélson Semedo
season,DR,32,1,8,2097,0.6746811922639608,2,2.262861916795373,12,2019,Barcelona,2,0,1,0.6746811922639608,9.915662996470928,8.582365959882736,6163,Nélson Semedo
season,DR,26,1,6,1603,0.35981000028550625,0,0.2876764964312315,4,2018,Barcelona,4,0,1,0.35981000028550625,7.258824737742543,6.808221789076924,6163,Nélson Semedo
season,DR,24,0,3,1494,0.2851273063570261,0,1.2114502247422934,11,2017,Barcelona,1,0,0,0.2851273063570261,10.668962698429823,10.318975578993559,6163,Nélson Semedo
