group_type,position,games,goals,shots,time,xG,assists,xA,key_passes,season,team,yellow,red,npg,npxG,xGChain,xGBuildup,player_id,player_name
season,GK,25,0,0,2250,0,0,0,0,2025,Liverpool,1,0,0,0,3.9370069336146116,3.9370069336146116,1257,Alisson
season,GK,28,0,0,2511,0,0,0.4981032609939575,1,2024,Liverpool,0,0,0,0,9.509701142087579,9.011597881093621,1257,Alisson
season,GK,28,0,0,2520,0,0,0,0,2023,Liverpool,1,0,0,0,8.493492092937231,8.493492092937231,1257,Alisson
season,GK,37,0,0,3330,0,1,0.16862599551677704,1,2022,Liverpool,1,0,0,0,9.289638353511691,9.121012343093753,1257,Alisson
season,GK,36,0,0,3240,0,1,0.1280680000782013,1,2021,Liverpool,0,0,0,0,9.494233330711722,9.366165360435843,1257,Alisson
season,GK,33,1,1,2970,0.1076819971203804,0,0,0,2020,Liverpool,1,0,1,0.1076819971203804,3.5593250282108784,3.5593250282108784,1257,Alisson
season,GK,29,0,0,2545,0,1,0.2629149854183197,1,2019,Liverpool,0,1,0,0,6.831636318936944,6.568721333518624,1257,Alisson
season,GK,38,0,0,3420,0,0,0,0,2018,Liverpool,1,0,0,0,7.60600501857698,7.60600501857698,1257,Alisson
season,GK,37,0,0,3330,0,0,0.006380409933626652,1,2017,Roma,1,0,0,0,5.8007074650377035,5.794326964765787,1257,Alisson
