group_type,position,games,goals,shots,time,xG,assists,xA,key_passes,season,team,yellow,red,npg,npxG,xGChain,xGBuildup,player_id,player_name
season,Sub,24,0,12,1091,0.6752535561099648,0,1.0527520487084985,10,2025,VfB Stuttgart,3,1,0,0.6752535561099648,5.320500722154975,4.25156906992197,8973,Lorenz Assignon
season,DR,32,3,22,2378,2.9051220044493675,4,3.9293824322521687,29,2024,Rennes,9,0,3,2.9051220044493675,11.943673314526677,7.465679798275232,8973,Lorenz Assignon
season,DR,15,1,9,1249,0.4085904136300087,2,2.075187735259533,13,2023,Burnley,3,1,1,0.4085904136300087,3.949996647424996,3.191625501960516,8973,Lorenz Assignon
season,DR,14,1,11,1010,0.4635073374956846,1,1.762451134622097,20,2023,Rennes,4,0,1,0.4635073374956846,5.5929713398218155,4.568631023168564,8973,Lorenz Assignon
season,DR,12,0,2,240,0.627483993768692,1,0.6877081021666527,2,2022,Rennes,3,0,0,0.627483993768692,1.845249880105257,1.2177663892507553,8973,Lorenz Assignon
season,Sub,20,0,6,581,0.8529922813177109,2,1.367770112119615,7,2021,Rennes,0,0,0,0.8529922813177109,5.189007832668722,3.2208477845415473,8973,Lorenz Assignon
