group_type,position,games,goals,shots,time,xG,assists,xA,key_passes,season,team,yellow,red,npg,npxG,xGChain,xGBuildup,player_id,player_name
season,DL,14,0,6,1244,0.716683579608798,0,1.239263977855444,14,2023,Marseille,6,0,0,0.716683579608798,4.840963572263718,3.4815161861479282,7891,Renan Lodi
season,DL,28,0,15,2236,0.751506220549345,1,1.318730404600501,13,2022,Nottingham Forest,7,0,0,0.751506220549345,2.764841167256236,1.8108528461307287,7891,Renan Lodi
season,Sub,29,2,10,1172,0.9801207091659307,2,2.395130567252636,11,2021,Atletico Madrid,4,0,2,0.9801207091659307,7.670794330537319,5.180695001035929,7891,Renan Lodi
season,DL,23,1,11,1110,0.7217113003134727,2,1.8819147106260061,12,2020,Atletico Madrid,3,0,1,0.7217113003134727,10.125431548804045,8.008891765028238,7891,Renan Lodi
season,DL,32,1,18,2396,1.5744125861674547,2,1.9537948900833726,21,2019,Atletico Madrid,4,1,1,1.5744125861674547,7.6296417489647865,5.453479809686542,7891,Renan Lodi
