group_type,position,games,goals,shots,time,xG,assists,xA,key_passes,season,team,yellow,red,npg,npxG,xGChain,xGBuildup,player_id,player_name
season,Sub,5,0,0,11,0,0,0,0,2023,Newcastle United,0,0,0,0,0.03596547618508339,0.03596547618508339,853,Paul Dummett
season,DL,3,0,0,199,0,0,0,0,2021,Newcastle United,2,0,0,0,0.15161839872598648,0.15161839872598648,853,Paul Dummett
season,DL,15,1,3,1254,0.4440922141075134,0,0.22914470359683037,4,2020,Newcastle United,2,0,1,0.4440922141075134,3.159807227551937,2.9786208122968674,853,Paul Dummett
season,DC,16,0,2,1229,0.024163899943232536,0,0.19808659702539444,4,2019,Newcastle United,2,0,0,0.024163899943232536,1.6953281154856086,1.5707185035571456,853,Paul Dummett
season,DL,26,0,9,1976,0.28301640413701534,0,0.35097829811275005,4,2018,Newcastle United,1,0,0,0.28301640413701534,3.7821312323212624,3.462332950439304,853,Paul Dummett
season,DL,20,0,4,1603,0.22576159797608852,0,0.7111772075295448,6,2017,Newcastle United,1,0,0,0.22576159797608852,2.527175525203347,1.8076560143381357,853,Paul Dummett
season,DL,23,1,5,1907,0.2723962003365159,0,0.1616812963038683,4,2015,Newcastle United,3,0,1,0.2723962003365159,2.419680802151561,2.126522820442915,853,Paul Dummett
season,DL,25,0,18,2111,1.6393335717730224,0,1.2245062170550227,15,2014,Newcastle United,4,0,0,1.6393335717730224,3.8165886867791414,3.242255924269557,853,Paul Dummett
