group_type,position,games,goals,shots,time,xG,assists,xA,key_passes,season,team,yellow,red,npg,npxG,xGChain,xGBuildup,player_id,player_name
season,DC,25,0,26,1974,2.389931470155716,0,1.2027571620419621,11,2025,Wolverhampton Wanderers,11,0,0,2.389931470155716,5.545527631416917,3.451471148058772,9958,Yerson Mosquera
season,DC,5,0,2,448,0.4660062603652477,0,0.09450100734829903,2,2024,Wolverhampton Wanderers,2,0,0,0.4660062603652477,1.0699441889300942,0.9818695159628987,9958,Yerson Mosquera
season,Sub,16,2,10,1231,1.1751275416463614,1,0.29248617216944695,5,2023,Villarreal,4,0,2,1.1751275416463614,5.195367939770222,5.021152634173632,9958,Yerson Mosquera
