group_type,position,games,goals,shots,time,xG,assists,xA,key_passes,season,team,yellow,red,npg,npxG,xGChain,xGBuildup,player_id,player_name
season,Sub,13,0,5,716,0.16891819797456264,1,0.6411591079086065,6,2018,Genoa,3,0,0,0.16891819797456264,1.350508201867342,1.1676106816157699,817,Sandro
season,Sub,12,0,8,597,0.18479991890490055,0,0.15162859857082367,3,2018,Udinese,5,0,0,0.18479991890490055,1.1442887224256992,0.8580204993486404,817,Sandro
season,Sub,14,1,15,1159,0.7150382930412889,0,0.24363498203456402,5,2017,Benevento,4,0,1,0.7150382930412889,3.876188674941659,3.4947499707341194,817,Sandro
season,DMC,12,0,3,382,0.04840079974383116,0,0.11875800043344498,1,2015,West Bromwich Albion,0,0,0,0.04840079974383116,0.19589929934591055,0.04429269954562187,817,Sandro
season,MC,17,1,17,1240,0.6715470999479294,0,0.12614960223436356,3,2014,Queens Park Rangers,6,0,1,0.6715470999479294,2.6105356854386628,2.1408034921623766,817,Sandro
