group_type,position,games,goals,shots,time,xG,assists,xA,key_passes,season,team,yellow,red,npg,npxG,xGChain,xGBuildup,player_id,player_name
season,MC,32,6,67,2599,8.969971298240125,4,4.659906264394522,43,2025,Bournemouth,6,0,4,7.447633596137166,15.666621502488852,7.201727956533432,10741,Marcus Tavernier
season,AMC,29,3,57,1930,6.411486806347966,5,5.201899139210582,43,2024,Bournemouth,6,0,3,6.411486806347966,16.51350423321128,8.325464472174644,10741,Marcus Tavernier
season,Sub,30,3,53,2163,4.385046798735857,4,6.264871651306748,44,2023,Bournemouth,3,0,3,4.385046798735857,14.908875443041325,7.105101251974702,10741,Marcus Tavernier
season,MC,23,5,37,1770,3.9280984150245786,4,2.7044622469693422,17,2022,Bournemouth,1,0,5,3.9280984150245786,7.433676986023784,2.7403341960161924,10741,Marcus Tavernier
