group_type,position,games,goals,shots,time,xG,assists,xA,key_passes,season,team,yellow,red,npg,npxG,xGChain,xGBuildup,player_id,player_name
season,Sub,10,0,10,480,0.3009077999740839,1,1.2444075224921107,12,2017,Deportivo La Coruna,0,0,0,0.3009077999740839,2.885142032057047,2.033997718244791,670,Carles Gil
season,AMR,23,1,17,1406,1.448320978321135,4,1.6815799809992313,23,2016,Deportivo La Coruna,7,0,1,1.448320978321135,5.628294033929706,3.3929896755144,670,Carles Gil
season,FWR,23,2,17,1454,0.7563516963273287,0,1.486159997060895,25,2015,Aston Villa,3,0,2,0.7563516963273287,3.3147316239774227,2.429522169753909,670,Carles Gil
season,Sub,5,0,3,361,0.0863689985126257,1,0.8867846876382828,6,2014,Aston Villa,1,0,0,0.0863689985126257,0.6940353959798813,0.6581714004278183,670,Carles Gil
season,Sub,8,1,3,261,0.5365468952804804,1,0.6169101893901825,8,2014,Valencia,0,0,1,0.5365468952804804,1.2408416718244553,0.3087049871683121,670,Carles Gil
