group_type,position,games,goals,shots,time,xG,assists,xA,key_passes,season,team,yellow,red,npg,npxG,xGChain,xGBuildup,player_id,player_name
season,GK,12,0,0,1080,0,0,0,0,2018,Bournemouth,2,0,0,0,1.5033307950943708,1.5033307950943708,455,Artur Boruc
season,GK,35,0,0,3150,0,0,0.022906100377440453,1,2016,Bournemouth,2,0,0,0,2.6897914987057447,2.666885493323207,455,Artur Boruc
season,GK,32,0,0,2880,0,0,0.09384150058031082,1,2015,Bournemouth,2,0,0,0,2.9451161976903677,2.9451161976903677,455,Artur Boruc
