group_type,position,games,goals,shots,time,xG,assists,xA,key_passes,season,team,yellow,red,npg,npxG,xGChain,xGBuildup,player_id,player_name
season,MC,18,2,24,1378,3.1091828029602766,1,0.28866475261747837,5,2025,Sunderland,5,0,1,2.3480139654129744,3.7280579078942537,1.527346232905984,9767,Habib Diarra
season,AMC,30,4,27,2366,3.5871366877108812,5,5.707039427012205,27,2024,Strasbourg,6,0,2,2.0669464487582445,12.043475123122334,6.721917923539877,9767,Habib Diarra
season,MC,31,3,39,2337,3.1546090682968497,1,1.586253142915666,21,2023,Strasbourg,3,0,2,2.394513927400112,7.443974677473307,4.463788837194443,9767,Habib Diarra
season,Sub,29,3,23,1621,1.479703415185213,2,2.6807681042701006,24,2022,Strasbourg,4,0,3,1.479703415185213,7.759283293038607,4.301295340061188,9767,Habib Diarra
season,Sub,4,0,0,99,0,0,0,0,2021,Strasbourg,1,0,0,0,0.16142699867486954,0.16142699867486954,9767,Habib Diarra
