group_type,position,games,goals,shots,time,xG,assists,xA,key_passes,season,team,yellow,red,npg,npxG,xGChain,xGBuildup,player_id,player_name
season,Sub,25,5,16,1634,1.5100909378379583,0,1.3253535963594913,23,2025,Hamburger SV,3,0,5,1.5100909378379583,6.150869995355606,4.2221843264997005,9689,Albert Sambi Lokonga
season,MC,22,0,13,1482,0.7697582906112075,2,1.4027855917811394,19,2024,Sevilla,4,0,0,0.7697582906112075,4.781468503177166,3.417637664824724,9689,Albert Sambi Lokonga
season,MC,17,1,8,1331,0.7531502321362495,3,1.4872490242123604,9,2023,Luton,4,0,1,0.7531502321362495,4.319001622498035,3.1800113022327423,9689,Albert Sambi Lokonga
season,Sub,9,0,2,538,0.13070455193519592,0,0.02838589996099472,1,2022,Crystal Palace,2,0,0,0.13070455193519592,0.38825035095214844,0.2575457990169525,9689,Albert Sambi Lokonga
season,Sub,6,0,0,194,0,0,0.017292600125074387,1,2022,Arsenal,0,0,0,0,0.35977899841964245,0.34248639456927776,9689,Albert Sambi Lokonga
season,DMC,19,0,20,1125,0.585317600518465,0,0.8354285042732954,18,2021,Arsenal,5,0,0,0.585317600518465,5.447862323373556,4.692085664719343,9689,Albert Sambi Lokonga
