group_type,position,games,goals,shots,time,xG,assists,xA,key_passes,season,team,yellow,red,npg,npxG,xGChain,xGBuildup,player_id,player_name
season,Sub,26,1,35,972,4.95254229940474,0,0.16925495117902756,3,2025,Chelsea,3,0,1,4.95254229940474,7.322529261931777,3.2848102413117886,8868,Liam Delap
season,FW,37,12,68,2671,11.930982023477554,2,2.784454360604286,20,2024,Ipswich,11,0,10,10.40864434838295,14.707014501094818,3.1533351335674524,8868,Liam Delap
season,Sub,1,0,0,7,0,0,0,0,2021,Manchester City,0,0,0,0,0,0,8868,Liam Delap
season,Sub,1,0,1,39,0.06408520042896271,0,0,0,2020,Manchester City,0,0,0,0.06408520042896271,0.06408520042896271,0,8868,Liam Delap
