group_type,position,games,goals,shots,time,xG,assists,xA,key_passes,season,team,yellow,red,npg,npxG,xGChain,xGBuildup,player_id,player_name
season,FWR,5,1,15,293,1.5859596133232117,0,0.11455470323562622,2,2021,Real Madrid,2,0,1,1.5859596133232117,1.7940689828246832,0.38006170839071274,2251,Gareth Bale
season,Sub,20,11,38,909,5.797856383025646,2,1.842241832986474,21,2020,Tottenham,1,0,11,5.797856383025646,8.149641066789627,2.594512384850532,2251,Gareth Bale
season,FWR,16,2,34,1099,4.050731986761093,2,1.5648091863840818,12,2019,Real Madrid,2,1,2,4.050731986761093,8.20388300716877,3.136307328939438,2251,Gareth Bale
season,FWR,29,8,76,1786,9.418211739510298,3,3.2508011255413294,18,2018,Real Madrid,4,0,7,8.674934718757868,12.782855277881026,3.287828271277249,2251,Gareth Bale
season,FW,26,16,76,1803,12.18246204406023,2,5.8870493564754725,41,2017,Real Madrid,5,0,15,11.43918902426958,19.837879944592714,6.233250800520182,2251,Gareth Bale
season,FWR,19,7,64,1428,7.642835974693298,2,2.7254347316920757,22,2016,Real Madrid,3,1,7,7.642835974693298,11.901039713993669,6.169072853401303,2251,Gareth Bale
season,AMC,23,19,81,1743,10.658586606383324,10,9.023390755057335,50,2015,Real Madrid,2,0,19,10.658586606383324,22.583051435649395,8.625538498163223,2251,Gareth Bale
season,FWR,31,13,103,2585,14.101813523098826,9,8.747156329452991,51,2014,Real Madrid,2,0,12,13.3585365395993,25.971953329630196,9.504097630269825,2251,Gareth Bale
