group_type,position,games,goals,shots,time,xG,assists,xA,key_passes,season,team,yellow,red,npg,npxG,xGChain,xGBuildup,player_id,player_name
season,DC,16,0,2,791,0.07241746783256531,0,0.4159756898880005,1,2025,Chelsea,2,0,0,0.07241746783256531,3.179009012877941,3.179009012877941,5590,Tosin Adarabioyo
season,Sub,22,1,13,1410,1.1859792517498136,1,0.3341391310095787,2,2024,Chelsea,4,0,1,1.1859792517498136,8.569632288068533,8.549678575247526,5590,Tosin Adarabioyo
season,Sub,20,2,14,1618,0.9477480566129088,0,0.13653935492038727,2,2023,Fulham,2,0,2,0.9477480566129088,5.4755807258188725,5.466204304248095,5590,Tosin Adarabioyo
season,DC,25,1,17,2081,0.5782807385548949,0,0.2267771176993847,6,2022,Fulham,4,0,1,0.5782807385548949,3.6261736676096916,3.482117474079132,5590,Tosin Adarabioyo
season,DC,33,0,18,2955,1.560731110163033,0,0.3087306385859847,5,2020,Fulham,1,0,0,1.560731110163033,5.666260660625994,5.607973066158593,5590,Tosin Adarabioyo
