group_type,position,games,goals,shots,time,xG,assists,xA,key_passes,season,team,yellow,red,npg,npxG,xGChain,xGBuildup,player_id,player_name
season,AMC,31,5,48,2391,6.957759741693735,3,5.384264823049307,60,2025,Liverpool,1,0,5,6.957759741693735,19.934254322201014,10.631832390092313,8397,Florian Wirtz
season,AMC,31,10,78,2365,10.05364241823554,12,8.316964589059353,56,2024,Bayer Leverkusen,3,0,8,7.0225357711315155,20.83097556233406,10.964113848283887,8397,Florian Wirtz
season,AMC,32,11,71,2393,9.3572720233351,11,8.88662638887763,72,2023,Bayer Leverkusen,3,0,10,8.59949536062777,28.521583795547485,15.226114071905613,8397,Florian Wirtz
season,Sub,17,1,7,1089,0.583570022135973,6,4.696660354733467,39,2022,Bayer Leverkusen,4,0,1,0.583570022135973,9.336530420929193,5.08792663551867,8397,Florian Wirtz
season,Sub,24,7,36,1877,5.793828301131725,10,8.622126787900925,57,2021,Bayer Leverkusen,2,0,7,5.793828301131725,19.19430000334978,7.774790368974209,8397,Florian Wirtz
season,MC,29,5,31,2233,4.467319151386619,6,4.641136834397912,48,2020,Bayer Leverkusen,1,0,5,4.467319151386619,14.26437513064593,6.706637638621032,8397,Florian Wirtz
season,AMR,7,1,4,359,0.31055450439453125,0,0.48502719961106777,3,2019,Bayer Leverkusen,0,0,1,0.31055450439453125,1.349668174982071,1.0060268715023994,8397,Florian Wirtz
