group_type,position,games,goals,shots,time,xG,assists,xA,key_passes,season,team,yellow,red,npg,npxG,xGChain,xGBuildup,player_id,player_name
season,Sub,30,4,26,1586,3.392247362062335,1,2.583603762090206,22,2024,Leicester,2,0,4,3.392247362062335,9.100224314257503,5.081808265298605,7484,Stephy Mavididi
season,AML,26,4,38,1278,3.694526368752122,2,1.2627431061118841,13,2022,Montpellier,1,1,4,3.694526368752122,5.245836412534118,1.1448908187448978,7484,Stephy Mavididi
season,Sub,30,8,59,2325,6.918491296470165,3,2.6372927939519286,23,2021,Montpellier,4,0,8,6.918491296470165,10.198736175894737,1.38850580714643,7484,Stephy Mavididi
season,Sub,35,9,30,2038,5.799915175884962,0,1.1897292118519545,15,2020,Montpellier,3,0,9,5.799915175884962,8.422987123951316,2.1165173491463065,7484,Stephy Mavididi
season,Sub,24,5,26,1400,3.300242815166712,1,0.8881710842251778,9,2019,Dijon,0,0,5,3.300242815166712,6.021723460406065,2.8104193564504385,7484,Stephy Mavididi
season,Sub,1,0,0,20,0,0,0,0,2018,Juventus,0,0,0,0,0.06536819785833359,0.06536819785833359,7484,Stephy Mavididi
