group_type,position,games,goals,shots,time,xG,assists,xA,key_passes,season,team,yellow,red,npg,npxG,xGChain,xGBuildup,player_id,player_name
season,DC,29,3,22,2338,2.7733305976726115,0,0.4895833916962147,4,2025,West Ham,2,0,3,2.7733305976726115,3.8063963055610657,3.4599084723740816,6722,Konstantinos Mavropanos
season,DC,33,0,18,2028,1.6612843237817287,0,0.6751785762608051,5,2024,West Ham,4,1,0,1.6612843237817287,4.6871272986754775,4.525988888926804,6722,Konstantinos Mavropanos
season,Sub,19,1,12,1490,0.8723389487713575,0,0.1037653312087059,2,2023,West Ham,2,0,1,0.8723389487713575,1.4041581582278013,1.1598989609628916,6722,Konstantinos Mavropanos
season,DC,28,2,49,2287,3.6490307804197073,1,1.351170682348311,16,2022,VfB Stuttgart,7,1,2,3.6490307804197073,8.236280523240566,6.167831616476178,6722,Konstantinos Mavropanos
season,DC,31,4,32,2714,3.1930612344294786,0,0.4735652953386307,10,2021,VfB Stuttgart,3,0,4,3.1930612344294786,9.195237257517874,7.8119925782084465,6722,Konstantinos Mavropanos
season,DC,21,0,16,1483,1.4463736219331622,0,0.2700486071407795,5,2020,VfB Stuttgart,5,0,0,1.4463736219331622,3.634773383848369,2.8417366594076157,6722,Konstantinos Mavropanos
season,Sub,4,0,2,149,0.09594719856977463,0,0.5670660138130188,1,2018,Arsenal,1,0,0,0.09594719856977463,0.32860811054706573,0.32860811054706573,6722,Konstantinos Mavropanos
season,DC,3,0,0,194,0,0,0,0,2017,Arsenal,0,1,0,0,0.9823350310325623,0.9823350310325623,6722,Konstantinos Mavropanos
