group_type,position,games,goals,shots,time,xG,assists,xA,key_passes,season,team,yellow,red,npg,npxG,xGChain,xGBuildup,player_id,player_name
season,AMR,30,5,48,2123,7.523567907512188,3,5.837364695966244,26,2025,Brentford,5,0,5,7.523567907512188,12.120225666090846,2.3989340225234628,9662,Dango Ouattara
season,AMR,32,7,62,2013,10.933680262416601,4,5.989504734054208,35,2024,Bournemouth,3,0,7,10.933680262416601,18.476627525873482,4.4393982803449035,9662,Dango Ouattara
season,AML,30,1,30,1200,2.8214692445471883,2,1.69136568531394,17,2023,Bournemouth,3,0,1,2.8214692445471883,5.184925131499767,3.1382908783853054,9662,Dango Ouattara
season,MC,18,6,51,1560,5.9984999392181635,5,3.976012546569109,23,2022,Lorient,1,1,6,5.9984999392181635,8.887538932263851,2.3188639022409916,9662,Dango Ouattara
season,MR,19,1,26,1254,3.2873998740687966,3,2.4152716528624296,18,2022,Bournemouth,1,0,1,3.2873998740687966,6.022867782972753,2.4851646795868874,9662,Dango Ouattara
season,Sub,25,1,23,781,1.7316420748829842,2,1.2514470797032118,8,2021,Lorient,4,0,1,1.7316420748829842,3.310088414698839,0.758513905107975,9662,Dango Ouattara
