group_type,position,games,goals,shots,time,xG,assists,xA,key_passes,season,team,yellow,red,npg,npxG,xGChain,xGBuildup,player_id,player_name
season,Sub,30,2,37,1620,3.4116753614507616,4,3.508262073621154,23,2017,Leganes,5,1,2,3.4116753614507616,8.691795971244574,2.123086029663682,575,Nordin Amrabat
season,FWR,3,0,1,202,0.023424599319696426,0,0.11115989834070206,3,2017,Watford,0,0,0,0.023424599319696426,0.23844999819993973,0.17907699942588806,575,Nordin Amrabat
season,DMR,29,0,29,2120,1.0545150060206652,3,2.7587036974728107,30,2016,Watford,4,0,0,1.0545150060206652,6.155861644074321,2.710517233237624,575,Nordin Amrabat
season,ML,13,0,26,1019,2.0689427200704813,1,2.5830827243626118,17,2015,Malaga,5,1,0,1.3256647232919931,4.524287968873978,1.082995107397437,575,Nordin Amrabat
season,Sub,12,0,7,494,0.7446609828621149,0,0.5844015013426542,5,2015,Watford,2,1,0,0.7446609828621149,2.060082023963332,0.9152984842658043,575,Nordin Amrabat
season,Sub,31,6,47,2037,7.050288911908865,4,4.17148865852505,34,2014,Malaga,7,0,3,4.077181529253721,11.494933294132352,3.5857747131958604,575,Nordin Amrabat
