group_type,position,games,goals,shots,time,xG,assists,xA,key_passes,season,team,yellow,red,npg,npxG,xGChain,xGBuildup,player_id,player_name
season,Sub,30,11,61,1636,12.504127995111048,1,0.5977376587688923,9,2025,Manchester United,2,0,11,12.504127995111048,14.22715387493372,1.6295164097100496,11974,Benjamin Sesko
season,FW,33,13,68,2436,10.84312501270324,5,2.5418332908302546,19,2024,RasenBallsport Leipzig,0,1,11,9.327571731992066,14.85635886900127,4.552526947110891,11974,Benjamin Sesko
season,Sub,31,14,47,1523,8.596239453181624,2,0.9170200936496258,12,2023,RasenBallsport Leipzig,0,0,14,8.596239453181624,11.759752489626408,4.802732428535819,11974,Benjamin Sesko
