group_type,position,games,goals,shots,time,xG,assists,xA,key_passes,season,team,yellow,red,npg,npxG,xGChain,xGBuildup,player_id,player_name
season,DC,17,0,5,1455,0.16159000247716904,0,0.23708199709653854,4,2017,West Ham,5,0,0,0.16159000247716904,1.9009395018219948,1.7904294803738594,529,Winston Reid
season,DC,30,2,11,2595,0.8129212111234665,2,0.9388464195653796,8,2016,West Ham,8,1,2,0.8129212111234665,3.4150177082046866,3.2767178118228912,529,Winston Reid
season,DC,24,1,17,2139,1.3956439103931189,1,0.3526056036353111,7,2015,West Ham,5,0,1,1.3956439103931189,2.7220241613686085,2.630920182913542,529,Winston Reid
season,DC,30,1,11,2497,1.2366657685488462,0,1.2207213276997209,8,2014,West Ham,10,0,1,1.2366657685488462,3.9561072415672243,3.856598937418312,529,Winston Reid
