group_type,position,games,goals,shots,time,xG,assists,xA,key_passes,season,team,yellow,red,npg,npxG,xGChain,xGBuildup,player_id,player_name
season,Sub,32,7,47,2391,5.52329240180552,4,6.502650566399097,64,2024,Tottenham,3,0,7,5.52329240180552,16.012717846781015,5.773293157108128,6691,Dejan Kulusevski
season,AMR,36,8,57,2787,5.835474932566285,3,8.615606566891074,65,2023,Tottenham,7,0,8,5.835474932566285,23.71713701635599,12.507268408313394,6691,Dejan Kulusevski
season,AMC,30,2,43,2120,2.6102962754666805,7,5.4827206544578075,47,2022,Tottenham,2,0,2,2.6102962754666805,9.842267464846373,4.0003888993524015,6691,Dejan Kulusevski
season,Sub,18,5,26,1276,3.023934356868267,8,4.146448384970427,25,2021,Tottenham,3,0,5,3.023934356868267,12.606076311320066,7.695997558534145,6691,Dejan Kulusevski
season,Sub,20,1,18,758,2.578633788973093,3,1.5339280180633068,10,2021,Juventus,1,0,1,2.578633788973093,5.610760862007737,1.741172606125474,6691,Dejan Kulusevski
season,FW,35,4,34,1917,3.334407329559326,3,6.333947457373142,52,2020,Juventus,7,0,4,3.334407329559326,16.382541242986917,8.5699807330966,6691,Dejan Kulusevski
season,FWR,36,10,62,2954,7.2670906987041235,8,8.434681857004762,77,2019,Parma Calcio 1913,3,0,9,6.505791684612632,20.104144990444183,7.623329751193523,6691,Dejan Kulusevski
season,Sub,3,0,2,104,0.08964290283620358,0,0,0,2018,Atalanta,0,0,0,0.08964290283620358,0.09317989647388458,0.01973309926688671,6691,Dejan Kulusevski
