group_type,position,games,goals,shots,time,xG,assists,xA,key_passes,season,team,yellow,red,npg,npxG,xGChain,xGBuildup,player_id,player_name
season,Sub,17,0,3,923,0.21505310852080584,1,0.365470789372921,2,2025,Manchester United,2,0,0,0.21505310852080584,4.165300289168954,3.7110456619411707,13080,Ayden Heaven
season,Sub,4,0,2,167,0.060109693557024,0,0.012095056474208832,1,2024,Manchester United,1,0,0,0.060109693557024,0.3067154213786125,0.2946203574538231,13080,Ayden Heaven
