group_type,position,games,goals,shots,time,xG,assists,xA,key_passes,season,team,yellow,red,npg,npxG,xGChain,xGBuildup,player_id,player_name
season,GK,36,0,0,3240,0,0,0.1493939720094204,3,2025,Arsenal,1,0,0,0,6.412498269230127,6.3215070478618145,9676,David Raya
season,GK,38,0,0,3420,0,0,0.09363602846860886,1,2024,Arsenal,3,0,0,0,6.110358167439699,6.01672213897109,9676,David Raya
season,GK,32,0,0,2880,0,0,0,0,2023,Arsenal,2,0,0,0,7.5175920985639095,7.5175920985639095,9676,David Raya
season,GK,38,0,1,3420,0.10391700267791748,0,0.15817540138959885,2,2022,Brentford,1,0,0,0.10391700267791748,2.429192343726754,2.2710169572383165,9676,David Raya
season,GK,24,0,0,2160,0,0,0.0409960001707077,1,2021,Brentford,1,0,0,0,4.120813246816397,4.120813246816397,9676,David Raya
