group_type,position,games,goals,shots,time,xG,assists,xA,key_passes,season,team,yellow,red,npg,npxG,xGChain,xGBuildup,player_id,player_name
season,Sub,4,0,1,122,0.022599829360842705,0,0,0,2024,Nottingham Forest,1,0,0,0.022599829360842705,0.042361821979284286,0.01976199261844158,10758,Harry Toffolo
season,Sub,23,1,8,1439,1.4097881969064474,3,1.481477415189147,18,2023,Nottingham Forest,3,0,1,1.4097881969064474,4.174264665693045,2.7104875817894936,10758,Harry Toffolo
season,DL,19,0,6,922,0.21827679499983788,0,0.4909842014312744,5,2022,Nottingham Forest,2,0,0,0.21827679499983788,2.4126636013388634,1.9461959954351187,10758,Harry Toffolo
