group_type,position,games,goals,shots,time,xG,assists,xA,key_passes,season,team,yellow,red,npg,npxG,xGChain,xGBuildup,player_id,player_name
season,Sub,14,1,8,1082,0.6000314559787512,0,0.9500103443861008,6,2023,Brentford,4,0,1,0.6000314559787512,4.571010607294738,3.7045516846701503,6030,Zanka
season,DC,18,0,5,1082,0.4019469805061817,0,0.23938238620758057,3,2022,Brentford,2,0,0,0.4019469805061817,2.812157953158021,2.583403604105115,6030,Zanka
season,Sub,8,1,2,514,0.14217300713062286,0,0.07679279893636703,2,2021,Brentford,2,0,1,0.14217300713062286,1.8502167314291,1.8271526284515858,6030,Zanka
season,Sub,9,0,0,489,0,1,0.07320579886436462,1,2019,Fortuna Duesseldorf,1,0,0,0,0.6684013046324253,0.6684013046324253,6030,Zanka
season,DC,24,3,8,2151,1.4841625727713108,1,0.3927206974476576,8,2018,Huddersfield,6,0,3,1.4841625727713108,2.3412664849311113,1.4670754009857774,6030,Zanka
season,DC,38,0,13,3420,2.267965890467167,2,0.8845456931740046,9,2017,Huddersfield,6,0,0,2.267965890467167,5.24671055842191,4.0332754431292415,6030,Zanka
