group_type,position,games,goals,shots,time,xG,assists,xA,key_passes,season,team,yellow,red,npg,npxG,xGChain,xGBuildup,player_id,player_name
season,DR,12,0,5,703,0.28292371705174446,1,1.557781394571066,8,2025,Arsenal,0,0,0,0.28292371705174446,4.4763969369232655,3.1786205284297466,7298,Ben White
season,DR,17,0,9,1192,0.43378073163330555,2,1.4500398263335228,10,2024,Arsenal,2,0,0,0.43378073163330555,4.346273209899664,3.8967273607850075,7298,Ben White
season,DC,37,4,13,3024,2.015913512557745,4,4.758832193911076,38,2023,Arsenal,8,0,4,2.015913512557745,20.14929211512208,17.290449742227793,7298,Ben White
season,DR,38,2,10,3094,0.9820632422342896,5,4.293553752824664,27,2022,Arsenal,5,0,2,0.9820632422342896,18.13298106752336,15.288546109572053,7298,Ben White
season,DC,32,0,12,2880,0.6877354960888624,0,1.1921783965080976,13,2021,Arsenal,3,0,0,0.6877354960888624,10.001042181625962,9.336444577202201,7298,Ben White
season,DC,36,0,10,3208,0.4792186003178358,0,0.9432324860244989,8,2020,Brighton,3,1,0,0.4792186003178358,8.348604042083025,7.907714944332838,7298,Ben White
