group_type,position,games,goals,shots,time,xG,assists,xA,key_passes,season,team,yellow,red,npg,npxG,xGChain,xGBuildup,player_id,player_name
season,Sub,3,0,1,119,0.13206900656223297,0,0,0,2019,Manchester United,1,0,0,0.13206900656223297,0.03241939935833216,0.03241939935833216,550,Marcos Rojo
season,DC,5,0,6,208,0.23537209257483482,0,0,0,2018,Manchester United,2,0,0,0.23537209257483482,0.7415014170110226,0.7083711177110672,550,Marcos Rojo
season,DC,9,0,5,649,0.07118900027126074,0,0.07292250171303749,2,2017,Manchester United,6,0,0,0.07118900027126074,2.267773585394025,2.214658686891198,550,Marcos Rojo
season,Sub,21,1,14,1658,1.0273041892796755,0,0.2739330008625984,5,2016,Manchester United,5,0,1,1.0273041892796755,4.780627865344286,4.35580032505095,550,Marcos Rojo
season,DL,16,0,8,1264,0.29596889950335026,1,0.804326593875885,10,2015,Manchester United,3,0,0,0.29596889950335026,1.8204301074147224,1.1858392897993326,550,Marcos Rojo
season,DL,22,0,16,1767,1.5299106854945421,0,0.33836599718779325,10,2014,Manchester United,6,0,0,1.5299106854945421,5.804772457107902,5.482042836025357,550,Marcos Rojo
