group_type,position,games,goals,shots,time,xG,assists,xA,key_passes,season,team,yellow,red,npg,npxG,xGChain,xGBuildup,player_id,player_name
season,Sub,9,0,3,207,0.2249453254044056,0,0.07512999325990677,1,2025,Real Oviedo,1,0,0,0.2249453254044056,1.2129120826721191,1.0246025137603283,1762,Ovie Ejaria
season,Sub,2,0,0,3,0,0,0,0,2016,Liverpool,0,0,0,0,0.11338599771261215,0.11338599771261215,1762,Ovie Ejaria
