group_type,position,games,goals,shots,time,xG,assists,xA,key_passes,season,team,yellow,red,npg,npxG,xGChain,xGBuildup,player_id,player_name
season,Sub,12,0,6,647,0.135678899474442,0,0.04159500077366829,2,2016,Sunderland,4,0,0,0.135678899474442,0.5205936934798956,0.4546896982938051,921,Darron Gibson
season,Sub,7,0,2,236,0.038846300914883614,1,0.5095470063388348,4,2015,Everton,3,0,0,0.038846300914883614,2.534251995384693,2.0148770064115524,921,Darron Gibson
season,Sub,9,0,10,406,0.2926197061315179,0,0.01934259943664074,2,2014,Everton,0,0,0,0.2926197061315179,1.506383428350091,1.223554015159607,921,Darron Gibson
