group_type,position,games,goals,shots,time,xG,assists,xA,key_passes,season,team,yellow,red,npg,npxG,xGChain,xGBuildup,player_id,player_name
season,Sub,20,1,24,975,2.840805448591709,4,2.4374761302024126,22,2018,Fulham,1,0,1,2.840805448591709,8.292676419019699,3.3229371747002006,2274,Luciano Vietto
season,Sub,14,2,5,521,0.8250017277896404,1,1.510398082435131,14,2017,Valencia,1,0,2,0.8250017277896404,3.1745661813765764,1.490446824580431,2274,Luciano Vietto
season,Sub,6,0,8,269,0.9027350321412086,0,0.08925460278987885,1,2017,Atletico Madrid,1,0,0,0.9027350321412086,0.9255971312522888,0.1610925942659378,2274,Luciano Vietto
season,FW,21,6,31,1314,5.301368962973356,3,3.066625103354454,16,2016,Sevilla,3,0,6,5.301368962973356,8.6537627838552,2.2136583449319005,2274,Luciano Vietto
season,Sub,19,1,25,984,3.316086046397686,3,2.7444466818124056,14,2015,Atletico Madrid,3,0,1,3.316086046397686,7.4205829333513975,2.49832459166646,2274,Luciano Vietto
season,Sub,32,12,78,1886,11.41036032512784,2,2.5598079338669777,23,2014,Villarreal,5,0,12,11.41036032512784,16.552209574729204,4.9732045331038535,2274,Luciano Vietto
