group_type,position,games,goals,shots,time,xG,assists,xA,key_passes,season,team,yellow,red,npg,npxG,xGChain,xGBuildup,player_id,player_name
season,Sub,7,0,1,136,0.026873700320720673,0,0.11884989775717258,3,2017,Southampton,0,0,0,0.026873700320720673,0.2600275930017233,0.1304400023072958,1733,Sam McQueen
season,Sub,13,0,1,599,0.028180599212646484,0,0.5292291939258575,2,2016,Southampton,0,0,0,0.028180599212646484,1.4076791629195213,1.344045965000987,1733,Sam McQueen
