group_type,position,games,goals,shots,time,xG,assists,xA,key_passes,season,team,yellow,red,npg,npxG,xGChain,xGBuildup,player_id,player_name
season,DC,33,0,10,2862,0.4516084846109152,0,0.7021042061969638,6,2025,Burnley,1,0,0,0.4516084846109152,4.438025475479662,4.28961091581732,9487,Maxime Estève
season,Sub,16,0,7,1314,0.24058250151574612,0,0.012573497369885445,1,2023,Burnley,6,0,0,0.24058250151574612,1.9057064168155193,1.8650701008737087,9487,Maxime Estève
season,DL,12,1,6,1002,0.43329769652336836,1,0.24631388671696186,5,2023,Montpellier,1,1,1,0.43329769652336836,1.1448569484055042,1.071659415960312,9487,Maxime Estève
season,Sub,23,0,6,1633,0.4239177107810974,0,0.021730000153183937,1,2022,Montpellier,3,0,0,0.4239177107810974,2.2397131947800517,2.2179832039400935,9487,Maxime Estève
season,DC,24,0,5,1847,0.7381463795900345,0,0.13463449850678444,2,2021,Montpellier,2,0,0,0.7381463795900345,1.585178802255541,1.585178802255541,9487,Maxime Estève
