group_type,position,games,goals,shots,time,xG,assists,xA,key_passes,season,team,yellow,red,npg,npxG,xGChain,xGBuildup,player_id,player_name
season,Sub,29,2,23,1130,4.040976621210575,0,0.20757589861750603,6,2021,Elche,3,0,2,4.040976621210575,5.712863443419337,2.531191147863865,3424,Guido Carrillo
season,Sub,21,3,26,1002,2.393233323469758,2,0.9633863810449839,8,2020,Elche,3,0,3,2.393233323469758,4.076356938108802,1.134472206234932,3424,Guido Carrillo
season,Sub,24,1,37,1194,5.494177306070924,2,0.7227023942396045,11,2019,Leganes,2,0,1,5.494177306070924,5.9956397973001,1.1373589737340808,3424,Guido Carrillo
season,FW,32,6,59,1996,9.661929987370968,1,1.4199220789596438,21,2018,Leganes,5,0,5,7.432096250355244,10.047056887298822,4.327311798930168,3424,Guido Carrillo
season,FW,7,0,11,453,0.5400164984166622,1,0.30968959257006645,4,2017,Southampton,0,0,0,0.5400164984166622,0.9140233919024467,0.17018970102071762,3424,Guido Carrillo
season,Sub,15,4,13,410,2.712175514549017,0,0.08395940065383911,3,2017,Monaco,0,0,4,2.712175514549017,2.014433838427067,0.7770791966468096,3424,Guido Carrillo
season,FW,19,7,20,564,5.832660852000117,1,1.2305088806897402,5,2016,Monaco,0,0,7,5.832660852000117,6.84960119985044,1.0569247007369995,3424,Guido Carrillo
season,Sub,31,4,44,1586,7.458193946629763,2,2.125081691890955,10,2015,Monaco,3,0,4,7.458193946629763,10.230297710746527,4.21900162473321,3424,Guido Carrillo
