group_type,position,games,goals,shots,time,xG,assists,xA,key_passes,season,team,yellow,red,npg,npxG,xGChain,xGBuildup,player_id,player_name
season,Sub,3,0,2,146,0.10193900018930435,0,0.012579300440847874,1,2015,Southampton,0,0,0,0.10193900018930435,0.18750299513339996,0.17492400109767914,953,Steven Caulker
season,Sub,3,0,1,3,0.09007459878921509,0,0,0,2015,Liverpool,0,0,0,0.09007459878921509,0.09007459878921509,0,953,Steven Caulker
season,DC,35,1,28,3019,2.944729307666421,0,1.179923115298152,17,2014,Queens Park Rangers,1,0,1,2.944729307666421,3.971539515070617,2.8036462077870965,953,Steven Caulker
