group_type,position,games,goals,shots,time,xG,assists,xA,key_passes,season,team,yellow,red,npg,npxG,xGChain,xGBuildup,player_id,player_name
season,DML,24,3,21,1362,2.1172780096530914,3,2.7819646410644054,25,2025,Manchester United,5,0,3,2.1172780096530914,5.93303251452744,1.712141117081046,11944,Patrick Dorgu
season,AML,21,3,36,1843,3.1648835986852646,1,1.512625027447939,19,2024,Lecce,2,1,3,3.1648835986852646,8.149002324789762,4.312539998441935,11944,Patrick Dorgu
season,DML,12,0,10,843,0.39472571574151516,0,0.9689584393054247,11,2024,Manchester United,3,1,0,0.39472571574151516,2.9226090274751186,1.9455055128782988,11944,Patrick Dorgu
season,DL,32,2,19,1553,2.840239219367504,0,2.0495039699599147,18,2023,Lecce,6,0,2,2.840239219367504,6.467214574106038,3.3943686094135046,11944,Patrick Dorgu
