group_type,position,games,goals,shots,time,xG,assists,xA,key_passes,season,team,yellow,red,npg,npxG,xGChain,xGBuildup,player_id,player_name
season,Sub,3,1,1,65,0.017747599631547928,0,0.022814100608229637,1,2021,Newcastle United,0,0,1,0.017747599631547928,0.16085720248520374,0.12029549852013588,1746,Jeff Hendrick
season,ML,22,2,10,1436,1.1079940740019083,1,1.4332293150946498,6,2020,Newcastle United,1,1,2,1.1079940740019083,3.6056358302012086,1.386697107926011,1746,Jeff Hendrick
season,Sub,24,2,22,1944,2.1020823437720537,2,1.3787490194663405,14,2019,Burnley,8,0,2,2.1020823437720537,4.952224725857377,2.434791326522827,1746,Jeff Hendrick
season,AMC,32,3,19,2089,1.7896248092874885,0,1.0732655078172684,12,2018,Burnley,4,0,3,1.7896248092874885,3.252228739671409,1.3670600866898894,1746,Jeff Hendrick
season,MC,34,2,26,2363,2.092277371324599,2,2.6957106050103903,26,2017,Burnley,1,0,2,2.092277371324599,6.184879589825869,2.0667460821568966,1746,Jeff Hendrick
season,MC,32,2,31,2698,1.3130618361756206,1,0.653957792557776,13,2016,Burnley,6,1,2,1.3130618361756206,2.7778089232742786,1.8422746006399393,1746,Jeff Hendrick
