group_type,position,games,goals,shots,time,xG,assists,xA,key_passes,season,team,yellow,red,npg,npxG,xGChain,xGBuildup,player_id,player_name
season,GK,26,0,0,2340,0,1,0.0675887018442154,1,2021,Watford,0,0,0,0,2.202353198081255,2.1347644962370396,803,Ben Foster
season,GK,38,0,1,3420,0.34580400586128235,0,0.036706600338220596,1,2019,Watford,1,0,0,0.34580400586128235,1.5804535951465368,1.5437475945800543,803,Ben Foster
season,GK,38,0,1,3420,0.016696499660611153,0,0.21406889986246824,5,2018,Watford,1,0,0,0.016696499660611153,2.5209076162427664,2.3592222183942795,803,Ben Foster
season,GK,37,0,0,3330,0,0,0.045564400032162666,2,2017,West Bromwich Albion,2,0,0,0,0.7630011960864067,0.7630011960864067,803,Ben Foster
season,GK,38,0,1,3420,0.03219220042228699,0,0.09182709828019142,2,2016,West Bromwich Albion,2,0,0,0.03219220042228699,0.6677510011941195,0.6677510011941195,803,Ben Foster
season,GK,15,0,0,1350,0,0,0,0,2015,West Bromwich Albion,1,0,0,0,0.20529609732329845,0.20529609732329845,803,Ben Foster
season,GK,28,0,0,2488,0,0,0,0,2014,West Bromwich Albion,2,0,0,0,1.097893993370235,1.097893993370235,803,Ben Foster
