group_type,position,games,goals,shots,time,xG,assists,xA,key_passes,season,team,yellow,red,npg,npxG,xGChain,xGBuildup,player_id,player_name
season,Sub,7,0,2,394,0.13591536600142717,1,0.42769163846969604,1,2025,Crystal Palace,2,0,0,0.13591536600142717,0.7873845249414444,0.7873845249414444,11167,Chadi Riad
season,DC,1,0,0,90,0,0,0,0,2024,Crystal Palace,0,0,0,0,0.3966957628726959,0.3966957628726959,11167,Chadi Riad
season,DC,26,0,11,2160,0.6348644411191344,0,0.1388264000415802,2,2023,Real Betis,1,0,0,0.6348644411191344,3.816927118226886,3.80872711353004,11167,Chadi Riad
season,Sub,1,0,0,1,0,0,0,0,2022,Barcelona,0,0,0,0,0,0,11167,Chadi Riad
