group_type,position,games,goals,shots,time,xG,assists,xA,key_passes,season,team,yellow,red,npg,npxG,xGChain,xGBuildup,player_id,player_name
season,DC,27,1,10,2104,0.9214910920709372,2,0.36288652662187815,6,2025,Newcastle United,9,1,1,0.9214910920709372,5.070664972066879,4.8191908076405525,7382,Dan Burn
season,DC,37,1,21,3330,2.5743769044056535,1,1.1636743620038033,9,2024,Newcastle United,11,0,1,2.5743769044056535,10.685649447143078,10.075688883662224,7382,Dan Burn
season,DL,33,2,23,2763,4.111052492633462,2,1.8968225196003914,9,2023,Newcastle United,4,0,2,4.111052492633462,15.2240951359272,13.172115057706833,7382,Dan Burn
season,DC,38,1,21,3130,2.2566577959805727,0,2.0211693542078137,16,2022,Newcastle United,5,0,1,2.2566577959805727,11.169189976528287,10.764644430950284,7382,Dan Burn
season,DC,16,0,11,1440,0.6534763853996992,1,0.7577458033338189,4,2021,Newcastle United,4,0,0,0.6534763853996992,0.9607160948216915,0.936926294118166,7382,Dan Burn
season,Sub,13,1,7,1025,0.9580586096271873,0,0.6954154968261719,2,2021,Brighton,4,0,1,0.9580586096271873,2.0091578904539347,2.0091578904539347,7382,Dan Burn
season,Sub,27,1,17,2059,1.0781692042946815,0,0.977860301733017,10,2020,Brighton,5,0,1,1.0781692042946815,4.978818798437715,4.176192915067077,7382,Dan Burn
season,DC,34,0,13,2879,1.9053620267659426,0,1.6736764125525951,20,2019,Brighton,5,0,0,1.9053620267659426,7.785164429806173,6.5150112779811025,7382,Dan Burn
