group_type,position,games,goals,shots,time,xG,assists,xA,key_passes,season,team,yellow,red,npg,npxG,xGChain,xGBuildup,player_id,player_name
season,Sub,19,2,13,522,1.4960819277912378,0,0.24344989843666553,5,2020,West Bromwich Albion,2,0,2,1.4960819277912378,2.264204764738679,0.6344088893383741,1738,Hal Robson-Kanu
season,Sub,21,2,19,811,1.8981310855597258,0,0.40645300038158894,8,2017,West Bromwich Albion,2,1,2,1.8981310855597258,2.8549666181206703,0.8897690027952194,1738,Hal Robson-Kanu
season,Sub,29,3,16,654,1.9389457143843174,2,0.8019475154578686,9,2016,West Bromwich Albion,3,0,3,1.9389457143843174,2.593429312109947,0.5108151370659471,1738,Hal Robson-Kanu
