group_type,position,games,goals,shots,time,xG,assists,xA,key_passes,season,team,yellow,red,npg,npxG,xGChain,xGBuildup,player_id,player_name
season,MC,14,1,22,874,0.9397605489939451,3,3.3334865644574165,25,2023,Lorient,1,0,1,0.9397605489939451,4.069092675112188,1.7506064726039767,7278,Imran Louza
season,MC,20,0,17,1443,1.1728496914729476,0,0.8327764142304659,15,2021,Watford,6,0,0,1.1728496914729476,3.5507579129189253,2.6552259493619204,7278,Imran Louza
season,MC,33,7,36,2409,5.838704468682408,2,1.7641830686479807,25,2020,Nantes,4,1,2,2.038294702768326,5.762297971174121,4.251423113979399,7278,Imran Louza
season,AMR,24,2,35,2014,1.6454550977796316,2,3.6348668560385704,35,2019,Nantes,4,0,2,1.6454550977796316,9.316068096086383,5.228442952036858,7278,Imran Louza
season,MC,1,0,1,90,0.01565130054950714,0,0,0,2018,Nantes,1,0,0,0.01565130054950714,0.5835239887237549,0.5678719878196716,7278,Imran Louza
