group_type,position,games,goals,shots,time,xG,assists,xA,key_passes,season,team,yellow,red,npg,npxG,xGChain,xGBuildup,player_id,player_name
season,Sub,12,0,4,716,0.14179699681699276,0,0.23828889802098274,5,2020,Bordeaux,3,0,0,0.14179699681699276,3.5597177669405937,3.4427421540021896,3312,Jean Michael Seri
season,MC,32,1,19,2274,0.8207028480246663,2,4.03610098734498,57,2018,Fulham,6,0,1,0.8207028480246663,9.21380839496851,8.05551421828568,3312,Jean Michael Seri
season,DMC,31,2,35,2632,1.864581392146647,6,4.361823766492307,66,2017,Nice,5,0,2,1.864581392146647,13.592483457177877,11.01116319745779,3312,Jean Michael Seri
season,MC,34,7,32,2997,3.5937407789751887,9,7.480713929049671,73,2016,Nice,4,0,5,2.073547021485865,16.166187735274434,12.329698532819748,3312,Jean Michael Seri
season,MC,38,3,49,3116,3.3903277879580855,6,4.962382446043193,51,2015,Nice,2,0,3,3.3903277879580855,15.323143132030964,11.134431896731257,3312,Jean Michael Seri
