group_type,position,games,goals,shots,time,xG,assists,xA,key_passes,season,team,yellow,red,npg,npxG,xGChain,xGBuildup,player_id,player_name
season,Sub,1,0,0,11,0,0,0,0,2025,Wolverhampton Wanderers,0,0,0,0,0,0,8812,Sasa Kalajdzic
season,FW,5,0,2,331,0.16736915707588196,1,0.7296219691634178,3,2023,Eintracht Frankfurt,0,0,0,0.16736915707588196,1.3101872503757477,0.5645456090569496,8812,Sasa Kalajdzic
season,Sub,11,2,4,132,1.3522434905171394,0,1.0801250115036964,4,2023,Wolverhampton Wanderers,0,0,2,1.3522434905171394,2.5644532591104507,0.15924052149057388,8812,Sasa Kalajdzic
season,FW,3,0,5,241,0.4039623886346817,3,0.681012399494648,6,2022,VfB Stuttgart,1,0,0,0.4039623886346817,1.094398096203804,0.2441340982913971,8812,Sasa Kalajdzic
season,FW,1,0,1,48,0.5194780230522156,0,0,0,2022,Wolverhampton Wanderers,0,0,0,0.5194780230522156,0,0,8812,Sasa Kalajdzic
season,Sub,15,6,38,1218,7.140694715082645,1,2.7993601858615875,21,2021,VfB Stuttgart,2,0,5,5.625141762197018,8.273087918758392,2.3186736777424812,8812,Sasa Kalajdzic
season,Sub,33,16,66,2146,11.238244386389852,5,3.236812736839056,26,2020,VfB Stuttgart,1,0,16,11.238244386389852,15.1655996683985,3.606147755868733,8812,Sasa Kalajdzic
