group_type,position,games,goals,shots,time,xG,assists,xA,key_passes,season,team,yellow,red,npg,npxG,xGChain,xGBuildup,player_id,player_name
season,Sub,5,0,3,92,0.5812286101281643,0,0.29305098950862885,3,2016,Hoffenheim,1,0,0,0.5812286101281643,0.9002591855823994,0.22667119279503822,85,Eduardo Vargas
season,Sub,24,2,31,1503,2.38897299207747,3,2.743705280125141,29,2015,Hoffenheim,1,0,2,2.38897299207747,6.59322296641767,2.5510700987651944,85,Eduardo Vargas
season,Sub,21,3,41,1389,3.477742818184197,2,1.8190635778009892,15,2014,Queens Park Rangers,1,0,3,3.477742818184197,6.1312263906002045,2.8785364371724427,85,Eduardo Vargas
