group_type,position,games,goals,shots,time,xG,assists,xA,key_passes,season,team,yellow,red,npg,npxG,xGChain,xGBuildup,player_id,player_name
season,DC,2,0,0,153,0,0,0,0,2017,Watford,0,0,0,0,0.1497541032731533,0.1497541032731533,736,Younes Kaboul
season,DC,22,2,12,1829,1.4167460016906261,0,0.06752640102058649,2,2016,Watford,2,0,2,1.4167460016906261,0.7382604070007801,0.6260390039533377,736,Younes Kaboul
season,DC,1,0,0,90,0,0,0,0,2016,Sunderland,0,0,0,0,0.02384220063686371,0.02384220063686371,736,Younes Kaboul
season,DC,23,0,12,2014,0.777892111800611,1,0.8246368728578091,6,2015,Sunderland,3,1,0,0.777892111800611,2.9098432417958975,2.7035042252391577,736,Younes Kaboul
season,DC,11,0,5,990,0.909060325473547,0,0.3147166967391968,4,2014,Tottenham,2,0,0,0.909060325473547,2.502238906919956,2.4191391095519066,736,Younes Kaboul
