group_type,position,games,goals,shots,time,xG,assists,xA,key_passes,season,team,yellow,red,npg,npxG,xGChain,xGBuildup,player_id,player_name
season,FW,10,6,28,863,5.304264891892672,3,2.1735341865569353,16,2017,CSKA Moscow,0,0,6,5.304264891892672,7.89465294778347,2.5280001210048795,1681,Ahmed Musa
season,FW,21,2,17,733,1.4059602422639728,0,1.214856117963791,7,2016,Leicester,1,0,2,1.4059602422639728,3.7689506001770496,1.5175206065177917,1681,Ahmed Musa
season,FW,30,13,77,2691,13.945870727300644,5,5.760069640353322,40,2015,CSKA Moscow,2,0,13,13.945870727300644,22.49264144897461,7.887218812480569,1681,Ahmed Musa
season,FW,30,10,60,2443,9.764397943392396,7,4.78837626427412,30,2014,CSKA Moscow,0,0,10,9.764397943392396,16.518309395760298,3.0697181215509772,1681,Ahmed Musa
