group_type,position,games,goals,shots,time,xG,assists,xA,key_passes,season,team,yellow,red,npg,npxG,xGChain,xGBuildup,player_id,player_name
season,GK,31,0,0,2790,0,0,0,0,2021,Napoli,1,0,0,0,3.2416265718638897,3.2416265718638897,505,David Ospina
season,GK,16,0,0,1440,0,1,0.07061940059065819,2,2020,Napoli,2,0,0,0,4.088958190754056,4.018342124298215,505,David Ospina
season,GK,17,0,0,1469,0,0,0,0,2019,Napoli,0,0,0,0,2.683096542954445,2.683096542954445,505,David Ospina
season,GK,17,0,0,1457,0,0,0,0,2018,Napoli,0,0,0,0,3.1179031543433666,3.1179031543433666,505,David Ospina
season,Sub,5,0,0,378,0,0,0,0,2017,Arsenal,0,0,0,0,1.5613323859870434,1.5613323859870434,505,David Ospina
season,GK,2,0,0,143,0,0,0,0,2016,Arsenal,0,0,0,0,0.02810630016028881,0.02810630016028881,505,David Ospina
season,GK,4,0,0,360,0,0,0,0,2015,Arsenal,0,0,0,0,0.03578979894518852,0.03578979894518852,505,David Ospina
season,GK,18,0,0,1620,0,0,0.04679640009999275,2,2014,Arsenal,0,0,0,0,2.0648585204035044,2.018061827868223,505,David Ospina
