group_type,position,games,goals,shots,time,xG,assists,xA,key_passes,season,team,yellow,red,npg,npxG,xGChain,xGBuildup,player_id,player_name
season,Sub,22,2,16,970,1.3776587545871735,2,2.7682253569364548,25,2025,Leeds,2,0,2,1.3776587545871735,3.357085235416889,1.7294726222753525,7078,Sean Longstaff
season,MC,25,0,6,758,0.4065457545220852,0,0.20866851694881916,4,2024,Newcastle United,2,0,0,0.4065457545220852,2.1645284295082092,1.791835017502308,7078,Sean Longstaff
season,Sub,35,6,41,2748,7.077314300462604,2,3.0185976549983025,20,2023,Newcastle United,7,0,6,7.077314300462604,17.2361901816912,9.9536661230959,7078,Sean Longstaff
season,Sub,33,1,33,2509,4.526227671653032,4,3.4510617526248097,23,2022,Newcastle United,2,0,1,4.526227671653032,12.269893657416105,6.193108232691884,7078,Sean Longstaff
season,Sub,24,1,15,1459,0.7775498926639557,1,0.4642082992941141,7,2021,Newcastle United,1,0,1,0.7775498926639557,3.9193727876991034,2.9817814864218235,7078,Sean Longstaff
season,Sub,22,0,15,1391,0.8264291062951088,1,0.9400976179167628,13,2020,Newcastle United,2,0,0,0.8264291062951088,3.0005825888365507,1.7070663180202246,7078,Sean Longstaff
season,MC,23,1,25,1354,1.1776159955188632,1,0.9336595013737679,15,2019,Newcastle United,2,1,1,1.1776159955188632,2.805942179635167,2.136907409876585,7078,Sean Longstaff
season,Sub,9,1,8,694,0.753583425655961,0,0.5980704165995121,5,2018,Newcastle United,2,0,1,0.753583425655961,2.932642356492579,2.1394783705472946,7078,Sean Longstaff
