group_type,position,games,goals,shots,time,xG,assists,xA,key_passes,season,team,yellow,red,npg,npxG,xGChain,xGBuildup,player_id,player_name
season,Sub,14,0,7,728,0.7338949963450432,1,0.20478229597210884,3,2018,Manchester United,1,0,0,0.7338949963450432,1.9953790679574013,1.2806162796914577,630,Marouane Fellaini
season,Sub,16,4,10,601,2.731988660991192,0,0.16125589795410633,5,2017,Manchester United,1,0,4,2.731988660991192,3.95924006216228,2.3747177785262465,630,Marouane Fellaini
season,DMC,28,1,23,1591,2.173114680685103,0,0.6634103013202548,18,2016,Manchester United,9,1,1,2.173114680685103,6.072387358173728,4.51458203047514,630,Marouane Fellaini
season,DMC,18,1,23,1069,4.1750429049134254,0,0.6421577008441091,11,2015,Manchester United,2,0,1,4.1750429049134254,5.463912703096867,2.704396478831768,630,Marouane Fellaini
season,Sub,27,6,36,1824,5.314917378127575,0,1.151918701827526,21,2014,Manchester United,5,1,6,5.314917378127575,9.252810306847095,4.70386603847146,630,Marouane Fellaini
