group_type,position,games,goals,shots,time,xG,assists,xA,key_passes,season,team,yellow,red,npg,npxG,xGChain,xGBuildup,player_id,player_name
season,Sub,8,0,3,220,0.3648428972810507,0,0.01938600093126297,1,2015,Newcastle United,0,0,0,0.3648428972810507,1.2028889767825603,0.8644790090620518,916,Yoan Gouffran
season,ML,31,2,24,1991,1.5459727151319385,1,1.5892759254202247,19,2014,Newcastle United,3,0,2,1.5459727151319385,4.416468531824648,2.5501322876662016,916,Yoan Gouffran
