group_type,position,games,goals,shots,time,xG,assists,xA,key_passes,season,team,yellow,red,npg,npxG,xGChain,xGBuildup,player_id,player_name
season,Sub,23,1,15,686,1.767653119750321,0,0.02592407539486885,1,2024,Leicester,0,0,1,1.767653119750321,1.9579588426277041,0.16438164934515953,9738,Patson Daka
season,Sub,30,4,30,1164,4.064196912571788,4,2.733729289844632,17,2022,Leicester,2,0,4,4.064196912571788,8.224425293505192,1.5247648544609547,9738,Patson Daka
season,Sub,23,5,26,1164,5.1097992323338985,3,1.8195277228951454,13,2021,Leicester,2,0,5,5.1097992323338985,7.503917820751667,2.1623850176110864,9738,Patson Daka
