group_type,position,games,goals,shots,time,xG,assists,xA,key_passes,season,team,yellow,red,npg,npxG,xGChain,xGBuildup,player_id,player_name
season,Sub,2,0,0,7,0,0,0.06417039781808853,1,2021,Bordeaux,0,0,0,0,0.06417039781808853,0,5587,Josh Maja
season,FW,17,2,19,814,2.4465228989720345,0,0.3399665094912052,8,2020,Bordeaux,2,0,2,2.4465228989720345,2.555790700018406,1.0005814917385578,5587,Josh Maja
season,Sub,15,3,21,809,4.91805799305439,0,0.7428307086229324,7,2020,Fulham,0,0,2,4.156888987869024,4.449021954089403,0.6455444116145372,5587,Josh Maja
season,Sub,21,6,18,703,3.4708221573382616,2,1.268711999990046,11,2019,Bordeaux,0,0,6,3.4708221573382616,5.036478275433183,0.7821619808673859,5587,Josh Maja
season,FW,7,1,5,197,0.7579840235412121,0,0.043571699410676956,1,2018,Bordeaux,1,0,1,0.7579840235412121,0.6645061038434505,0,5587,Josh Maja
