group_type,position,games,goals,shots,time,xG,assists,xA,key_passes,season,team,yellow,red,npg,npxG,xGChain,xGBuildup,player_id,player_name
season,Sub,9,0,4,703,0.07373149879276752,0,0.01301559992134571,1,2020,Leicester,4,0,0,0.07373149879276752,2.7238509003072977,2.6655489802360535,749,Christian Fuchs
season,DL,11,0,5,760,0.18322479911148548,0,0.1009339988231659,2,2019,Leicester,0,0,0,0.18322479911148548,4.192032672464848,4.115170694887638,749,Christian Fuchs
season,DL,3,0,2,204,0.06095679849386215,0,0.20425570011138916,6,2018,Leicester,0,0,0,0.06095679849386215,0.43718600273132324,0.24251199513673782,749,Christian Fuchs
season,DL,25,0,11,1917,0.5828047916293144,1,0.9761433023959398,19,2017,Leicester,1,0,0,0.5828047916293144,2.8725530821830034,2.24217957444489,749,Christian Fuchs
season,DL,36,2,21,3108,1.3513160282745957,4,3.4672655882313848,38,2016,Leicester,10,0,2,1.3513160282745957,6.171519406139851,4.742113219574094,749,Christian Fuchs
season,Sub,32,0,19,2706,0.8510159999132156,4,4.107187246903777,45,2015,Leicester,4,0,0,0.8510159999132156,6.1988860461860895,4.834318170323968,749,Christian Fuchs
season,Sub,25,2,16,1713,0.7913732938468456,4,3.924275778234005,33,2014,Schalke 04,3,0,2,0.7913732938468456,5.205229577142745,2.4134198022074997,749,Christian Fuchs
