group_type,position,games,goals,shots,time,xG,assists,xA,key_passes,season,team,yellow,red,npg,npxG,xGChain,xGBuildup,player_id,player_name
season,MR,20,10,49,1800,7.9325351398438215,3,2.4660277236253023,25,2025,Bournemouth,6,0,9,6.410197442397475,10.571022145450115,3.088812258094549,11363,Antoine Semenyo
season,MR,14,5,31,1211,4.133645348250866,1,1.5622071772813797,11,2025,Manchester City,1,0,5,4.133645348250866,9.212606206536293,4.170259324833751,11363,Antoine Semenyo
season,FW,37,11,126,3219,14.549346312880516,5,6.608794005587697,46,2024,Bournemouth,9,0,11,14.549346312880516,26.17976476252079,7.88416787609458,11363,Antoine Semenyo
season,Sub,33,8,70,2141,6.423830641433597,2,3.799709178507328,29,2023,Bournemouth,7,0,8,6.423830641433597,15.41077795997262,5.7127093356102705,11363,Antoine Semenyo
season,FW,11,1,3,237,0.3684318736195564,0,0.07599039375782013,2,2022,Bournemouth,0,0,1,0.3684318736195564,1.224020279943943,0.7795986160635948,11363,Antoine Semenyo
