group_type,position,games,goals,shots,time,xG,assists,xA,key_passes,season,team,yellow,red,npg,npxG,xGChain,xGBuildup,player_id,player_name
season,Sub,26,2,16,1241,1.2112666741013527,2,1.2206467390060425,20,2025,Newcastle United,3,1,2,1.2112666741013527,4.768493382260203,3.550092564895749,8941,Jacob Ramsey
season,Sub,29,1,19,1665,1.4540390092879534,3,2.891221077181399,21,2024,Aston Villa,2,1,1,1.4540390092879534,9.212930692359805,5.757394967600703,8941,Jacob Ramsey
season,Sub,16,1,19,824,2.316869243979454,1,0.9168627075850964,9,2023,Aston Villa,2,0,1,2.316869243979454,5.194736570119858,2.25878119841218,8941,Jacob Ramsey
season,MC,35,6,33,2675,5.228078290820122,7,5.728406075388193,42,2022,Aston Villa,5,0,6,5.228078290820122,14.287118025124073,6.712041646242142,8941,Jacob Ramsey
season,Sub,34,6,34,2493,3.8228819873183966,1,2.036960480734706,21,2021,Aston Villa,6,0,6,3.8228819873183966,11.246643111109734,6.333872018381953,8941,Jacob Ramsey
season,Sub,22,0,11,593,0.5745481103658676,0,0.21190819889307022,6,2020,Aston Villa,0,0,0,0.5745481103658676,2.2276439275592566,1.694883331656456,8941,Jacob Ramsey
