group_type,position,games,goals,shots,time,xG,assists,xA,key_passes,season,team,yellow,red,npg,npxG,xGChain,xGBuildup,player_id,player_name
season,DMC,34,3,28,2105,1.5506760124117136,1,5.04343187995255,29,2025,Brentford,3,0,3,1.5506760124117136,10.15543425641954,7.005861360579729,7166,Mathias Jensen
season,MC,24,0,6,819,0.26936821080744267,2,1.9875654987990856,16,2024,Brentford,2,0,0,0.26936821080744267,5.387348018586636,4.161761403083801,7166,Mathias Jensen
season,MC,32,3,14,2294,0.689183003269136,3,4.908007476478815,41,2023,Brentford,5,0,3,0.689183003269136,11.096407827921212,9.512499671429396,7166,Mathias Jensen
season,MC,37,5,23,2898,1.9304941780865192,6,3.59164313133806,48,2022,Brentford,5,0,5,1.9304941780865192,9.594746176153421,6.600326562300324,7166,Mathias Jensen
season,Sub,31,0,19,1598,2.7016564928926528,1,3.1610329784452915,35,2021,Brentford,0,0,0,2.7016564928926528,7.237036062870175,2.972486024722457,7166,Mathias Jensen
season,MR,6,0,4,240,0.1376498006284237,0,0.0914423018693924,1,2018,Celta Vigo,0,0,0,0.1376498006284237,0.7812978103756905,0.5986630097031593,7166,Mathias Jensen
