group_type,position,games,goals,shots,time,xG,assists,xA,key_passes,season,team,yellow,red,npg,npxG,xGChain,xGBuildup,player_id,player_name
season,Sub,32,12,64,1854,12.799865014851093,0,1.2237359210848808,10,2025,Atletico Madrid,4,1,12,12.799865014851093,14.776600527577102,2.849465993233025,6531,Alexander Sørloth
season,FW,35,20,79,1525,20.454832896590233,2,1.304560586810112,13,2024,Atletico Madrid,4,0,19,19.711555287241936,21.53670882433653,2.1480457819998264,6531,Alexander Sørloth
season,FW,34,23,78,2487,15.42916595377028,6,4.057515846565366,33,2023,Villarreal,3,0,23,15.42916595377028,20.514578377828002,3.4321656189858913,6531,Alexander Sørloth
season,FW,34,12,63,2411,15.474885508418083,3,4.683027924969792,31,2022,Real Sociedad,4,0,12,15.474885508418083,21.82136031612754,4.321957105770707,6531,Alexander Sørloth
season,Sub,1,0,0,2,0,0,0,0,2022,RasenBallsport Leipzig,1,0,0,0,0.01158090028911829,0.01158090028911829,6531,Alexander Sørloth
season,Sub,33,4,35,1762,6.835473652929068,0,3.6858631167560816,23,2021,Real Sociedad,2,0,4,6.835473652929068,11.437479361891747,3.0463774017989635,6531,Alexander Sørloth
season,Sub,29,5,48,1417,7.346802301704884,2,1.9975735060870647,27,2020,RasenBallsport Leipzig,2,0,5,6.589025378227234,9.90918456017971,3.161795577034354,6531,Alexander Sørloth
season,Sub,12,0,4,156,0.4589547924697399,0,0.6892502084374428,3,2018,Crystal Palace,0,0,0,0.4589547924697399,1.2195220068097115,0.1940675973892212,6531,Alexander Sørloth
season,AML,4,0,7,360,0.5928351003676653,0,0.39025698602199554,6,2017,Crystal Palace,0,0,0,0.5928351003676653,1.5127002391964197,0.765069380402565,6531,Alexander Sørloth
