group_type,position,games,goals,shots,time,xG,assists,xA,key_passes,season,team,yellow,red,npg,npxG,xGChain,xGBuildup,player_id,player_name
season,Sub,18,0,6,821,0.1378516973927617,0,0.10385100170969963,4,2022,Southampton,4,0,0,0.1378516973927617,1.5289212055504322,1.3642751909792423,6736,Ibrahima Diallo
season,Sub,23,0,8,1008,0.33658369816839695,2,1.0428851870819926,16,2021,Southampton,1,0,0,0.33658369816839695,3.8568216264247894,2.6416625948622823,6736,Ibrahima Diallo
season,Sub,22,0,7,999,0.608452707529068,0,0.6375490110367537,9,2020,Southampton,3,0,0,0.608452707529068,3.3023097794502974,2.5710399094969034,6736,Ibrahima Diallo
season,DMC,5,0,1,447,0.014788099564611912,0,0.4297985937446356,3,2020,Brest,1,0,0,0.014788099564611912,2.0871559977531433,1.6653870046138763,6736,Ibrahima Diallo
season,MC,19,0,5,1563,0.07816029991954565,1,0.684978699311614,10,2019,Brest,2,0,0,0.07816029991954565,2.8881296906620264,2.3440543822944164,6736,Ibrahima Diallo
