group_type,position,games,goals,shots,time,xG,assists,xA,key_passes,season,team,yellow,red,npg,npxG,xGChain,xGBuildup,player_id,player_name
season,Sub,22,2,30,1024,3.1150541231036186,1,0.48345470800995827,9,2021,Augsburg,2,0,2,3.1150541231036186,4.182142749428749,0.6812416845932603,9099,Andi Zeqiri
season,Sub,9,0,7,138,1.0259477235376835,0,0.11249300092458725,1,2020,Brighton,0,0,0,1.0259477235376835,0.8297761119902134,0.4852749928832054,9099,Andi Zeqiri
