group_type,position,games,goals,shots,time,xG,assists,xA,key_passes,season,team,yellow,red,npg,npxG,xGChain,xGBuildup,player_id,player_name
season,Sub,13,1,6,97,1.525990355759859,0,0,0,2023,Newcastle United,1,0,1,1.525990355759859,2.365898761898279,0.8581954278051853,461,Matt Ritchie
season,Sub,7,0,0,25,0,0,0.0817376971244812,1,2022,Newcastle United,0,0,0,0,0.12443900108337402,0.12443900108337402,461,Matt Ritchie
season,DL,18,0,10,1335,0.3662854041904211,2,1.964722783304751,29,2021,Newcastle United,5,0,0,0.3662854041904211,2.9606213998049498,2.4114663805812597,461,Matt Ritchie
season,DL,18,0,11,1360,0.33010069839656353,2,2.49234551936388,24,2020,Newcastle United,2,0,0,0.33010069839656353,5.130528144538403,4.383479591459036,461,Matt Ritchie
season,DML,18,2,26,1321,1.5107389856129885,1,2.3453653752803802,32,2019,Newcastle United,4,0,2,0.7495703659951687,2.739801784977317,1.418418824672699,461,Matt Ritchie
season,MR,36,2,41,2965,4.438610089942813,8,5.112595105543733,60,2018,Newcastle United,9,0,1,2.9162715887650847,10.178969887085259,4.69108683988452,461,Matt Ritchie
season,AMR,35,3,58,2822,3.193384911864996,5,6.588136021979153,53,2017,Newcastle United,6,0,3,3.193384911864996,10.309619572013617,5.674186337739229,461,Matt Ritchie
season,MR,37,4,77,2985,4.234732269309461,6,3.577278872951865,41,2015,Bournemouth,5,0,4,4.234732269309461,9.965598065406084,5.387163908220828,461,Matt Ritchie
