group_type,position,games,goals,shots,time,xG,assists,xA,key_passes,season,team,yellow,red,npg,npxG,xGChain,xGBuildup,player_id,player_name
season,Sub,9,0,5,198,0.42803034745156765,0,0.32168595865368843,8,2024,Monza,0,0,0,0.42803034745156765,0.8694537989795208,0.1912885531783104,12340,Omari Forson
season,Sub,4,0,1,62,0.04880104586482048,1,0.12782835587859154,2,2023,Manchester United,0,0,0,0.04880104586482048,0.06839122623205185,0.03421920910477638,12340,Omari Forson
