group_type,position,games,goals,shots,time,xG,assists,xA,key_passes,season,team,yellow,red,npg,npxG,xGChain,xGBuildup,player_id,player_name
season,DL,27,3,16,1830,2.04829409904778,1,2.2284331284463406,14,2025,Fulham,0,0,3,2.04829409904778,8.259379532188177,5.088316984474659,6837,Ryan Sessegnon
season,Sub,16,4,14,576,2.481840554624796,2,1.3141173049807549,12,2024,Fulham,1,0,4,2.481840554624796,5.2143232971429825,1.8583442494273186,6837,Ryan Sessegnon
season,DML,17,2,18,810,2.117515377700329,0,1.040791004896164,6,2022,Tottenham,4,0,2,2.117515377700329,4.331894390285015,2.0439960788935423,6837,Ryan Sessegnon
season,Sub,15,0,6,1065,0.3844358064234257,2,3.275636812672019,14,2021,Tottenham,2,0,0,0.3844358064234257,7.321053458377719,4.77503040805459,6837,Ryan Sessegnon
season,Sub,23,2,5,1567,0.7834270186722279,3,1.5961727667599916,16,2020,Hoffenheim,4,0,2,0.7834270186722279,4.771410923451185,2.77591679058969,6837,Ryan Sessegnon
season,Sub,6,0,1,341,0.09263189882040024,0,0.04794929921627045,2,2019,Tottenham,0,0,0,0.09263189882040024,0.5256646871566772,0.4015226885676384,6837,Ryan Sessegnon
season,FWL,35,2,28,2300,4.265976169146597,6,3.99325043335557,33,2018,Fulham,0,0,2,4.265976169146597,10.162044883705676,3.8730822009965777,6837,Ryan Sessegnon
