group_type,position,games,goals,shots,time,xG,assists,xA,key_passes,season,team,yellow,red,npg,npxG,xGChain,xGBuildup,player_id,player_name
season,Sub,2,0,0,34,0,0,0.09769169986248016,1,2018,Huddersfield,0,0,0,0,0.10857199970632792,0.10857199970632792,6035,Collin Quaner
season,Sub,26,0,16,1255,1.350244278088212,4,2.532941090874374,17,2017,Huddersfield,4,0,0,1.350244278088212,4.634313620626926,2.863914128392935,6035,Collin Quaner
