group_type,position,games,goals,shots,time,xG,assists,xA,key_passes,season,team,yellow,red,npg,npxG,xGChain,xGBuildup,player_id,player_name
season,Sub,12,0,7,560,0.8706764774397016,0,0.5404308997094631,5,2018,Huddersfield,1,0,0,0.8706764774397016,1.3227423802018166,0.27838950604200363,5740,Adama Diakhaby
season,FW,22,2,12,850,1.9421464763581753,3,0.9037377052009106,9,2017,Monaco,2,1,2,1.9421464763581753,3.0472437851130962,0.6156216058880091,5740,Adama Diakhaby
season,Sub,25,4,25,694,3.3306481959298253,0,0.9752343250438571,8,2016,Rennes,2,0,3,2.5706181647256017,4.294345490634441,1.0238877013325691,5740,Adama Diakhaby
