group_type,position,games,goals,shots,time,xG,assists,xA,key_passes,season,team,yellow,red,npg,npxG,xGChain,xGBuildup,player_id,player_name
season,DML,18,0,11,1468,0.6045070141553879,0,0.7216701917350292,10,2021,Wolverhampton Wanderers,3,0,0,0.6045070141553879,3.928286073729396,3.2729318952187896,5708,Fernando Marçal
season,DML,13,0,2,611,0.07455459795892239,0,0.13980720099061728,4,2020,Wolverhampton Wanderers,2,0,0,0.07455459795892239,2.079630693420768,1.9003007970750332,5708,Fernando Marçal
season,DC,1,0,0,80,0,0,0,0,2020,Lyon,0,0,0,0,0.07006529718637466,0.07006529718637466,5708,Fernando Marçal
season,DL,11,0,4,833,0.09091309923678637,1,1.3723503723740578,12,2019,Lyon,1,2,0,0.09091309923678637,2.9070436507463455,1.8446342796087265,5708,Fernando Marçal
season,DL,12,0,5,888,0.1562370015308261,0,0.14597199857234955,3,2018,Lyon,2,0,0,0.1562370015308261,4.139954395592213,4.065636105835438,5708,Fernando Marçal
season,DL,18,0,2,1300,0.04720440041273832,3,1.8222491778433323,17,2017,Lyon,1,0,0,0.04720440041273832,5.217945286072791,4.765347310341895,5708,Fernando Marçal
season,DL,31,0,14,2687,0.6777734635397792,7,6.807747205719352,54,2016,Guingamp,3,1,0,0.6777734635397792,11.43356013391167,7.396915765479207,5708,Fernando Marçal
