group_type,position,games,goals,shots,time,xG,assists,xA,key_passes,season,team,yellow,red,npg,npxG,xGChain,xGBuildup,player_id,player_name
season,DL,26,0,4,2120,0.15530789736658335,1,1.9216502672061324,21,2021,Norwich,8,0,0,0.15530789736658335,4.284037738107145,3.1663006637245417,8075,Brandon Williams
season,Sub,4,0,1,185,0.26944899559020996,0,0.031206099316477776,1,2020,Manchester United,0,0,0,0.26944899559020996,1.078246084973216,0.8087981026619673,8075,Brandon Williams
season,Sub,17,1,6,1005,0.9978841207921505,0,0.6670696008950472,13,2019,Manchester United,6,0,1,0.9978841207921505,5.710483204573393,4.3485531862825155,8075,Brandon Williams
