group_type,position,games,goals,shots,time,xG,assists,xA,key_passes,season,team,yellow,red,npg,npxG,xGChain,xGBuildup,player_id,player_name
season,DC,6,0,4,406,0.1382613042369485,0,0,0,2021,Burnley,1,0,0,0.1382613042369485,0.3228092873468995,0.3228092873468995,1747,Kevin Long
season,DC,8,0,2,635,0.6100035086274147,0,0.017368000000715256,1,2020,Burnley,2,0,0,0.6100035086274147,0.5022359061986208,0.5022359061986208,1747,Kevin Long
season,Sub,8,0,2,560,0.10599010158330202,0,0,0,2019,Burnley,0,0,0,0.10599010158330202,0.8505860045552254,0.7575789764523506,1747,Kevin Long
season,Sub,6,0,1,514,0.030711399391293526,1,0.4060730040073395,1,2018,Burnley,0,0,0,0.030711399391293526,0.5972740054130554,0.19120100140571594,1747,Kevin Long
season,DC,16,1,10,1440,1.7117623835802078,2,1.8074528202414513,5,2017,Burnley,1,0,1,1.7117623835802078,0.6246273070573807,0.6132655069231987,1747,Kevin Long
season,DC,3,0,1,270,0.024663500487804413,0,0,0,2016,Burnley,0,0,0,0.024663500487804413,0.09584390185773373,0.09584390185773373,1747,Kevin Long
season,Sub,1,0,0,20,0,0,0,0,2014,Burnley,0,0,0,0,0,0,1747,Kevin Long
