group_type,position,games,goals,shots,time,xG,assists,xA,key_passes,season,team,yellow,red,npg,npxG,xGChain,xGBuildup,player_id,player_name
season,Sub,10,0,1,287,0.07484260201454163,0,0.14452800154685974,1,2021,Genoa,3,0,0,0.07484260201454163,0.3581676036119461,0.13879700005054474,570,Valon Behrami
season,Sub,26,0,4,875,0.549466909840703,0,0.09671949967741966,2,2020,Genoa,1,1,0,0.549466909840703,1.6837100014090538,1.0375237874686718,570,Valon Behrami
season,Sub,17,0,5,1123,0.19442209601402283,0,0,0,2019,Genoa,2,1,0,0.19442209601402283,1.8907173816114664,1.7390604969114065,570,Valon Behrami
season,Sub,19,1,9,1381,0.9304742868989706,0,0.20133940130472183,6,2018,Udinese,6,0,1,0.9304742868989706,2.307044317945838,2.051210630685091,570,Valon Behrami
season,Sub,20,1,9,1423,0.5404151920229197,1,0.24778390116989613,8,2017,Udinese,5,0,1,0.5404151920229197,3.9374015666544437,3.2213205117732286,570,Valon Behrami
season,MC,27,0,6,2056,0.1859294967725873,0,0.4166424870491028,5,2016,Watford,7,0,0,0.1859294967725873,2.3849169425666332,1.8266244195401669,570,Valon Behrami
season,MC,21,0,1,1284,0.011732400394976139,1,0.517133648507297,5,2015,Watford,3,1,0,0.011732400394976139,2.334696613252163,1.8175630057230592,570,Valon Behrami
season,DMC,22,0,10,1915,0.3920008931308985,0,0.2413931591436267,7,2014,Hamburger SV,7,1,0,0.3920008931308985,2.967849268577993,2.667190421372652,570,Valon Behrami
