group_type,position,games,goals,shots,time,xG,assists,xA,key_passes,season,team,yellow,red,npg,npxG,xGChain,xGBuildup,player_id,player_name
season,FW,29,13,72,2197,13.742539389058948,4,4.1103387251496315,22,2025,Monaco,4,1,10,11.462253956124187,15.567311994731426,1.9075878635048866,9690,Folarin Balogun
season,FW,13,4,31,622,5.158384792506695,0,1.1299745421856642,6,2024,Monaco,0,0,4,5.158384792506695,6.409590244293213,1.4577118530869484,9690,Folarin Balogun
season,Sub,29,7,66,1712,12.501815546303988,5,3.4841915406286716,25,2023,Monaco,1,0,7,10.22153015807271,14.938280303031206,3.167869232594967,9690,Folarin Balogun
season,Sub,37,21,128,3030,26.040876938030124,2,3.94621426705271,36,2022,Reims,5,0,15,20.720276741310954,25.824905075132847,4.750155018642545,9690,Folarin Balogun
season,FW,2,0,3,69,0.15745499730110168,0,0,0,2021,Arsenal,0,0,0,0.15745499730110168,0.15745499730110168,0,9690,Folarin Balogun
