group_type,position,games,goals,shots,time,xG,assists,xA,key_passes,season,team,yellow,red,npg,npxG,xGChain,xGBuildup,player_id,player_name
season,Sub,16,1,5,62,1.7295908629894257,0,0.20717493444681168,3,2024,Bournemouth,1,0,1,1.7295908629894257,2.19595605134964,0.2896595001220703,9509,Daniel Jebbison
season,Sub,1,0,0,15,0,0,0,0,2023,Sheffield United,0,0,0,0,0,0,9509,Daniel Jebbison
season,Sub,4,1,4,286,1.4839950501918793,0,0.023562999442219734,1,2020,Sheffield United,0,0,1,1.4839950501918793,1.9016577787697315,0.3941028006374836,9509,Daniel Jebbison
