group_type,position,games,goals,shots,time,xG,assists,xA,key_passes,season,team,yellow,red,npg,npxG,xGChain,xGBuildup,player_id,player_name
season,DMR,6,0,2,465,0.03736419975757599,0,0.5265980958938599,7,2018,Manchester United,2,0,0,0.03736419975757599,1.7253731787204742,1.3759241849184036,627,Antonio Valencia
season,DR,31,3,16,2746,0.5440770946443081,1,1.4601711966097355,23,2017,Manchester United,7,0,3,0.5440770946443081,9.933677220717072,8.82148090749979,627,Antonio Valencia
season,DR,28,1,9,2488,1.8512356001883745,3,2.627352198585868,31,2016,Manchester United,5,0,1,1.8512356001883745,12.042700983583927,9.902497425675392,627,Antonio Valencia
season,DR,14,0,6,847,0.19302630238234997,3,0.5558440117165446,7,2015,Manchester United,1,0,0,0.19302630238234997,3.7483999710530043,3.1237368676811457,627,Antonio Valencia
season,MR,32,0,6,2588,0.22489969991147518,2,2.2106723207980394,26,2014,Manchester United,4,0,0,0.22489969991147518,10.771080181002617,9.070949345827103,627,Antonio Valencia
