group_type,position,games,goals,shots,time,xG,assists,xA,key_passes,season,team,yellow,red,npg,npxG,xGChain,xGBuildup,player_id,player_name
season,FW,20,1,9,275,1.692672897130251,0,0.051858801394701004,1,2022,Nottingham Forest,2,0,1,1.692672897130251,2.3841308541595936,0.7316878624260426,5602,Sam Surridge
season,Sub,4,0,2,20,0.8971610069274902,0,0.06571190059185028,1,2019,Bournemouth,0,0,0,0.8971610069274902,0.48576490581035614,0,5602,Sam Surridge
season,Sub,2,0,2,9,0.3793915882706642,0,0.037856798619031906,1,2018,Bournemouth,0,0,0,0.3793915882706642,0.41724858433008194,0,5602,Sam Surridge
