group_type,position,games,goals,shots,time,xG,assists,xA,key_passes,season,team,yellow,red,npg,npxG,xGChain,xGBuildup,player_id,player_name
season,Sub,6,0,1,24,0.11538831889629364,0,0,0,2025,Burnley,0,0,0,0.11538831889629364,0.11538831889629364,0,4422,Ashley Barnes
season,Sub,23,1,16,787,1.6827674992382526,0,0.9943248145282269,8,2021,Burnley,4,0,0,0.9215991050004959,2.78278773650527,0.942340818233788,4422,Ashley Barnes
season,FW,22,3,38,1342,3.874067099764943,0,0.8005466284230351,19,2020,Burnley,4,0,2,3.1128980834037066,4.1903143133968115,1.1986288204789162,4422,Ashley Barnes
season,FW,19,6,40,1386,6.516932616010308,0,0.30882069282233715,5,2019,Burnley,4,0,5,5.755763599649072,5.060968911275268,1.5740788727998734,4422,Ashley Barnes
season,Sub,37,12,65,2379,13.257519549690187,2,3.6403040196746588,22,2018,Burnley,8,0,10,11.735217577777803,14.351637620478868,2.09611489251256,4422,Ashley Barnes
season,Sub,36,9,61,2143,6.5605628695338964,0,1.5027275774627924,17,2017,Burnley,10,0,9,6.5605628695338964,8.70906038209796,1.906780119985342,4422,Ashley Barnes
season,Sub,28,6,44,1788,6.592154681682587,2,2.3875336069613695,21,2016,Burnley,6,1,4,5.069816034287214,6.558956136927009,0.5661483881995082,4422,Ashley Barnes
season,Sub,35,5,66,2435,5.6908798180520535,2,1.8230766840279102,30,2014,Burnley,4,1,5,5.6908798180520535,9.151078913360834,3.272920724004507,4422,Ashley Barnes
