group_type,position,games,goals,shots,time,xG,assists,xA,key_passes,season,team,yellow,red,npg,npxG,xGChain,xGBuildup,player_id,player_name
season,MC,33,1,26,2950,1.946105619892478,1,1.1380233829841018,18,2025,Leeds,9,0,1,1.946105619892478,11.076357734389603,9.938585374504328,6369,Ethan Ampadu
season,DC,31,0,16,2670,1.311162226833403,1,0.9822897519916296,13,2022,Spezia,8,1,0,1.311162226833403,5.243450621142983,4.331619447097182,6369,Ethan Ampadu
season,Sub,29,0,7,2296,0.2230439968407154,3,1.4638674054294825,15,2021,Venezia,11,2,0,0.2230439968407154,6.175230481661856,4.751330646686256,6369,Ethan Ampadu
season,Sub,25,0,7,2095,0.1944530000910163,0,0.9830157030373812,11,2020,Sheffield United,3,0,0,0.1944530000910163,3.262279963120818,2.9991719853132963,6369,Ethan Ampadu
season,Sub,3,0,1,73,0.055435601621866226,0,0,0,2019,RasenBallsport Leipzig,0,0,0,0.055435601621866226,0.8921720236539841,0.8921720236539841,6369,Ethan Ampadu
season,Sub,1,0,0,9,0,0,0,0,2017,Chelsea,0,0,0,0,0,0,6369,Ethan Ampadu
