group_type,position,games,goals,shots,time,xG,assists,xA,key_passes,season,team,yellow,red,npg,npxG,xGChain,xGBuildup,player_id,player_name
season,Sub,14,0,9,823,0.34127279929816723,0,0.9894655756652355,13,2020,Aston Villa,2,0,0,0.34127279929816723,2.426967915147543,1.610212106257677,1685,Ahmed Elmohamady
season,DR,18,1,5,1007,0.19573410134762526,1,2.220943322405219,22,2019,Aston Villa,1,0,1,0.19573410134762526,3.627543732523918,2.725653551518917,1685,Ahmed Elmohamady
season,DR,33,0,9,2509,0.21881670132279396,2,1.8537243753671646,26,2016,Hull,3,1,0,0.21881670132279396,4.169781172648072,3.26802646741271,1685,Ahmed Elmohamady
season,MR,38,2,16,3420,1.9130437867715955,5,4.916644488461316,64,2014,Hull,4,0,2,1.9130437867715955,9.79304325580597,4.9347074665129185,1685,Ahmed Elmohamady
