group_type,position,games,goals,shots,time,xG,assists,xA,key_passes,season,team,yellow,red,npg,npxG,xGChain,xGBuildup,player_id,player_name
season,DL,8,0,4,692,0.15660639759153128,0,0.6318488968536258,5,2021,Watford,4,0,0,0.15660639759153128,1.5510057527571917,0.8791757542639971,641,Danny Rose
season,DL,12,0,2,895,0.08819849602878094,0,0.6761048948392272,11,2019,Tottenham,5,0,0,0.08819849602878094,1.7048331890255213,1.3958355961367488,641,Danny Rose
season,Sub,11,0,0,871,0,0,0.20446950383484364,3,2019,Newcastle United,2,0,0,0,1.289059691131115,1.289059691131115,641,Danny Rose
season,DL,26,0,15,1798,0.7975114062428474,3,2.591335780918598,26,2018,Tottenham,5,0,0,0.7975114062428474,4.890634208917618,3.090377490967512,641,Danny Rose
season,DML,10,0,7,805,0.6538727879524231,1,0.5492810942232609,10,2017,Tottenham,4,0,0,0.6538727879524231,3.6948735006153584,2.701280763372779,641,Danny Rose
season,DL,18,2,23,1538,0.8990533081814647,2,1.3458631113171577,26,2016,Tottenham,8,0,2,0.8990533081814647,4.799434492364526,3.438614198938012,641,Danny Rose
season,DL,24,1,26,2139,1.2215758142992854,3,3.2962171770632267,24,2015,Tottenham,7,0,1,1.2215758142992854,10.382976911962032,7.078364692628384,641,Danny Rose
season,DL,28,3,24,2386,1.670324276201427,4,2.9121244214475155,27,2014,Tottenham,7,0,3,1.670324276201427,10.744258679449558,7.36357007175684,641,Danny Rose
