group_type,position,games,goals,shots,time,xG,assists,xA,key_passes,season,team,yellow,red,npg,npxG,xGChain,xGBuildup,player_id,player_name
season,DR,35,1,9,3101,1.169110944494605,1,3.184721387922764,33,2025,Brentford,7,0,1,1.169110944494605,11.881859760731459,8.404316389933228,11281,Michael Kayode
season,Sub,12,0,2,527,0.1810818612575531,1,0.9814028739929199,8,2024,Brentford,2,0,0,0.1810818612575531,2.794493567198515,1.6320087760686874,11281,Michael Kayode
season,Sub,5,0,1,118,0.09395667910575867,0,0.28012001514434814,1,2024,Fiorentina,0,0,0,0.09395667910575867,0.6066556721925735,0.5126989930868149,11281,Michael Kayode
season,DR,26,1,7,2076,0.8575504701584578,1,0.9539240906015038,15,2023,Fiorentina,2,0,1,0.8575504701584578,6.573314850218594,5.421737646684051,11281,Michael Kayode
