group_type,position,games,goals,shots,time,xG,assists,xA,key_passes,season,team,yellow,red,npg,npxG,xGChain,xGBuildup,player_id,player_name
season,AMC,28,2,30,2006,5.60367547813803,5,4.561426822096109,34,2022,Real Sociedad,3,0,2,5.60367547813803,17.130300030112267,8.042002441361547,617,David Silva
season,AMC,25,2,21,1753,2.5481442529708147,4,4.742720324546099,38,2021,Real Sociedad,4,1,2,2.5481442529708147,12.319385625422,7.0886710453778505,617,David Silva
season,Sub,21,2,20,1411,2.6688193157315254,5,3.375394131988287,28,2020,Real Sociedad,4,0,2,2.6688193157315254,11.578254725784063,7.450381493195891,617,David Silva
season,MC,27,5,46,1846,6.932368505746126,10,7.650991026312113,49,2019,Manchester City,0,0,5,6.932368505746126,24.6870179772377,12.764222756028175,617,David Silva
season,MC,33,6,51,2426,8.128262622281909,8,10.113781478255987,73,2018,Manchester City,3,0,6,8.128262622281909,30.807653691619635,18.846598675474524,617,David Silva
season,MC,29,9,54,2442,9.241167284548283,11,8.827983185648918,61,2017,Manchester City,5,0,9,9.241167284548283,30.254950737580657,18.981360713019967,617,David Silva
season,DMC,34,4,48,2775,6.241526518017054,7,8.11968045681715,82,2016,Manchester City,6,0,4,6.241526518017054,25.774784959852695,15.932340640574694,617,David Silva
season,AMC,24,2,29,1818,2.598524495959282,11,4.727522297762334,67,2015,Manchester City,1,0,2,2.598524495959282,11.535076109692454,7.523192688822746,617,David Silva
season,ML,32,12,66,2682,9.096988203004003,7,10.388411475345492,92,2014,Manchester City,8,0,12,9.096988203004003,29.14426800608635,16.633574136532843,617,David Silva
