group_type,position,games,goals,shots,time,xG,assists,xA,key_passes,season,team,yellow,red,npg,npxG,xGChain,xGBuildup,player_id,player_name
season,Sub,17,1,3,1102,0.21434792131185532,0,0.5097704380750656,5,2024,Arsenal,1,0,1,0.21434792131185532,3.440646205097437,3.275878395885229,10012,Jakub Kiwior
season,Sub,20,1,6,953,1.1961752735078335,3,0.9080287516117096,6,2023,Arsenal,1,0,1,1.1961752735078335,5.180064149200916,3.9905764758586884,10012,Jakub Kiwior
season,DC,17,0,9,1452,0.6478291042149067,0,0.603023998439312,4,2022,Spezia,3,0,0,0.6478291042149067,1.3383745020255446,0.8842264069244266,10012,Jakub Kiwior
season,Sub,7,1,1,426,0.09843707829713821,0,0.027377869933843613,1,2022,Arsenal,0,0,1,0.09843707829713821,2.2725219037383795,2.245144000276923,10012,Jakub Kiwior
season,DC,22,0,8,1964,0.3575120931491256,0,0.817838491871953,8,2021,Spezia,6,0,0,0.3575120931491256,2.9284051465801895,2.7561081992462277,10012,Jakub Kiwior
