group_type,position,games,goals,shots,time,xG,assists,xA,key_passes,season,team,yellow,red,npg,npxG,xGChain,xGBuildup,player_id,player_name
season,AMC,15,3,21,976,3.3724637255072594,2,2.100285714492202,9,2025,Monaco,4,0,3,3.3724637255072594,6.809733860194683,1.6067421715706587,8239,Takumi Minamino
season,MR,31,6,56,2269,9.756513360887766,3,6.754444919526577,40,2024,Monaco,4,0,6,9.756513360887766,22.925799012184143,7.210842279717326,8239,Takumi Minamino
season,AMC,30,10,61,2159,7.044541770592332,6,5.270321061834693,34,2023,Monaco,4,0,10,7.044541770592332,17.90679496154189,7.167916463688016,8239,Takumi Minamino
season,ML,18,1,22,724,2.5049427524209023,3,1.7491028010845184,10,2022,Monaco,2,0,1,2.5049427524209023,5.099047638475895,2.1437489576637745,8239,Takumi Minamino
season,Sub,11,3,7,162,1.763352945446968,0,0.5603136941790581,2,2021,Liverpool,1,0,3,1.763352945446968,2.6374892964959145,0.3138282969594002,8239,Takumi Minamino
season,ML,10,2,13,728,1.6592615246772766,0,0.810821782797575,5,2020,Southampton,1,0,2,1.6592615246772766,4.672861024737358,2.313303977251053,8239,Takumi Minamino
season,Sub,9,1,7,276,1.265478752553463,0,0,0,2020,Liverpool,0,0,1,1.265478752553463,1.8692021109163761,0.6259782910346985,8239,Takumi Minamino
season,Sub,10,0,8,233,0.8382361009716988,0,0.01614289917051792,1,2019,Liverpool,0,0,0,0.8382361009716988,1.2121315188705921,0.43118881061673164,8239,Takumi Minamino
