group_type,position,games,goals,shots,time,xG,assists,xA,key_passes,season,team,yellow,red,npg,npxG,xGChain,xGBuildup,player_id,player_name
season,Sub,8,0,0,478,0,0,0,0,2025,Chelsea,2,0,0,0,1.0458098985254765,1.0458098985254765,7240,Benoit Badiashile Mukinayi
season,Sub,5,0,0,323,0,0,0,0,2024,Chelsea,0,0,0,0,0.7828760668635368,0.7828760668635368,7240,Benoit Badiashile Mukinayi
season,DC,18,0,6,1338,0.5172926671802998,1,1.5548250479623675,6,2023,Chelsea,2,0,0,0.5172926671802998,8.460209622979164,8.366715781390667,7240,Benoit Badiashile Mukinayi
season,DC,11,1,6,901,1.2135351449251175,0,0.6913552954792976,3,2022,Chelsea,2,0,1,1.2135351449251175,3.3061133548617363,3.162499390542507,7240,Benoit Badiashile Mukinayi
season,Sub,11,2,5,832,0.5582832135260105,0,0.5455020070075989,1,2022,Monaco,3,0,2,0.5582832135260105,1.475498728454113,1.4403280057013035,7240,Benoit Badiashile Mukinayi
season,DC,24,1,14,1836,1.3438834948465228,0,0.3170611001551151,3,2021,Monaco,4,0,1,1.3438834948465228,7.055136874318123,7.036477878689766,7240,Benoit Badiashile Mukinayi
season,DC,35,2,24,2874,2.7998195020481944,1,0.7564252987504005,6,2020,Monaco,5,0,2,2.7998195020481944,11.114285163581371,10.382495196536183,7240,Benoit Badiashile Mukinayi
season,DC,16,0,10,1417,0.3669517021626234,0,0.1397763006389141,2,2019,Monaco,0,0,0,0.3669517021626234,4.561765111982822,4.545351110398769,7240,Benoit Badiashile Mukinayi
season,DC,20,1,6,1763,0.8808816075325012,0,0.08836140111088753,2,2018,Monaco,4,0,1,0.8808816075325012,2.611057468689978,2.578812667168677,7240,Benoit Badiashile Mukinayi
