group_type,position,games,goals,shots,time,xG,assists,xA,key_passes,season,team,yellow,red,npg,npxG,xGChain,xGBuildup,player_id,player_name
season,MC,29,4,36,2432,4.779393473640084,1,0.6264096042141318,11,2019,Hertha Berlin,9,0,4,4.779393473640084,11.463922101072967,8.207553903572261,1669,Marko Grujic
season,Sub,22,5,46,1780,4.308710882440209,1,1.6590897208079696,16,2018,Hertha Berlin,5,0,5,4.308710882440209,7.942869659513235,3.5841670371592045,1669,Marko Grujic
season,Sub,3,0,0,9,0,0,0.029996199533343315,1,2017,Liverpool,0,0,0,0,0.029996199533343315,0,1669,Marko Grujic
season,Sub,5,0,4,31,0.21030020155012608,0,0.02963469922542572,1,2016,Liverpool,1,0,0,0.21030020155012608,0.3090549949556589,0.13353350199759007,1669,Marko Grujic
