group_type,position,games,goals,shots,time,xG,assists,xA,key_passes,season,team,yellow,red,npg,npxG,xGChain,xGBuildup,player_id,player_name
season,DMC,25,0,7,1782,0.2847858062013984,1,0.10947940032929182,5,2015,Chelsea,6,0,0,0.2847858062013984,6.5541975777596235,6.3566024992614985,685,John Obi Mikel
season,Sub,18,0,3,678,0.48619959875941277,1,0.3263580119237304,2,2014,Chelsea,1,0,0,0.48619959875941277,3.171091739088297,2.8278507329523563,685,John Obi Mikel
