group_type,position,games,goals,shots,time,xG,assists,xA,key_passes,season,team,yellow,red,npg,npxG,xGChain,xGBuildup,player_id,player_name
season,Sub,16,0,1,1037,0.04748560115695,0,0.0644639004021883,2,2021,Elche,5,0,0,0.04748560115695,1.2404645048081875,1.1760005988180637,1706,Antonio Barragán
season,DC,27,0,6,2237,1.2026839032769203,3,0.7495171902701259,10,2020,Elche,8,0,0,1.2026839032769203,3.8622284308075905,3.6405107378959656,1706,Antonio Barragán
season,DR,12,0,2,639,0.13284979946911335,1,0.42611349653452635,8,2019,Real Betis,3,0,0,0.13284979946911335,4.2231444381177425,3.985923858359456,1706,Antonio Barragán
season,Sub,14,0,2,937,0.06590120121836662,0,0.5435632988810539,8,2018,Real Betis,4,0,0,0.06590120121836662,1.8793407771736383,1.5217821691185236,1706,Antonio Barragán
season,DR,29,0,9,2378,0.7094333097338676,6,3.1375094521790743,21,2017,Real Betis,7,0,0,0.7094333097338676,9.690226420760155,6.863872904330492,1706,Antonio Barragán
season,DC,26,0,3,2195,0.08475709985941648,0,0.7534768879413605,9,2016,Middlesbrough,5,0,0,0.08475709985941648,6.089803343638778,5.331347960978746,1706,Antonio Barragán
season,Sub,24,0,0,1666,0,0,0.3435968980193138,7,2015,Valencia,5,1,0,0,2.829054495319724,2.7218444999307394,1706,Antonio Barragán
season,DR,34,1,5,2846,0.5258551109582186,2,1.1268683169037104,12,2014,Valencia,8,0,1,0.5258551109582186,8.258420947939157,7.097231280058622,1706,Antonio Barragán
