group_type,position,games,goals,shots,time,xG,assists,xA,key_passes,season,team,yellow,red,npg,npxG,xGChain,xGBuildup,player_id,player_name
season,DR,32,1,30,2635,1.3695889906957746,2,3.714553562924266,47,2025,Tottenham,9,0,1,1.3695889906957746,9.892254587262869,8.345546394586563,6912,Pedro Porro
season,DR,33,2,39,2611,1.8372661639004946,6,6.575961069203913,57,2024,Tottenham,5,0,2,1.8372661639004946,15.45052813179791,12.003311963751912,6912,Pedro Porro
season,DR,35,3,53,3101,2.83508870145306,7,7.285218555480242,52,2023,Tottenham,3,0,3,2.83508870145306,20.235827142372727,15.794150441884995,6912,Pedro Porro
season,DMR,15,3,25,1154,1.3973288014531136,3,2.5322364550083876,25,2022,Tottenham,0,0,3,1.3973288014531136,5.9181207716465,2.848248900845647,6912,Pedro Porro
season,MR,13,0,1,731,0.014721199870109558,0,0.15110939927399158,4,2019,Real Valladolid,1,0,0,0.014721199870109558,2.7129371035844088,2.603337960317731,6912,Pedro Porro
season,DR,32,0,23,2216,1.6563912080600858,4,2.8855203185230494,25,2018,Girona,4,0,0,1.6563912080600858,7.021655440330505,3.6636403184384108,6912,Pedro Porro
