group_type,position,games,goals,shots,time,xG,assists,xA,key_passes,season,team,yellow,red,npg,npxG,xGChain,xGBuildup,player_id,player_name
season,AMC,5,0,3,244,0.13094229996204376,2,0.5494266971945763,6,2018,West Ham,0,0,0,0.13094229996204376,0.6140559911727905,0.39978739619255066,877,Samir Nasri
season,MR,23,2,25,1848,3.5995813570916653,3,3.9657149836421013,37,2016,Sevilla,7,0,2,2.8563034795224667,9.749999970197678,5.384575575590134,877,Samir Nasri
season,Sub,1,0,3,13,0.5359929800033569,0,0.1074799969792366,1,2016,Manchester City,0,0,0,0.5359929800033569,0.9224929809570312,0.2790200114250183,877,Samir Nasri
season,Sub,12,2,14,520,2.637317957356572,2,0.9286920242011547,10,2015,Manchester City,3,0,2,2.637317957356572,4.427332343533635,1.7196574099361897,877,Samir Nasri
season,MR,24,2,34,1596,2.478832798078656,6,4.465053537860513,52,2014,Manchester City,5,0,2,2.478832798078656,12.835811033844948,8.548643369227648,877,Samir Nasri
