group_type,position,games,goals,shots,time,xG,assists,xA,key_passes,season,team,yellow,red,npg,npxG,xGChain,xGBuildup,player_id,player_name
season,DMC,14,3,11,919,2.0597879961133003,0,1.0676721185445786,18,2025,Marseille,4,0,3,2.0597879961133003,7.522297575138509,4.833005172200501,5598,Angel Gomes
season,DMC,11,0,6,399,0.1933972742408514,0,0.155938308686018,4,2025,Wolverhampton Wanderers,1,0,0,0.1933972742408514,1.510622825473547,1.3378768749535084,5598,Angel Gomes
season,MC,14,1,9,750,1.7255177665501833,1,1.7085226699709892,14,2024,Lille,1,0,1,0.9654226321727037,6.562127886340022,4.505643667653203,5598,Angel Gomes
season,Sub,31,0,35,2605,1.7343415468931198,8,7.5377010479569435,48,2023,Lille,5,0,0,1.7343415468931198,12.069569908082485,7.670033901929855,5598,Angel Gomes
season,DMC,36,2,56,2858,3.7860292261466384,6,2.8023471105843782,34,2022,Lille,8,0,1,3.025934129022062,18.456966396421194,14.472377145662904,5598,Angel Gomes
season,Sub,24,1,14,954,1.030431006103754,1,1.468812895938754,15,2021,Lille,3,0,1,1.030431006103754,4.455331673845649,2.6927948910743,5598,Angel Gomes
season,Sub,2,0,0,17,0,0,0.229203000664711,2,2019,Manchester United,0,0,0,0,0.25239700078964233,0.16221599280834198,5598,Angel Gomes
season,Sub,2,0,2,23,0.10693320259451866,0,0,0,2018,Manchester United,0,0,0,0.10693320259451866,0.2809922993183136,0.17405900359153748,5598,Angel Gomes
season,Sub,1,0,0,1,0,0,0,0,2016,Manchester United,0,0,0,0,0,0,5598,Angel Gomes
