group_type,position,games,goals,shots,time,xG,assists,xA,key_passes,season,team,yellow,red,npg,npxG,xGChain,xGBuildup,player_id,player_name
season,Sub,3,0,1,38,0.013042500242590904,0,0,0,2021,Inter,0,0,0,0.013042500242590904,0.5067075081169605,0.4936650078743696,621,Aleksandar Kolarov
season,DC,7,0,6,384,0.10702819935977459,1,1.3366779834032059,6,2020,Inter,0,0,0,0.10702819935977459,4.709819935262203,4.3096719160676,621,Aleksandar Kolarov
season,DL,32,7,72,2728,6.698397692292929,4,4.556032946333289,56,2019,Roma,6,0,5,3.65332880243659,17.206804178655148,13.999759584665298,621,Aleksandar Kolarov
season,DL,33,8,42,2904,4.579898190684617,2,6.509761452674866,57,2018,Roma,6,1,5,2.29604116640985,13.935710180550814,9.387653306126595,621,Aleksandar Kolarov
season,DL,35,2,63,3065,2.5978796896524727,8,9.265611275099218,79,2017,Roma,3,0,2,2.5978796896524727,15.716230124235153,10.095818200148642,621,Aleksandar Kolarov
season,DC,29,1,32,2532,1.0232505835592747,1,1.0573674039915204,15,2016,Manchester City,6,0,1,1.0232505835592747,13.291690073907375,12.658333454281092,621,Aleksandar Kolarov
season,DL,29,3,39,2282,2.389820823445916,3,2.884808447211981,38,2015,Manchester City,3,0,3,1.6286518070846796,8.196380902081728,6.378136694431305,621,Aleksandar Kolarov
season,DL,21,2,27,1483,1.0622944999486208,3,1.7350498177111149,23,2014,Manchester City,4,0,2,1.0622944999486208,6.37588469684124,5.423418182879686,621,Aleksandar Kolarov
