group_type,position,games,goals,shots,time,xG,assists,xA,key_passes,season,team,yellow,red,npg,npxG,xGChain,xGBuildup,player_id,player_name
season,Sub,7,1,2,79,0.08659443259239197,0,0.4029217101633549,3,2025,Fulham,0,0,1,0.08659443259239197,0.4040597602725029,0.26933370530605316,910,Harrison Reed
season,Sub,12,0,3,81,0.14395092613995075,0,0.07896795868873596,1,2024,Fulham,2,0,0,0.14395092613995075,0.3412153646349907,0.2145950347185135,910,Harrison Reed
season,MC,27,0,9,1298,0.28592466469854116,2,1.2897144686430693,14,2023,Fulham,6,0,0,0.28592466469854116,4.717917591333389,4.137020692229271,910,Harrison Reed
season,DMC,37,3,20,2911,2.1825738195329905,4,3.5145126404240727,35,2022,Fulham,5,0,3,2.1825738195329905,10.140563977882266,5.457994266413152,910,Harrison Reed
season,DMC,31,0,13,2254,0.2909777984023094,2,1.6945229470729828,21,2020,Fulham,5,0,0,0.2909777984023094,7.142019868828356,6.308453551493585,910,Harrison Reed
season,Sub,3,0,0,62,0,0,0,0,2016,Southampton,0,0,0,0,0.1288529932498932,0.1288529932498932,910,Harrison Reed
season,Sub,1,0,0,9,0,0,0,0,2015,Southampton,0,0,0,0,0,0,910,Harrison Reed
season,Sub,9,0,4,462,0.120338698849082,0,0,0,2014,Southampton,0,0,0,0.120338698849082,1.000663110986352,0.9134047059342265,910,Harrison Reed
