group_type,position,games,goals,shots,time,xG,assists,xA,key_passes,season,team,yellow,red,npg,npxG,xGChain,xGBuildup,player_id,player_name
season,Sub,1,0,0,1,0,0,0,0,2020,Crystal Palace,0,0,0,0,0,0,525,Martin Kelly
season,DC,19,0,2,1554,0.06097239814698696,1,0.8339541032910347,6,2019,Crystal Palace,0,0,0,0.06097239814698696,2.3818622268736362,2.1840532291680574,525,Martin Kelly
season,DC,13,0,3,1109,0.7666512317955494,0,0.02341100014746189,1,2018,Crystal Palace,2,0,0,0.7666512317955494,0.703543801791966,0.6801328016445041,525,Martin Kelly
season,Sub,15,0,5,1199,0.3498201444745064,0,0.0872204964980483,2,2017,Crystal Palace,1,0,0,0.3498201444745064,0.7294600866734982,0.7162100868299603,525,Martin Kelly
season,Sub,29,0,3,2145,0.23852089792490005,2,0.5268526971340179,8,2016,Crystal Palace,4,0,0,0.23852089792490005,2.816802779212594,2.510482406243682,525,Martin Kelly
season,Sub,13,0,1,1039,0.014624600298702717,0,0.13022729940712452,4,2015,Crystal Palace,3,0,0,0.014624600298702717,0.5918863043189049,0.5525651033967733,525,Martin Kelly
season,DR,31,0,10,2503,0.1874168999493122,1,0.8051103092730045,10,2014,Crystal Palace,2,0,0,0.1874168999493122,2.4445369206368923,1.7485505808144808,525,Martin Kelly
