group_type,position,games,goals,shots,time,xG,assists,xA,key_passes,season,team,yellow,red,npg,npxG,xGChain,xGBuildup,player_id,player_name
season,FW,17,4,51,1447,7.132677088491619,2,2.186188329011202,13,2023,Brentford,5,0,4,7.132677088491619,7.6502086371183395,1.1057295147329569,998,Ivan Toney
season,FW,33,20,94,2960,21.69119757413864,4,4.909892840310931,26,2022,Brentford,9,0,14,16.363018790259957,18.1100468672812,4.024585669860244,998,Ivan Toney
season,FW,33,12,88,2905,12.048585828393698,5,7.343530809506774,43,2021,Brentford,8,0,7,8.242776174098253,12.169118613004684,2.3933666069060564,998,Ivan Toney
season,Sub,2,0,0,6,0,0,0,0,2015,Newcastle United,0,0,0,0,0,0,998,Ivan Toney
