group_type,position,games,goals,shots,time,xG,assists,xA,key_passes,season,team,yellow,red,npg,npxG,xGChain,xGBuildup,player_id,player_name
season,DMR,33,1,23,2524,2.0861635599285364,3,3.3998383646830916,28,2025,Manchester United,5,0,1,2.0861635599285364,12.519559610635042,9.33183809183538,7281,Diogo Dalot
season,DL,33,0,24,2821,1.6990829594433308,3,2.5788643723353744,26,2024,Manchester United,5,0,0,1.6990829594433308,10.50801149662584,8.384668283164501,7281,Diogo Dalot
season,Sub,36,2,30,3171,1.3286937261000276,3,3.0855262465775013,38,2023,Manchester United,4,1,2,1.3286937261000276,10.952797057107091,8.364923918619752,7281,Diogo Dalot
season,DR,26,1,22,2164,2.207693471573293,2,1.9137129141017795,29,2022,Manchester United,6,0,1,2.207693471573293,11.690932909026742,8.903266048058867,7281,Diogo Dalot
season,Sub,24,0,13,1790,0.660338506102562,0,0.8457392938435078,16,2021,Manchester United,4,0,0,0.660338506102562,7.871010458096862,6.755061635747552,7281,Diogo Dalot
season,Sub,21,1,10,1070,0.510491494089365,1,0.9577981140464544,9,2020,AC Milan,5,0,1,0.510491494089365,4.294027592986822,3.0490214973688126,7281,Diogo Dalot
season,DR,4,0,1,65,0.3715600073337555,0,0,0,2019,Manchester United,0,0,0,0.3715600073337555,0.39038110710680485,0.018821099773049355,7281,Diogo Dalot
season,Sub,16,0,15,1015,0.7152223102748394,2,2.7341757230460644,17,2018,Manchester United,3,0,0,0.7152223102748394,4.4227335145697,2.3708081021904945,7281,Diogo Dalot
