group_type,position,games,goals,shots,time,xG,assists,xA,key_passes,season,team,yellow,red,npg,npxG,xGChain,xGBuildup,player_id,player_name
season,DMC,9,0,1,410,0.081243596971035,0,0.14678999781608582,2,2021,Brighton,0,0,0,0.081243596971035,0.919185608625412,0.919185608625412,8020,Steven Alzate
season,MC,15,1,7,905,0.8340353071689606,0,0.9228017721325159,11,2020,Brighton,2,0,1,0.8340353071689606,3.5195548171177506,2.386690203100443,8020,Steven Alzate
season,DML,19,0,13,1175,1.0576836168766022,0,0.8152610920369625,14,2019,Brighton,1,0,0,1.0576836168766022,3.4897162094712257,1.8680191319435835,8020,Steven Alzate
