group_type,position,games,goals,shots,time,xG,assists,xA,key_passes,season,team,yellow,red,npg,npxG,xGChain,xGBuildup,player_id,player_name
season,AML,21,0,15,1335,0.4698227113112807,1,0.6124321036040783,14,2019,Fortuna Duesseldorf,3,0,0,0.4698227113112807,3.4988335948437452,2.905220787972212,379,Markus Suttner
season,DL,6,1,4,495,0.1919080037623644,1,0.5816289894282818,9,2018,Fortuna Duesseldorf,1,0,1,0.1919080037623644,1.074055902659893,0.6813797876238823,379,Markus Suttner
season,DL,14,0,3,1176,0.07416998920962214,0,0.26826940197497606,6,2017,Brighton,0,0,0,0.07416998920962214,1.6566904713399708,1.6237821765244007,379,Markus Suttner
season,DL,31,4,43,2740,1.9017147840932012,5,5.24780994001776,53,2016,Ingolstadt,10,0,4,1.9017147840932012,7.1203774362802505,6.152578895911574,379,Markus Suttner
season,Sub,18,0,20,1342,0.5630978979170322,0,1.187285915017128,16,2015,Ingolstadt,2,0,0,0.5630978979170322,1.8909374084323645,1.2192600145936012,379,Markus Suttner
