group_type,position,games,goals,shots,time,xG,assists,xA,key_passes,season,team,yellow,red,npg,npxG,xGChain,xGBuildup,player_id,player_name
season,Sub,13,1,2,227,0.9213433265686035,0,1.199159286916256,8,2024,Arsenal,0,0,1,0.9213433265686035,1.968412023037672,0.9727844670414925,8089,Kieran Tierney
season,DL,20,0,2,1255,0.13900822028517723,2,0.7988459318876266,8,2023,Real Sociedad,1,0,0,0.13900822028517723,2.849950300529599,2.6930690556764603,8089,Kieran Tierney
season,Sub,27,0,7,733,0.30384697299450636,1,0.2897520996630192,4,2022,Arsenal,0,0,0,0.30384697299450636,3.4041721131652594,2.8529709093272686,8089,Kieran Tierney
season,DL,22,1,15,1926,0.6144815096631646,3,1.246632007881999,20,2021,Arsenal,0,0,1,0.6144815096631646,6.7281964011490345,5.27379622682929,8089,Kieran Tierney
season,DC,27,1,15,2305,0.3866765992715955,3,3.8238940481096506,31,2020,Arsenal,4,0,1,0.3866765992715955,8.635928499512374,5.60839013569057,8089,Kieran Tierney
season,DL,15,1,6,996,0.22836239449679852,1,0.7536174207925797,6,2019,Arsenal,2,0,1,0.22836239449679852,2.8807710334658623,2.309806341305375,8089,Kieran Tierney
