group_type,position,games,goals,shots,time,xG,assists,xA,key_passes,season,team,yellow,red,npg,npxG,xGChain,xGBuildup,player_id,player_name
season,Sub,33,7,51,2668,10.608132360503078,3,4.565257132053375,29,2025,Brentford,6,1,7,9.846963522955775,16.1506393738091,3.947028372436762,9156,Kevin Schade
season,FWL,38,11,55,2332,9.467997699975967,2,3.714522727765143,23,2024,Brentford,3,0,11,9.467997699975967,15.767545722424984,4.10542070120573,9156,Kevin Schade
season,Sub,11,2,8,299,1.4017144106328487,1,0.9465273916721344,4,2023,Brentford,0,0,2,1.4017144106328487,2.1139008942991495,0.1965943891555071,9156,Kevin Schade
season,Sub,18,0,12,720,1.3834919892251492,1,1.5542514063417912,8,2022,Brentford,2,0,0,1.3834919892251492,3.833646835759282,1.1757235415279865,9156,Kevin Schade
season,Sub,8,1,4,166,0.18783430196344852,0,0,0,2022,Freiburg,0,0,1,0.18783430196344852,0.4267046134918928,0.333389014005661,9156,Kevin Schade
season,Sub,21,4,19,813,2.6034708190709352,1,1.1424069851636887,8,2021,Freiburg,2,0,4,2.6034708190709352,2.7538541946560144,0.2672900017350912,9156,Kevin Schade
