group_type,position,games,goals,shots,time,xG,assists,xA,key_passes,season,team,yellow,red,npg,npxG,xGChain,xGBuildup,player_id,player_name
season,MC,37,0,20,2564,0.7736401930451393,4,3.896157931536436,45,2017,Swansea,3,0,0,0.7736401930451393,6.016708165407181,4.8319205194711685,653,Tom Carroll
season,MC,17,1,9,1394,0.28935142513364553,2,1.5475282818078995,16,2016,Swansea,1,0,1,0.28935142513364553,3.707015722990036,3.0344448257237673,653,Tom Carroll
season,Sub,1,0,0,1,0,0,0,0,2016,Tottenham,0,0,0,0,0,0,653,Tom Carroll
season,Sub,19,1,5,489,0.22867840342223644,0,0.24540579319000244,9,2015,Tottenham,3,0,1,0.22867840342223644,2.806581201031804,2.4788649920374155,653,Tom Carroll
season,Sub,13,0,4,694,0.17096910253167152,0,0.638788478448987,5,2014,Swansea,1,0,0,0.17096910253167152,2.975092090666294,2.719753608107567,653,Tom Carroll
