group_type,position,games,goals,shots,time,xG,assists,xA,key_passes,season,team,yellow,red,npg,npxG,xGChain,xGBuildup,player_id,player_name
season,DR,26,2,26,2106,2.0331935780122876,1,1.1011951100081205,16,2020,Saint-Etienne,5,0,2,2.0331935780122876,4.735760353505611,3.3589535672217607,967,Mathieu Debuchy
season,DR,21,1,13,1772,1.0920858103781939,1,1.1538966367952526,13,2019,Saint-Etienne,2,0,1,1.0920858103781939,3.602302009239793,2.9193247258663177,967,Mathieu Debuchy
season,DR,24,4,14,1958,2.305477287620306,3,1.7547218259423971,20,2018,Saint-Etienne,4,1,4,2.305477287620306,6.13997495174408,4.08241462148726,967,Mathieu Debuchy
season,DR,15,4,19,1318,2.4607455981895328,0,1.1278342753648758,14,2017,Saint-Etienne,1,0,4,2.4607455981895328,6.160844869911671,3.726310906931758,967,Mathieu Debuchy
season,DR,1,0,0,15,0,0,0,0,2016,Arsenal,0,0,0,0,0,0,967,Mathieu Debuchy
season,DR,9,0,6,784,0.619998998939991,0,0.18028109520673752,3,2015,Bordeaux,1,0,0,0.619998998939991,1.4641184657812119,1.0057325884699821,967,Mathieu Debuchy
season,DR,2,0,1,147,0.028445400297641754,0,0.017912400886416435,1,2015,Arsenal,0,0,0,0.028445400297641754,0.5083019882440567,0.4798559844493866,967,Mathieu Debuchy
season,DR,10,1,8,811,0.8225503079593182,0,0.398188017308712,2,2014,Arsenal,2,0,1,0.8225503079593182,3.0027852542698383,2.842829305678606,967,Mathieu Debuchy
