group_type,position,games,goals,shots,time,xG,assists,xA,key_passes,season,team,yellow,red,npg,npxG,xGChain,xGBuildup,player_id,player_name
season,DR,28,2,21,1893,1.2105660028755665,4,3.9933422207832336,27,2025,Chelsea,4,0,2,1.2105660028755665,11.44637494161725,9.686947334557772,8067,Reece James
season,DR,19,1,11,1062,0.5808683261275291,1,1.3240125216543674,11,2024,Chelsea,1,0,1,0.5808683261275291,3.869105190038681,3.5282998234033585,8067,Reece James
season,DMR,10,0,7,422,0.3389957156032324,2,2.679515279829502,11,2023,Chelsea,0,2,0,0.3389957156032324,3.0341393500566483,1.8427834287285805,8067,Reece James
season,DMR,16,1,16,1242,1.0140665946528316,1,3.066504817456007,21,2022,Chelsea,4,0,1,1.0140665946528316,5.8419587938115,4.731684633530676,8067,Reece James
season,Sub,26,5,37,1866,2.543486515060067,9,7.030302457511425,48,2021,Chelsea,4,1,5,2.543486515060067,15.98188834823668,11.94055711850524,8067,Reece James
season,DR,32,1,35,2355,1.534597285091877,2,3.6499774176627398,42,2020,Chelsea,3,0,1,1.534597285091877,11.71861541364342,9.588870281353593,8067,Reece James
season,Sub,24,0,18,1512,0.8192672096192837,2,3.1814127191901207,25,2019,Chelsea,1,0,0,0.8192672096192837,7.329811029136181,6.209262028336525,8067,Reece James
