group_type,position,games,goals,shots,time,xG,assists,xA,key_passes,season,team,yellow,red,npg,npxG,xGChain,xGBuildup,player_id,player_name
season,Sub,10,0,0,347,0,0,0,0,2025,Leeds,1,0,0,0,0.4192972853779793,0.4192972853779793,7791,Sebastiaan Bornauw
season,DC,15,2,8,779,1.7804388739168644,1,0.7998678088188171,1,2024,Wolfsburg,2,0,2,1.7804388739168644,1.1846494562923908,1.10103964433074,7791,Sebastiaan Bornauw
season,Sub,20,0,10,1438,0.6899171620607376,0,0.24960993230342865,3,2023,Wolfsburg,5,0,0,0.6899171620607376,2.4041094928979874,2.1939023174345493,7791,Sebastiaan Bornauw
season,DC,26,1,4,1934,0.429217092692852,0,0.06051630154252052,1,2022,Wolfsburg,8,0,1,0.429217092692852,4.605699745938182,4.557444838806987,7791,Sebastiaan Bornauw
season,DC,27,1,13,2015,1.657631915062666,0,0.1821218989789486,3,2021,Wolfsburg,3,0,1,1.657631915062666,4.487196687608957,3.9324435340240598,7791,Sebastiaan Bornauw
season,DC,24,1,18,2078,1.4107594015076756,1,0.022635500878095627,1,2020,FC Cologne,3,0,1,1.4107594015076756,2.626872807741165,2.198910091072321,7791,Sebastiaan Bornauw
season,DC,28,6,18,2450,3.200397474691272,0,0.5446526948362589,6,2019,FC Cologne,5,1,6,3.200397474691272,4.57056466396898,4.22115636896342,7791,Sebastiaan Bornauw
