group_type,position,games,goals,shots,time,xG,assists,xA,key_passes,season,team,yellow,red,npg,npxG,xGChain,xGBuildup,player_id,player_name
season,Sub,22,1,5,609,0.9074058122932911,0,0.5022870898246765,3,2022,Leicester,1,0,1,0.9074058122932911,2.4376747999340296,1.15929308347404,1234,Dennis Praet
season,Sub,23,2,23,1554,2.245230732485652,2,4.877946125343442,25,2021,Torino,3,0,2,2.245230732485652,9.26905883103609,3.6860799863934517,1234,Dennis Praet
season,MC,15,1,8,730,0.43896859884262085,1,1.2158559188246727,7,2020,Leicester,0,0,1,0.43896859884262085,2.111918618902564,1.2916930802166462,1234,Dennis Praet
season,Sub,27,1,16,1124,1.2077159825712442,2,1.4928809739649296,9,2019,Leicester,2,0,1,1.2077159825712442,6.806879626587033,5.0909496722742915,1234,Dennis Praet
season,Sub,34,2,34,2905,2.301912127994001,3,4.416669359430671,37,2018,Sampdoria,6,0,2,2.301912127994001,13.253823731094599,9.453489234670997,1234,Dennis Praet
season,MC,32,1,33,2667,1.9777041971683502,3,3.470587158575654,32,2017,Sampdoria,4,0,1,1.9777041971683502,10.65403225645423,7.207118842750788,1234,Dennis Praet
season,MC,32,1,31,1794,1.4778321916237473,1,1.366460995748639,24,2016,Sampdoria,4,0,1,1.4778321916237473,4.329986507073045,2.563832708634436,1234,Dennis Praet
