group_type,position,games,goals,shots,time,xG,assists,xA,key_passes,season,team,yellow,red,npg,npxG,xGChain,xGBuildup,player_id,player_name
season,DMR,8,0,1,437,0.00923213642090559,0,0.33877117466181517,5,2025,Wolverhampton Wanderers,0,0,0,0.00923213642090559,1.378377165645361,1.0303738564252853,8351,Ki-Jana Hoever
season,DL,30,1,10,2170,0.6008255472406745,2,2.9231875790283084,24,2024,Auxerre,2,1,1,0.6008255472406745,9.15106891747564,6.473006791435182,8351,Ki-Jana Hoever
season,DMR,8,0,1,304,0.03382990136742592,0,0.08631429821252823,1,2021,Wolverhampton Wanderers,1,0,0,0.03382990136742592,0.5698080062866211,0.48349300026893616,8351,Ki-Jana Hoever
season,Sub,12,0,1,568,0.05745600163936615,0,0.1842530034482479,3,2020,Wolverhampton Wanderers,1,0,0,0.05745600163936615,1.222544588148594,1.0209383219480515,8351,Ki-Jana Hoever
