group_type,position,games,goals,shots,time,xG,assists,xA,key_passes,season,team,yellow,red,npg,npxG,xGChain,xGBuildup,player_id,player_name
season,MC,28,5,54,2319,2.8874625228345394,3,5.918766176328063,60,2025,Leeds,3,0,5,2.8874625228345394,10.074857572093606,6.167097453027964,9910,Anton Stach
season,DC,30,1,35,2593,2.1430076980032027,2,2.5603713737800717,27,2024,Hoffenheim,8,0,1,2.1430076980032027,12.809256525710225,10.120860667899251,9910,Anton Stach
season,Sub,31,2,38,2347,1.7805747501552105,3,3.283875208348036,19,2023,Hoffenheim,4,0,2,1.7805747501552105,9.99098183400929,7.335838744416833,9910,Anton Stach
season,MC,2,0,2,176,0.16707142442464828,0,0.10254895687103271,2,2023,Mainz 05,0,0,0,0.16707142442464828,0.37642957270145416,0.10680919885635376,9910,Anton Stach
season,MR,30,1,36,2080,2.024175141006708,4,3.7558081168681383,31,2022,Mainz 05,4,0,1,2.024175141006708,6.682561932131648,3.076814828440547,9910,Anton Stach
season,Sub,29,1,48,1857,2.02553120162338,6,4.120082991197705,32,2021,Mainz 05,6,0,1,2.02553120162338,7.924478895962238,5.052265904843807,9910,Anton Stach
