group_type,position,games,goals,shots,time,xG,assists,xA,key_passes,season,team,yellow,red,npg,npxG,xGChain,xGBuildup,player_id,player_name
season,AMC,4,1,4,204,1.0325140878558159,0,0.11298760026693344,3,2017,West Bromwich Albion,0,0,1,1.0325140878558159,1.5032309889793396,0.5208520032465458,990,James Morrison
season,Sub,31,5,23,1736,2.478531064465642,2,1.3765214690938592,23,2016,West Bromwich Albion,3,0,5,2.478531064465642,6.91210843808949,3.5719482516869903,990,James Morrison
season,MC,18,3,24,1354,1.8907658848911524,3,1.1233719112351537,15,2015,West Bromwich Albion,3,0,3,1.1295968685299158,3.430091424845159,1.7143349926918745,990,James Morrison
season,Sub,33,2,30,2567,1.7436685003340244,1,3.0994835887104273,37,2014,West Bromwich Albion,3,0,2,1.7436685003340244,8.344453379511833,6.145427389070392,990,James Morrison
