group_type,position,games,goals,shots,time,xG,assists,xA,key_passes,season,team,yellow,red,npg,npxG,xGChain,xGBuildup,player_id,player_name
season,DMC,28,3,41,1911,2.1179441660642624,3,1.4007999636232853,15,2025,Brighton,1,0,3,2.1179441660642624,7.775305330753326,5.351266922429204,11385,Yasin Ayari
season,Sub,34,2,28,1977,2.234291661530733,1,3.114554302766919,28,2024,Brighton,3,0,2,2.234291661530733,10.207828298211098,7.504959750920534,11385,Yasin Ayari
season,Sub,3,0,1,59,0.012823300436139107,0,0.23809801787137985,2,2022,Brighton,0,0,0,0.012823300436139107,0.3362570181488991,0.22691300511360168,11385,Yasin Ayari
