group_type,position,games,goals,shots,time,xG,assists,xA,key_passes,season,team,yellow,red,npg,npxG,xGChain,xGBuildup,player_id,player_name
season,GK,35,0,0,3150,0,0,0.10640144906938076,2,2025,Brentford,1,0,0,0,5.306575758382678,5.200174316763878,7904,Caoimhin Kelleher
season,GK,10,0,0,900,0,0,0,0,2024,Liverpool,0,0,0,0,1.939537651836872,1.939537651836872,7904,Caoimhin Kelleher
season,GK,10,0,0,900,0,0,0.044807832688093185,1,2023,Liverpool,0,0,0,0,3.1609220281243324,3.1609220281243324,7904,Caoimhin Kelleher
season,GK,1,0,0,90,0,0,0,0,2022,Liverpool,0,0,0,0,0,0,7904,Caoimhin Kelleher
season,GK,2,0,0,180,0,0,0,0,2021,Liverpool,0,0,0,0,0.33267999440431595,0.33267999440431595,7904,Caoimhin Kelleher
season,GK,2,0,0,180,0,0,0,0,2020,Liverpool,0,0,0,0,0.44792699813842773,0.44792699813842773,7904,Caoimhin Kelleher
