group_type,position,games,goals,shots,time,xG,assists,xA,key_passes,season,team,yellow,red,npg,npxG,xGChain,xGBuildup,player_id,player_name
season,MC,35,0,3,1688,0.0946264024823904,1,0.33982880413532257,6,2021,Lazio,9,0,0,0.0946264024823904,6.712816031649709,6.398229727521539,475,Lucas Leiva
season,MC,32,0,12,2175,0.3638604013249278,0,0.5465141087770462,7,2020,Lazio,10,0,0,0.3638604013249278,10.54898451641202,9.717118680477142,475,Lucas Leiva
season,MC,25,0,10,1837,0.43783899769186974,1,1.7984362859278917,19,2019,Lazio,8,1,0,0.43783899769186974,9.585468381643295,8.626096595078707,475,Lucas Leiva
season,MC,27,0,15,1986,0.47169396188110113,2,2.2657021330669522,30,2018,Lazio,7,0,0,0.47169396188110113,9.970771322026849,8.824546936899424,475,Lucas Leiva
season,MC,36,2,27,2910,2.315411575138569,3,2.5903239911422133,38,2017,Lazio,9,0,2,2.315411575138569,16.647322461009026,13.96184691414237,475,Lucas Leiva
season,Sub,24,0,8,1097,0.7886195899918675,3,0.6543113999068737,6,2016,Liverpool,4,0,0,0.7886195899918675,3.259511113166809,2.934801807627082,475,Lucas Leiva
season,DC,27,0,9,1948,0.6402260018512607,1,1.5367639092728496,22,2015,Liverpool,8,0,0,0.6402260018512607,7.419128969311714,6.147572515532374,475,Lucas Leiva
season,DMC,20,0,11,1321,0.5969759095460176,0,0.4187125973403454,8,2014,Liverpool,4,0,0,0.5969759095460176,5.052655240520835,4.298969464376569,475,Lucas Leiva
