group_type,position,games,goals,shots,time,xG,assists,xA,key_passes,season,team,yellow,red,npg,npxG,xGChain,xGBuildup,player_id,player_name
season,DL,32,2,8,2177,1.326234550215304,1,1.7954266592860222,25,2025,Liverpool,4,0,2,1.326234550215304,8.837687635794282,6.275320049375296,11709,Milos Kerkez
season,DL,38,2,19,3359,0.7433816641569138,5,4.914374724030495,35,2024,Bournemouth,4,0,2,0.7433816641569138,13.390899841673672,9.968997127376497,11709,Milos Kerkez
season,DL,28,0,16,1982,1.6971189985051751,1,1.3916718121618032,13,2023,Bournemouth,4,1,0,1.6971189985051751,7.389515491202474,5.424490239471197,11709,Milos Kerkez
