group_type,position,games,goals,shots,time,xG,assists,xA,key_passes,season,team,yellow,red,npg,npxG,xGChain,xGBuildup,player_id,player_name
season,DMC,8,0,0,197,0,0,0,0,2019,West Ham,0,0,0,0,0.5077890157699585,0.5077890157699585,1036,Jack Wilshere
season,AMC,8,0,2,384,0.17782259359955788,1,0.534796186722815,5,2018,West Ham,2,0,0,0.17782259359955788,1.100212186574936,0.6268102992326021,1036,Jack Wilshere
season,Sub,20,1,15,1179,1.1624423153698444,3,2.2813697066158056,15,2017,Arsenal,6,0,1,1.1624423153698444,7.7359724417328835,5.041471848264337,1036,Jack Wilshere
season,Sub,27,0,27,1920,2.1664469931274652,2,2.823251873254776,34,2016,Bournemouth,3,0,0,2.1664469931274652,8.19968657195568,4.684918493963778,1036,Jack Wilshere
season,Sub,2,0,0,35,0,0,0,0,2016,Arsenal,1,0,0,0,0.026521999388933182,0.026521999388933182,1036,Jack Wilshere
season,AMR,3,0,1,141,0.31812000274658203,0,0.11653199791908264,1,2015,Arsenal,0,0,0,0.31812000274658203,0.8949851989746094,0.460332989692688,1036,Jack Wilshere
season,MC,14,2,18,739,2.419227445498109,1,1.4338918002322316,16,2014,Arsenal,4,0,2,2.419227445498109,7.234426703304052,4.517601888626814,1036,Jack Wilshere
