group_type,position,games,goals,shots,time,xG,assists,xA,key_passes,season,team,yellow,red,npg,npxG,xGChain,xGBuildup,player_id,player_name
season,Sub,18,1,4,1127,0.22160420380532742,0,0.4299117922782898,6,2020,Bayer Leverkusen,3,0,1,0.22160420380532742,4.592215363867581,4.116992146708071,5219,Aleksandar Dragovic
season,Sub,15,0,2,1030,0.8147090077400208,0,0.06654859893023968,2,2019,Bayer Leverkusen,5,1,0,0.8147090077400208,2.5972547121345997,2.423275712877512,5219,Aleksandar Dragovic
season,DC,18,2,4,1327,0.875534912571311,0,0.10446824319660664,3,2018,Bayer Leverkusen,4,0,2,0.875534912571311,3.803358804434538,3.7507576029747725,5219,Aleksandar Dragovic
season,DR,11,0,1,765,0.110555000603199,0,0,0,2017,Leicester,2,0,0,0.110555000603199,1.010572612285614,1.010572612285614,5219,Aleksandar Dragovic
season,Sub,1,0,0,44,0,0,0,0,2017,Bayer Leverkusen,0,0,0,0,0.4848479926586151,0.4848479926586151,5219,Aleksandar Dragovic
season,DC,19,0,6,1255,0.376138299703598,1,0.48181829042732716,4,2016,Bayer Leverkusen,1,0,0,0.376138299703598,1.5695286802947521,1.483517188578844,5219,Aleksandar Dragovic
