group_type,position,games,goals,shots,time,xG,assists,xA,key_passes,season,team,yellow,red,npg,npxG,xGChain,xGBuildup,player_id,player_name
season,Sub,6,0,3,217,0.4029714949429035,0,0.7639936096966267,4,2022,Nantes,1,1,0,0.4029714949429035,2.407537005841732,1.9072380065917969,1752,Fabio
season,DL,27,0,11,1695,0.5888411942869425,2,0.9830874921754003,10,2021,Nantes,8,1,0,0.5888411942869425,6.091770062223077,5.103922883048654,1752,Fabio
season,DR,22,0,8,1511,0.3083765087649226,1,0.6353958947584033,11,2020,Nantes,3,1,0,0.3083765087649226,2.6631067683920264,1.8374959714710712,1752,Fabio
season,DR,10,0,3,834,0.047167700715363026,0,0.3684643991291523,7,2019,Nantes,4,0,0,0.047167700715363026,2.046215900219977,1.9078965047374368,1752,Fabio
season,DR,20,0,3,1294,0.042961928993463516,2,0.9140011062845588,15,2018,Nantes,3,1,0,0.042961928993463516,3.592698674649,2.8588691018521786,1752,Fabio
season,DR,24,0,5,1856,0.14708230085670948,0,0.7305000070482492,16,2016,Middlesbrough,8,0,0,0.14708230085670948,3.58852565754205,3.0109126269817352,1752,Fabio
