group_type,position,games,goals,shots,time,xG,assists,xA,key_passes,season,team,yellow,red,npg,npxG,xGChain,xGBuildup,player_id,player_name
season,Sub,2,0,0,9,0,0,0,0,2019,Aston Villa,0,0,0,0,0,0,1701,Borja Bastón
season,Sub,27,5,33,1462,6.9369997307658195,1,1.2777879182249308,8,2018,Alaves,4,0,5,6.9369997307658195,6.134074714034796,0.25884849950671196,1701,Borja Bastón
season,FW,20,2,27,967,4.402471374720335,0,0.11195929907262325,4,2017,Malaga,2,0,1,2.9165613166987896,3.8938471861183643,1.263245601207018,1701,Borja Bastón
season,Sub,18,1,15,526,2.2868412025272846,0,0.21951169706881046,5,2016,Swansea,0,0,1,2.2868412025272846,2.7998032346367836,0.9506967887282372,1701,Borja Bastón
season,Sub,36,18,93,2580,18.541699793189764,3,2.7201964668929577,18,2015,Eibar,3,0,15,16.31186119839549,17.243660908192396,3.074555892497301,1701,Borja Bastón
