group_type,position,games,goals,shots,time,xG,assists,xA,key_passes,season,team,yellow,red,npg,npxG,xGChain,xGBuildup,player_id,player_name
season,DR,20,0,0,899,0,2,0.4984638234600425,6,2025,Bournemouth,3,0,0,0,3.624245949089527,3.1500738691538572,825,Adam Smith
season,DR,25,0,3,1625,0.3261268213391304,0,0.4430896267294884,8,2024,Bournemouth,7,0,0,0.3261268213391304,5.3390795309096575,4.7454583663493395,825,Adam Smith
season,Sub,28,0,2,2185,0.03963742405176163,2,1.4616671204566956,17,2023,Bournemouth,6,0,0,0.03963742405176163,7.450475042685866,6.158073959872127,825,Adam Smith
season,DR,37,0,5,2957,0.9768042117357254,1,1.4084933251142502,16,2022,Bournemouth,11,0,0,0.9768042117357254,4.09709825925529,3.0260829851031303,825,Adam Smith
season,DMR,24,0,4,2078,0.6926139984279871,1,1.273223688825965,10,2019,Bournemouth,7,0,0,0.6926139984279871,5.350808300077915,4.599227916449308,825,Adam Smith
season,DR,25,1,7,2080,0.5962849920615554,1,0.5752321984618902,11,2018,Bournemouth,5,1,1,0.5962849920615554,8.29193640500307,7.586809826083481,825,Adam Smith
season,Sub,27,1,13,2067,0.4273650301620364,3,1.4670487884432077,21,2017,Bournemouth,6,0,1,0.4273650301620364,4.557140359655023,3.196541078388691,825,Adam Smith
season,DR,36,1,26,3094,1.389054604806006,5,4.811003897339106,30,2016,Bournemouth,6,0,1,1.389054604806006,10.946810204535723,7.341879336163402,825,Adam Smith
season,Sub,31,2,15,2085,0.48813990131020546,0,1.1019454840570688,14,2015,Bournemouth,5,0,2,0.48813990131020546,3.9739092104136944,3.1956596188247204,825,Adam Smith
