group_type,position,games,goals,shots,time,xG,assists,xA,key_passes,season,team,yellow,red,npg,npxG,xGChain,xGBuildup,player_id,player_name
season,DL,14,0,6,1019,0.2385539012029767,0,0.5429349038749933,11,2019,Watford,5,0,0,0.2385539012029767,2.609514666721225,2.2376914685592055,568,José Holebas
season,DL,28,3,17,2395,0.9423710945993662,6,4.580443293787539,38,2018,Watford,12,1,3,0.9423710945993662,7.107872102409601,5.283564519137144,568,José Holebas
season,DL,28,0,17,2385,0.4316608998924494,4,3.7131323516368866,37,2017,Watford,7,0,0,0.4316608998924494,3.8699897844344378,3.213603099808097,568,José Holebas
season,DML,33,2,28,2917,0.9236078038811684,4,2.9176323590800166,36,2016,Watford,14,0,2,0.9236078038811684,5.528829487040639,4.063428420573473,568,José Holebas
season,DL,11,0,13,948,0.5325350929051638,0,0.09013739787042141,6,2015,Watford,2,0,0,0.5325350929051638,0.8886936912313104,0.6776373898610473,568,José Holebas
season,DL,24,1,20,2054,0.5411747954785824,1,1.2736094202846289,19,2014,Roma,5,0,1,0.5411747954785824,5.189373712986708,4.612719444558024,568,José Holebas
