group_type,position,games,goals,shots,time,xG,assists,xA,key_passes,season,team,yellow,red,npg,npxG,xGChain,xGBuildup,player_id,player_name
season,Sub,22,1,5,1275,1.1882447563111782,0,0.3569928742945194,6,2025,West Ham,2,0,1,1.1882447563111782,4.904916271567345,3.5975223556160927,885,Kyle Walker-Peters
season,DML,33,0,20,2934,1.1614951640367508,2,2.7974178763106465,23,2024,Southampton,5,0,0,1.1614951640367508,9.133386302739382,6.938454505056143,885,Kyle Walker-Peters
season,DR,31,1,12,2659,0.6717622503638268,0,1.8380213044583797,15,2022,Southampton,4,0,1,0.6717622503638268,7.270549733191729,5.722348512150347,885,Kyle Walker-Peters
season,Sub,32,1,26,2631,1.3275081813335419,2,3.3270802088081837,24,2021,Southampton,5,0,1,1.3275081813335419,9.220581082627177,6.448179150000215,885,Kyle Walker-Peters
season,DR,30,0,18,2655,1.1350792245939374,2,1.2537505887448788,16,2020,Southampton,4,0,0,1.1350792245939374,8.663987170904875,6.625145656056702,885,Kyle Walker-Peters
season,DR,10,0,2,701,0.09554050117731094,0,0.6776720061898232,4,2019,Southampton,1,0,0,0.09554050117731094,1.8544986769557,1.1769267693161964,885,Kyle Walker-Peters
season,DR,3,0,1,245,0.023991400375962257,0,0.06968989968299866,2,2019,Tottenham,0,0,0,0.023991400375962257,0.48942780308425426,0.47208881191909313,885,Kyle Walker-Peters
season,Sub,6,0,2,372,0.34681140072643757,3,0.47638899087905884,7,2018,Tottenham,1,0,0,0.34681140072643757,2.0650422908365726,1.4256772734224796,885,Kyle Walker-Peters
season,DR,3,0,0,187,0,2,1.3938239887356758,3,2017,Tottenham,0,0,0,0,1.5447429865598679,0.25700799375772476,885,Kyle Walker-Peters
