group_type,position,games,goals,shots,time,xG,assists,xA,key_passes,season,team,yellow,red,npg,npxG,xGChain,xGBuildup,player_id,player_name
season,Sub,3,0,1,30,0.2967830002307892,0,0,0,2016,Cagliari,0,0,0,0.2967830002307892,0.31198040023446083,0.015197400003671646,947,Víctor Ibarbo
season,Sub,4,0,0,60,0,0,0,0,2015,Watford,0,0,0,0,0.017513500526547432,0.017513500526547432,947,Víctor Ibarbo
season,Sub,2,0,0,8,0,0,0,0,2015,Roma,0,0,0,0,0.379287987947464,0.379287987947464,947,Víctor Ibarbo
season,Sub,13,2,20,1057,3.385986842215061,2,3.157273966819048,20,2014,Cagliari,4,1,2,3.385986842215061,7.793100584298372,3.5524685494601727,947,Víctor Ibarbo
season,Sub,10,0,8,573,1.5762508027255535,1,1.726638212800026,13,2014,Roma,1,0,0,1.5762508027255535,3.8648784309625626,1.7166342064738274,947,Víctor Ibarbo
