group_type,position,games,goals,shots,time,xG,assists,xA,key_passes,season,team,yellow,red,npg,npxG,xGChain,xGBuildup,player_id,player_name
season,Sub,2,0,0,29,0,0,0.426640123128891,1,2025,Werder Bremen,0,0,0,0,0.426640123128891,0.426640123128891,7366,Maximilian Wöber
season,DC,25,2,19,2104,1.5659300200641155,3,1.2240509875118732,12,2023,Borussia M.Gladbach,2,1,2,1.5659300200641155,7.7744498290121555,7.407491223886609,7366,Maximilian Wöber
season,Sub,16,0,9,1263,0.464545956812799,0,0.742159578949213,6,2022,Leeds,3,0,0,0.464545956812799,2.0196083020418882,1.4275220111012459,7366,Maximilian Wöber
season,DC,7,0,5,535,0.1957975998520851,0,0.5373721141368151,5,2018,Sevilla,2,0,0,0.1957975998520851,2.253508985042572,1.778278037905693,7366,Maximilian Wöber
