group_type,position,games,goals,shots,time,xG,assists,xA,key_passes,season,team,yellow,red,npg,npxG,xGChain,xGBuildup,player_id,player_name
season,DMC,27,0,12,1331,0.5109043149277568,2,1.8362781833857298,7,2025,Everton,8,0,0,0.5109043149277568,3.842379178851843,2.272451017051935,9554,Tim Iroegbunam
season,DMC,18,0,5,533,0.20852449536323547,1,0.17536944895982742,3,2024,Everton,4,0,0,0.20852449536323547,1.8715934120118618,1.4876995496451855,9554,Tim Iroegbunam
season,Sub,9,0,0,136,0,0,0,0,2023,Aston Villa,0,0,0,0,0.08667697012424469,0.08667697012424469,9554,Tim Iroegbunam
season,Sub,3,0,1,91,0.10066100209951401,0,0,0,2021,Aston Villa,1,0,0,0.10066100209951401,0.10236839950084686,0.10236839950084686,9554,Tim Iroegbunam
