group_type,position,games,goals,shots,time,xG,assists,xA,key_passes,season,team,yellow,red,npg,npxG,xGChain,xGBuildup,player_id,player_name
season,Sub,20,0,8,1033,1.0980575922876596,1,0.5616094097495079,2,2021,Villarreal,4,0,0,1.0980575922876596,7.693986777216196,7.270136807113886,2065,Vicente Iborra
season,Sub,13,0,3,920,0.09048389084637165,0,0.08564719930291176,2,2020,Villarreal,4,0,0,0.09048389084637165,4.424344988539815,4.330353977158666,2065,Vicente Iborra
season,AMC,34,1,21,2689,3.5264706667512655,2,1.095212621614337,10,2019,Villarreal,10,0,1,3.5264706667512655,12.988594291731715,10.061745522543788,2065,Vicente Iborra
season,DMC,19,3,18,1671,2.2688949494622648,1,0.8494709124788642,7,2018,Villarreal,7,0,3,2.2688949494622648,6.400824844837189,4.577451825141907,2065,Vicente Iborra
season,Sub,8,0,2,220,0.27342139929533005,0,0.10496699810028076,1,2018,Leicester,0,0,0,0.27342139929533005,0.23042919486761093,0.23042919486761093,2065,Vicente Iborra
season,MC,19,3,14,1424,1.5937971249222755,0,0.48453009594231844,8,2017,Leicester,0,0,3,1.5937971249222755,5.873558555729687,5.198550389148295,2065,Vicente Iborra
season,Sub,31,7,31,1452,6.256878807209432,2,1.9744154084473848,15,2016,Sevilla,9,0,6,5.513601734302938,8.205037284642458,3.4023847468197346,2065,Vicente Iborra
season,DMC,29,7,31,1743,6.878030762076378,2,3.628188606351614,13,2015,Sevilla,8,1,7,6.878030762076378,13.52793588116765,5.235780667513609,2065,Vicente Iborra
season,DMC,26,7,39,2029,6.881373321637511,1,1.7642168924212456,20,2014,Sevilla,7,0,7,6.881373321637511,12.004606183618307,5.441505823284388,2065,Vicente Iborra
