group_type,position,games,goals,shots,time,xG,assists,xA,key_passes,season,team,yellow,red,npg,npxG,xGChain,xGBuildup,player_id,player_name
season,Sub,16,0,4,1037,0.05390207935124636,0,0.4361163191497326,4,2025,Manchester United,0,1,0,0.05390207935124636,5.187347691506147,5.094356346875429,10802,Lisandro Martínez
season,DC,20,2,17,1762,1.6867136806249619,1,1.357606129720807,9,2024,Manchester United,7,0,2,1.6867136806249619,9.639154896140099,8.233198188245296,10802,Lisandro Martínez
season,DC,11,0,0,656,0,1,0.047665963880717754,3,2023,Manchester United,3,0,0,0,2.1589127592742443,2.1222109608352184,10802,Lisandro Martínez
season,DC,27,1,10,2123,0.5251706019043922,0,0.22932187095284462,6,2022,Manchester United,6,0,1,0.5251706019043922,8.252100160345435,8.186085043475032,10802,Lisandro Martínez
