group_type,position,games,goals,shots,time,xG,assists,xA,key_passes,season,team,yellow,red,npg,npxG,xGChain,xGBuildup,player_id,player_name
season,Sub,18,4,14,531,4.483994249254465,2,0.9996647089719772,7,2024,Inter,1,0,4,4.483994249254465,4.679309174418449,1.4731150679290295,865,Marko Arnautovic
season,Sub,27,5,17,748,5.603070825338364,3,2.8958673030138016,16,2023,Inter,0,0,5,5.603070825338364,9.66440336406231,2.5932205468416214,865,Marko Arnautovic
season,FW,21,10,31,1556,8.071489023044705,0,2.5909547666087747,22,2022,Bologna,5,0,7,5.787593238987029,10.896913611330092,3.1932739103212953,865,Marko Arnautovic
season,FW,33,14,91,2712,15.744558840990067,1,3.620817095041275,43,2021,Bologna,6,0,12,13.460662811994553,18.33075999096036,5.7628194922581315,865,Marko Arnautovic
season,FW,28,10,62,2006,8.936907790601254,4,3.9999511502683163,36,2018,West Ham,3,0,9,8.175812758505344,12.378125626593828,2.8474413827061653,865,Marko Arnautovic
season,AML,31,11,71,2343,9.801479201763868,6,4.4477998204529285,34,2017,West Ham,5,1,11,9.801479201763868,13.03737136349082,2.687312562018633,865,Marko Arnautovic
season,AML,32,6,60,2742,9.1962870080024,5,7.129753512330353,50,2016,Stoke,9,1,6,8.43511831946671,17.06825363636017,4.3215431571006775,865,Marko Arnautovic
season,AML,34,11,70,2836,12.059158718213439,6,6.117617999669164,50,2015,Stoke,2,0,8,9.77568761818111,18.740881614387035,6.815894588828087,865,Marko Arnautovic
season,AML,29,1,44,1930,3.1155167492106557,5,3.5108031556010246,42,2014,Stoke,2,0,1,3.1155167492106557,8.556447265669703,3.459008727222681,865,Marko Arnautovic
