group_type,position,games,goals,shots,time,xG,assists,xA,key_passes,season,team,yellow,red,npg,npxG,xGChain,xGBuildup,player_id,player_name
season,MC,29,3,18,2043,1.9397044219076633,1,0.988725827075541,15,2017,Swansea,2,0,3,1.9397044219076633,4.25121492985636,2.1136740054935217,1690,Sam Clucas
season,MC,37,3,42,3195,2.7785697178915143,1,1.5413982747122645,15,2016,Hull,9,1,3,2.7785697178915143,7.731717757880688,4.405732207000256,1690,Sam Clucas
