group_type,position,games,goals,shots,time,xG,assists,xA,key_passes,season,team,yellow,red,npg,npxG,xGChain,xGBuildup,player_id,player_name
season,Sub,29,5,52,2329,5.538348242640495,1,2.8223882792517543,25,2025,West Ham,6,0,5,5.538348242640495,9.865810140967369,3.1379556749016047,9492,Crysencio Summerville
season,Sub,19,1,14,760,1.8140362668782473,1,2.1587705314159393,17,2024,West Ham,2,0,1,1.8140362668782473,4.351440954953432,1.1789654307067394,9492,Crysencio Summerville
season,Sub,28,4,29,1391,3.5592077020555735,2,1.4241413976997137,16,2022,Leeds,4,0,4,3.5592077020555735,6.061167903244495,1.573473684489727,9492,Crysencio Summerville
season,Sub,6,0,2,124,0.3223911002278328,0,0.0485542006790638,2,2021,Leeds,0,0,0,0.3223911002278328,0.4145205095410347,0.07972969859838486,9492,Crysencio Summerville
