group_type,position,games,goals,shots,time,xG,assists,xA,key_passes,season,team,yellow,red,npg,npxG,xGChain,xGBuildup,player_id,player_name
season,MC,5,0,0,308,0,0,0,0,2017,Swansea,1,0,0,0,0.6893031932413578,0.6893031932413578,830,Leon Britton
season,MC,16,0,0,1201,0,0,0.06224440038204193,2,2016,Swansea,3,0,0,0,2.6232918053865433,2.607433795928955,830,Leon Britton
season,Sub,25,0,5,1532,0.10181319899857044,0,0.0973522998392582,4,2015,Swansea,4,0,0,0.10181319899857044,2.0542130824178457,1.9618243854492903,830,Leon Britton
season,Sub,9,0,0,541,0,0,0.01674170047044754,1,2014,Swansea,1,0,0,0,0.9559799954295158,0.9559799954295158,830,Leon Britton
