group_type,position,games,goals,shots,time,xG,assists,xA,key_passes,season,team,yellow,red,npg,npxG,xGChain,xGBuildup,player_id,player_name
season,Sub,6,0,2,46,0.056573908776044846,0,0,0,2024,Genoa,2,0,0,0.056573908776044846,0.11396586149930954,0.11396586149930954,1817,Mario Balotelli
season,FW,19,5,72,1417,7.284743475727737,0,0.44696130231022835,9,2019,Brescia,6,1,5,7.284743475727737,7.3200103882700205,2.621516326442361,1817,Mario Balotelli
season,Sub,15,8,43,950,5.173961870372295,0,0.5771643985062838,8,2018,Marseille,5,1,8,5.173961870372295,5.494439668953419,1.4991745240986347,1817,Mario Balotelli
season,FW,10,0,33,767,2.784549243748188,1,1.4445072952657938,8,2018,Nice,5,0,0,2.784549243748188,3.9988403860479593,0.20402840245515108,1817,Mario Balotelli
season,Sub,28,18,108,2289,14.911137357354164,1,3.0626900047063828,32,2017,Nice,11,1,12,9.590470306575298,11.901695899665356,3.644095813855529,1817,Mario Balotelli
season,FW,23,15,75,1748,11.925692638382316,1,0.9889703020453453,10,2016,Nice,5,3,12,8.88537366501987,8.885695492848754,2.278926068916917,1817,Mario Balotelli
season,Sub,20,1,43,818,3.3212261218577623,1,2.8062580451369286,24,2015,AC Milan,6,0,1,2.5599320847541094,2.654735079035163,0.8882757890969515,1817,Mario Balotelli
season,FW,16,1,56,936,5.241074638441205,0,0.43037499859929085,9,2014,Liverpool,5,0,1,5.241074638441205,5.4852441139519215,0.637516425922513,1817,Mario Balotelli
