group_type,position,games,goals,shots,time,xG,assists,xA,key_passes,season,team,yellow,red,npg,npxG,xGChain,xGBuildup,player_id,player_name
season,Sub,9,0,9,401,1.0177823081612587,0,0.21381378918886185,5,2024,Sevilla,0,0,0,1.0177823081612587,1.3642380880191922,0.1326419608667493,620,Kelechi Iheanacho
season,Sub,28,5,39,1120,6.133550511673093,5,3.7054135501384735,22,2022,Leicester,0,0,4,5.372381644323468,9.021692022681236,1.8175414633005857,620,Kelechi Iheanacho
season,Sub,26,4,31,1236,3.6333328122273088,5,2.7090907525271177,17,2021,Leicester,1,0,4,3.6333328122273088,7.717554868198931,1.7873298982158303,620,Kelechi Iheanacho
season,Sub,25,12,59,1452,9.048603574745357,2,3.5340976137667894,28,2020,Leicester,1,0,12,8.287429581396282,13.961564272642136,3.4299194402992725,620,Kelechi Iheanacho
season,Sub,20,5,36,976,5.901271965354681,3,2.5886508151888847,15,2019,Leicester,1,0,5,5.901271965354681,8.980083491653204,1.3327803052961826,620,Kelechi Iheanacho
season,FW,30,1,18,911,2.579853634350002,3,1.3410564297810197,13,2018,Leicester,2,0,1,2.579853634350002,5.289887831546366,1.9898737482726574,620,Kelechi Iheanacho
season,Sub,21,3,29,809,4.825843458995223,3,2.0846432354301214,11,2017,Leicester,2,0,3,4.825843458995223,5.0668624844402075,0.6976029947400093,620,Kelechi Iheanacho
season,Sub,20,4,22,515,4.739896599203348,3,2.534386456012726,13,2016,Manchester City,0,0,4,4.739896599203348,7.544516956433654,2.492477960884571,620,Kelechi Iheanacho
season,FW,26,8,28,727,4.937837693840265,1,1.5855757798999548,14,2015,Manchester City,1,0,8,4.937837693840265,6.360714611597359,1.1206862023100257,620,Kelechi Iheanacho
