group_type,position,games,goals,shots,time,xG,assists,xA,key_passes,season,team,yellow,red,npg,npxG,xGChain,xGBuildup,player_id,player_name
season,DR,31,0,8,2273,0.42337211314588785,2,3.7035163436084986,31,2025,Torino,4,0,0,0.42337211314588785,6.316612107679248,4.944833934307098,6352,Valentino Lazaro
season,DML,33,0,16,2335,1.252574815414846,6,3.495082600042224,33,2024,Torino,6,0,0,1.252574815414846,7.490926083177328,5.380676664412022,6352,Valentino Lazaro
season,Sub,35,0,18,1966,2.348205342888832,4,3.1190716549754143,34,2023,Torino,3,0,0,2.348205342888832,7.661769658327103,4.8102430403232574,6352,Valentino Lazaro
season,Sub,23,0,7,1388,0.4718340002000332,3,2.9764944091439247,30,2022,Torino,4,0,0,0.4718340002000332,4.73222528398037,2.8800638541579247,6352,Valentino Lazaro
season,Sub,22,2,15,1230,1.8091706074774265,0,1.2182256765663624,17,2020,Borussia M.Gladbach,3,0,2,1.8091706074774265,6.592180976644158,3.7790784128010273,6352,Valentino Lazaro
season,Sub,13,1,4,455,0.4934957902878523,0,0.17799819633364677,6,2019,Newcastle United,0,1,1,0.4934957902878523,1.674841365776956,1.1888012019917369,6352,Valentino Lazaro
season,Sub,6,0,3,324,0.10806380212306976,1,0.9663954991847277,9,2019,Inter,2,0,0,0.10806380212306976,1.4363029971718788,0.8304870054125786,6352,Valentino Lazaro
season,DMR,31,3,20,2743,2.1725085116922855,6,6.642009380273521,55,2018,Hertha Berlin,6,0,3,2.1725085116922855,12.857309303246439,7.494640043005347,6352,Valentino Lazaro
season,Sub,26,2,18,1853,2.243489167653024,5,4.143410543911159,28,2017,Hertha Berlin,4,0,2,2.243489167653024,8.635853382758796,3.6681989654898643,6352,Valentino Lazaro
