group_type,position,games,goals,shots,time,xG,assists,xA,key_passes,season,team,yellow,red,npg,npxG,xGChain,xGBuildup,player_id,player_name
season,FW,13,0,5,437,0.7814846076071262,0,0.11451919749379158,2,2017,Alaves,0,0,0,0.7814846076071262,1.1051165908575058,0.6071439106017351,871,Bojan
season,AMC,1,0,1,73,0.028223099187016487,0,0.021833699196577072,1,2017,Stoke,0,0,0,0.028223099187016487,0.05005680024623871,0,871,Bojan
season,AMC,11,1,13,631,1.135646991431713,1,0.3745343014597893,10,2016,Mainz 05,1,0,1,1.135646991431713,1.436890110373497,0.3020963720045984,871,Bojan
season,AMC,9,3,10,474,2.816583713516593,0,0.15535229817032814,4,2016,Stoke,1,0,1,0.5330776115879416,1.2773735206574202,0.6525818966329098,871,Bojan
season,AMC,27,7,36,1741,4.585217607673258,1,1.8038731729611754,26,2015,Stoke,2,0,5,3.0629195696674287,8.157264658249915,4.417733781039715,871,Bojan
season,AMR,16,4,32,1236,2.5972428917884827,1,1.701795894652605,26,2014,Stoke,2,0,3,1.836074199527502,3.769357718527317,1.5529742930084467,871,Bojan
