group_type,position,games,goals,shots,time,xG,assists,xA,key_passes,season,team,yellow,red,npg,npxG,xGChain,xGBuildup,player_id,player_name
season,DR,22,1,16,1805,0.728774206712842,0,0.9490535911172628,11,2025,Fulham,2,0,1,0.728774206712842,3.9443747084587812,3.1575920060276985,5973,Kenny Tete
season,DR,22,0,25,1790,1.595350006595254,2,0.6750296298414469,9,2024,Fulham,5,0,0,1.595350006595254,7.372500399127603,6.540642708539963,5973,Kenny Tete
season,DR,14,1,4,880,1.1781789623200893,0,0.16147804353386164,3,2023,Fulham,2,0,1,1.1781789623200893,1.8050313368439674,1.7335399203002453,5973,Kenny Tete
season,DR,31,1,13,2589,0.7199479946866632,5,2.3401720114052296,23,2022,Fulham,8,0,1,0.7199479946866632,6.9487364469096065,4.787528486922383,5973,Kenny Tete
season,DR,22,0,7,1483,0.2111262995749712,1,0.9065475072711706,19,2020,Fulham,3,0,0,0.2111262995749712,3.743922509253025,2.7555710561573505,5973,Kenny Tete
season,Sub,1,0,0,18,0,0,0,0,2020,Lyon,0,0,0,0,0.07901640236377716,0.07901640236377716,5973,Kenny Tete
season,Sub,18,0,7,1055,0.6010745046660304,1,1.472311271354556,12,2019,Lyon,1,0,0,0.6010745046660304,4.352365309372544,3.683154610916972,5973,Kenny Tete
season,MR,13,0,8,1055,0.7557022906839848,3,1.818778732791543,19,2018,Lyon,1,0,0,0.7557022906839848,5.27754383161664,3.6346162669360638,5973,Kenny Tete
season,Sub,22,1,7,1597,0.8887970298528671,4,2.6426528058946133,14,2017,Lyon,3,0,1,0.8887970298528671,5.888882007449865,5.072427477687597,5973,Kenny Tete
