group_type,position,games,goals,shots,time,xG,assists,xA,key_passes,season,team,yellow,red,npg,npxG,xGChain,xGBuildup,player_id,player_name
season,Sub,29,4,31,1156,2.431854285299778,1,2.613256337121129,24,2025,Tottenham,1,0,4,2.431854285299778,5.3945472072809935,2.2327852584421635,9780,Mathys Tel
season,FW,13,2,23,920,2.799501243978739,1,2.507141198962927,14,2024,Tottenham,2,0,1,2.0383324064314365,5.105695888400078,1.6562889069318771,9780,Mathys Tel
season,ML,8,0,10,246,0.8943723309785128,1,0.5589722990989685,1,2024,Bayern Munich,0,0,0,0.8943723309785128,3.095596618950367,1.6422520205378532,9780,Mathys Tel
season,Sub,30,7,43,965,4.882880583405495,5,2.5551925227046013,12,2023,Bayern Munich,2,0,7,4.882880583405495,11.930157478898764,5.437594532966614,9780,Mathys Tel
season,Sub,22,5,20,356,3.4526608996093273,0,0.6357373185455799,6,2022,Bayern Munich,2,0,5,3.4526608996093273,5.112999714910984,1.1535096727311611,9780,Mathys Tel
season,Sub,7,0,3,44,0.17950479686260223,0,0.09197419881820679,1,2021,Rennes,0,0,0,0.17950479686260223,0.6740342788398266,0.5386639833450317,9780,Mathys Tel
