group_type,position,games,goals,shots,time,xG,assists,xA,key_passes,season,team,yellow,red,npg,npxG,xGChain,xGBuildup,player_id,player_name
season,DR,28,1,8,2070,0.9618913042359054,1,1.9188834317028522,17,2025,Getafe,6,0,1,0.9618913042359054,3.8111339267343283,1.2898593991994858,5043,Kiko Femenía
season,DR,28,0,3,2242,0.32104807533323765,1,2.1311221085488796,16,2024,Villarreal,7,0,0,0.32104807533323765,9.853550355881453,8.824705503880978,5043,Kiko Femenía
season,Sub,23,0,1,1559,0.01807766780257225,0,0.7103211544454098,7,2023,Villarreal,6,1,0,0.01807766780257225,8.147028211504221,7.607327003031969,5043,Kiko Femenía
season,Sub,20,0,2,1138,0.06497503817081451,0,0.6102758115157485,9,2022,Villarreal,0,0,0,0.06497503817081451,4.738237367942929,4.458809681236744,5043,Kiko Femenía
season,DR,27,0,3,2157,0.06169210188090801,5,3.5831768922507763,23,2021,Watford,2,0,0,0.06169210188090801,3.984043716453016,3.022937606088817,5043,Kiko Femenía
season,DR,28,0,5,2253,0.12204703874886036,0,1.2010103035718203,18,2019,Watford,5,0,0,0.12204703874886036,3.485389007255435,2.782933228649199,5043,Kiko Femenía
season,Sub,29,1,6,2034,0.49933201167732477,1,1.6402669809758663,13,2018,Watford,1,0,1,0.49933201167732477,5.872224994003773,4.867890723049641,5043,Kiko Femenía
season,Sub,23,1,9,1722,0.2966681942343712,1,1.52979302033782,18,2017,Watford,2,0,1,0.2966681942343712,4.017037974670529,2.925942691974342,5043,Kiko Femenía
season,DR,31,0,5,2501,0.22424690052866936,2,2.470851220190525,19,2016,Alaves,6,0,0,0.22424690052866936,6.0537584982812405,4.564566457644105,5043,Kiko Femenía
