group_type,position,games,goals,shots,time,xG,assists,xA,key_passes,season,team,yellow,red,npg,npxG,xGChain,xGBuildup,player_id,player_name
season,Sub,18,0,3,1182,0.17199858743697405,1,1.1220016870647669,12,2025,Tottenham,3,0,0,0.17199858743697405,5.130341013893485,4.232718022540212,8831,Iyenoma Destiny Udogie
season,DL,25,0,5,1949,0.3497059941291809,1,1.2607239335775375,16,2024,Tottenham,2,0,0,0.3497059941291809,9.83161280490458,9.174497099593282,8831,Iyenoma Destiny Udogie
season,DL,28,2,9,2437,2.81389419734478,3,2.5504489485174417,24,2023,Tottenham,5,1,2,2.81389419734478,14.848989471793175,10.906614396721125,8831,Iyenoma Destiny Udogie
season,DML,33,3,27,2726,3.5052479449659586,4,3.221463406458497,34,2022,Udinese,5,0,3,3.5052479449659586,14.62338532321155,9.417170340195298,8831,Iyenoma Destiny Udogie
season,DML,35,5,27,2504,3.5196279156953096,4,2.0613310504704714,27,2021,Udinese,4,0,5,3.5196279156953096,10.377966351807117,6.397308325394988,8831,Iyenoma Destiny Udogie
season,Sub,6,0,1,160,0.4777649939060211,0,0.025652099400758743,1,2020,Verona,1,0,0,0.4777649939060211,0.7093239985406399,0.7093239985406399,8831,Iyenoma Destiny Udogie
