group_type,position,games,goals,shots,time,xG,assists,xA,key_passes,season,team,yellow,red,npg,npxG,xGChain,xGBuildup,player_id,player_name
season,Sub,2,0,0,6,0,0,0,0,2022,Rayo Vallecano,0,0,0,0,0,0,576,Mario Suárez
season,DC,14,0,9,709,1.4804580062627792,0,0.025313999503850937,1,2021,Rayo Vallecano,2,0,0,1.4804580062627792,1.8000704757869244,1.397001177072525,576,Mario Suárez
season,Sub,14,2,18,1022,0.9075861852616072,0,0.6961081037297845,10,2018,Rayo Vallecano,5,0,2,0.9075861852616072,3.0304003413766623,2.4656942170113325,576,Mario Suárez
season,MC,21,3,11,1501,1.502387786284089,0,0.2762918043881655,5,2016,Valencia,3,0,3,1.502387786284089,3.8836876805871725,3.544042848981917,576,Mario Suárez
season,Sub,15,0,8,736,0.2208740022033453,0,0.3330914042890072,7,2015,Watford,2,0,0,0.2208740022033453,1.9377544112503529,1.4637698102742434,576,Mario Suárez
season,Sub,9,1,7,451,0.4100093003362417,0,0.012999000027775764,1,2015,Fiorentina,3,0,1,0.4100093003362417,1.7259343191981316,1.4124503787606955,576,Mario Suárez
season,MC,20,1,13,1126,1.5392168071120977,0,0.3447608910501003,8,2014,Atletico Madrid,9,0,1,1.5392168071120977,1.6737851854413748,1.2201487850397825,576,Mario Suárez
