group_type,position,games,goals,shots,time,xG,assists,xA,key_passes,season,team,yellow,red,npg,npxG,xGChain,xGBuildup,player_id,player_name
season,Sub,8,0,0,341,0,0,0.05513033643364906,1,2024,Southampton,1,0,0,0,0.7140172049403191,0.6588868722319603,6044,Charlie Taylor
season,DL,28,1,10,2336,0.24035568069666624,1,1.8833663314580917,15,2023,Burnley,8,0,1,0.24035568069666624,4.918537275865674,4.101939328014851,6044,Charlie Taylor
season,DL,31,0,7,2729,0.193946810439229,3,3.4197498923167586,20,2021,Burnley,3,0,0,0.193946810439229,6.872189286164939,4.554764634929597,6044,Charlie Taylor
season,DL,29,0,3,2430,0.11451609525829554,1,1.5903598181903362,12,2020,Burnley,1,0,0,0.11451609525829554,4.609694300219417,4.193466728553176,6044,Charlie Taylor
season,Sub,24,0,1,1938,0.014006299898028374,1,0.8630970446392894,12,2019,Burnley,3,0,0,0.014006299898028374,3.4987696604803205,3.2500410806387663,6044,Charlie Taylor
season,Sub,38,0,6,3238,0.10902019869536161,1,1.4475770257413387,11,2018,Burnley,2,0,0,0.10902019869536161,4.4024678179994226,3.8603309812024236,6044,Charlie Taylor
season,Sub,11,0,0,950,0,0,0.15510539710521698,4,2017,Burnley,3,0,0,0,0.9744249004870653,0.8193196002393961,6044,Charlie Taylor
