group_type,position,games,goals,shots,time,xG,assists,xA,key_passes,season,team,yellow,red,npg,npxG,xGChain,xGBuildup,player_id,player_name
season,DC,31,0,22,2790,1.3189755799248815,1,0.47077248990535736,6,2025,Lens,3,0,0,1.3189755799248815,14.434654254466295,13.899089977145195,5648,Malang Sarr
season,DC,21,0,6,1378,0.2300545470789075,0,0.3653634153306484,4,2024,Lens,0,0,0,0.2300545470789075,5.869433268904686,5.781389489769936,5648,Malang Sarr
season,Sub,13,0,1,713,0.025496400892734528,0,0.020824799314141273,1,2022,Monaco,3,0,0,0.025496400892734528,2.537241280078888,2.516416482627392,5648,Malang Sarr
season,DC,8,0,1,549,0.020652199164032936,0,0.3875728938728571,3,2021,Chelsea,2,0,0,0.020652199164032936,1.337369790300727,0.9393736999481916,5648,Malang Sarr
season,DL,19,1,4,1448,0.4391430988907814,0,0.05959010124206543,2,2019,Nice,2,0,1,0.4391430988907814,4.137823862023652,4.0782346641644835,5648,Malang Sarr
season,Sub,35,1,9,2994,1.0188300227746367,1,0.6061733104288578,6,2018,Nice,1,0,1,1.0188300227746367,8.40423202328384,7.803509434685111,5648,Malang Sarr
season,DL,21,0,7,1309,0.6917595025151968,0,0.5341473985463381,5,2017,Nice,1,0,0,0.6917595025151968,2.707766205072403,2.511182203888893,5648,Malang Sarr
season,DC,27,1,5,2211,0.6694210879504681,1,0.8215621914714575,6,2016,Nice,4,0,1,0.6694210879504681,7.072038523852825,6.74948444403708,5648,Malang Sarr
