group_type,position,games,goals,shots,time,xG,assists,xA,key_passes,season,team,yellow,red,npg,npxG,xGChain,xGBuildup,player_id,player_name
season,DML,7,0,5,427,0.23263075575232506,0,0.28048957511782646,5,2025,Roma,2,0,0,0.23263075575232506,0.7898757718503475,0.6207265220582485,1040,Angelino
season,DL,38,2,24,3182,1.4242041343823075,1,5.52251351904124,50,2024,Roma,1,0,2,1.4242041343823075,13.30595819465816,9.541474713012576,1040,Angelino
season,DL,16,0,8,1169,0.21034097112715244,1,1.6354470886290073,19,2023,Roma,2,0,0,0.21034097112715244,4.212130680680275,3.599353041499853,1040,Angelino
season,DML,33,0,20,2626,0.9366727452725172,8,8.13685683440417,48,2022,Hoffenheim,2,0,0,0.9366727452725172,12.903466511517763,7.8783500315621495,1040,Angelino
season,DL,29,2,13,2302,1.2132789231836796,5,6.127184420824051,53,2021,RasenBallsport Leipzig,3,0,2,1.2132789231836796,10.616054650396109,6.946275345981121,1040,Angelino
season,DML,26,4,35,2170,4.549379473552108,4,5.8101273868232965,53,2020,RasenBallsport Leipzig,2,0,4,4.549379473552108,13.65029652416706,7.40554310195148,1040,Angelino
season,DML,13,1,5,1092,0.84761081635952,2,2.4697967302054167,20,2019,RasenBallsport Leipzig,2,0,1,0.84761081635952,6.4405107498168945,4.98066496104002,1040,Angelino
season,Sub,6,0,5,417,0.2092329002916813,0,1.9232037886977196,9,2019,Manchester City,1,0,0,0.2092329002916813,2.7633529901504517,2.369253024458885,1040,Angelino
