group_type,position,games,goals,shots,time,xG,assists,xA,key_passes,season,team,yellow,red,npg,npxG,xGChain,xGBuildup,player_id,player_name
season,Sub,27,0,12,1417,0.37822382990270853,2,1.4940415490418673,19,2022,Sevilla,6,0,0,0.37822382990270853,3.4302247343584895,1.8792855944484472,1828,Alex Telles
season,Sub,21,0,10,1659,0.4515142934396863,4,2.16702869720757,26,2021,Manchester United,1,0,0,0.4515142934396863,7.514895491302013,6.459274772554636,1828,Alex Telles
season,DL,9,0,5,696,0.1452345959842205,2,0.7849516943097115,12,2020,Manchester United,0,0,0,0.1452345959842205,3.626065954566002,3.524719938635826,1828,Alex Telles
season,Sub,21,0,13,1580,0.3433345751836896,1,2.144372832030058,25,2015,Inter,5,1,0,0.3433345751836896,5.172938000410795,4.3594367522746325,1828,Alex Telles
