group_type,position,games,goals,shots,time,xG,assists,xA,key_passes,season,team,yellow,red,npg,npxG,xGChain,xGBuildup,player_id,player_name
season,Sub,3,0,1,44,0.05380818620324135,1,0.6269503235816956,2,2023,Mainz 05,0,0,0,0.05380818620324135,0.7482239045202732,0.0674653947353363,5612,Anwar El Ghazi
season,AMR,9,1,8,372,0.9790227208286524,1,0.2625085022300482,5,2021,Aston Villa,2,0,0,0.21785360015928745,0.6096942089498043,0.30974540673196316,5612,Anwar El Ghazi
season,Sub,2,0,0,8,0,0,0,0,2021,Everton,0,0,0,0,0,0,5612,Anwar El Ghazi
season,Sub,28,10,64,1612,9.037513121031225,0,1.882866207510233,26,2020,Aston Villa,2,0,6,5.9928371934220195,7.845566677860916,2.691346569918096,5612,Anwar El Ghazi
season,ML,34,4,53,2082,6.381359378807247,4,2.877202283591032,30,2019,Aston Villa,3,0,3,5.62019136082381,8.016559479758143,2.2102830801159143,5612,Anwar El Ghazi
season,AMR,27,4,61,1640,4.280780614353716,4,3.078559256158769,25,2017,Lille,2,0,4,4.280780614353716,7.747346884571016,2.5362201808020473,5612,Anwar El Ghazi
season,AMR,12,1,18,692,0.8296461030840874,0,0.6798594184219837,5,2016,Lille,2,0,1,0.8296461030840874,1.7512087151408195,0.25727719999849796,5612,Anwar El Ghazi
