group_type,position,games,goals,shots,time,xG,assists,xA,key_passes,season,team,yellow,red,npg,npxG,xGChain,xGBuildup,player_id,player_name
season,Sub,3,0,2,32,0.11084000021219254,1,0.5417490005493164,1,2017,Chelsea,0,0,0,0.11084000021219254,0.71042400598526,0.5995840989053249,2147,Charly Musonda
season,Sub,8,0,6,270,0.22602339647710323,1,0.9034325908869505,8,2016,Real Betis,2,0,0,0.22602339647710323,2.395310854539275,1.484345592558384,2147,Charly Musonda
season,MR,16,1,14,1227,0.8909697216004133,1,1.1186706945300102,12,2015,Real Betis,2,0,1,0.8909697216004133,5.201517805457115,3.8646384105086327,2147,Charly Musonda
