group_type,position,games,goals,shots,time,xG,assists,xA,key_passes,season,team,yellow,red,npg,npxG,xGChain,xGBuildup,player_id,player_name
season,Sub,4,0,0,53,0,0,0.118988998234272,2,2019,Brighton,0,0,0,0,0.15665319748222828,0.03766389936208725,6105,Gaëtan Bong
season,Sub,22,0,2,1802,0.0694806007668376,0,0.4776687901467085,9,2018,Brighton,0,0,0,0.0694806007668376,3.708821135573089,3.530679236166179,6105,Gaëtan Bong
season,DL,25,0,4,2243,0.05226820055395365,0,0.5265474943444133,9,2017,Brighton,2,0,0,0.05226820055395365,2.628679492510855,2.2775535974651575,6105,Gaëtan Bong
