group_type,position,games,goals,shots,time,xG,assists,xA,key_passes,season,team,yellow,red,npg,npxG,xGChain,xGBuildup,player_id,player_name
season,Sub,32,2,23,1408,2.106476968154311,1,2.606352062895894,18,2022,Southampton,6,0,2,2.106476968154311,6.877064095810056,2.4147079661488533,6893,Stuart Armstrong
season,Sub,25,2,38,1456,2.7619140073657036,0,1.620189094915986,25,2021,Southampton,1,0,2,2.7619140073657036,6.535929229110479,3.4633505884557962,6893,Stuart Armstrong
season,MR,33,4,54,2791,2.6400083750486374,5,2.901357291266322,35,2020,Southampton,3,0,4,2.6400083750486374,10.028466776013374,6.737704178318381,6893,Stuart Armstrong
season,Sub,30,5,46,1711,3.114440331235528,3,2.009652117267251,18,2019,Southampton,4,0,5,3.114440331235528,7.972704950720072,3.8451911360025406,6893,Stuart Armstrong
season,AMC,29,3,32,1424,2.1171701848506927,2,1.6480889040976763,29,2018,Southampton,2,0,3,2.1171701848506927,6.378683723509312,3.5986439930275083,6893,Stuart Armstrong
