group_type,position,games,goals,shots,time,xG,assists,xA,key_passes,season,team,yellow,red,npg,npxG,xGChain,xGBuildup,player_id,player_name
season,MC,27,1,10,2175,0.8941574329510331,0,1.6155836284160614,15,2024,Southampton,12,0,1,0.8941574329510331,8.310527911409736,6.55848484672606,10845,Flynn Downes
season,Sub,21,0,4,738,0.3241226226091385,0,0.05074428394436836,2,2022,West Ham,2,0,0,0.3241226226091385,1.104828191921115,0.8530487809330225,10845,Flynn Downes
