group_type,position,games,goals,shots,time,xG,assists,xA,key_passes,season,team,yellow,red,npg,npxG,xGChain,xGBuildup,player_id,player_name
season,ML,30,1,30,1378,1.7565355356782675,0,0.7149944948032498,17,2017,West Bromwich Albion,7,0,1,1.7565355356782675,2.9923297185450792,0.9370928080752492,814,James McClean
season,Sub,34,1,23,1444,1.4911542292684317,2,2.328659363090992,19,2016,West Bromwich Albion,9,0,1,1.4911542292684317,3.110250672325492,1.2076289020478725,814,James McClean
season,ML,35,2,31,2414,2.168414603918791,2,3.0264101019129157,29,2015,West Bromwich Albion,7,1,2,2.168414603918791,5.10841834358871,1.4000553861260414,814,James McClean
