group_type,position,games,goals,shots,time,xG,assists,xA,key_passes,season,team,yellow,red,npg,npxG,xGChain,xGBuildup,player_id,player_name
season,Sub,15,0,4,815,0.7518728971481323,0,0.16578109748661518,7,2016,Sunderland,5,1,0,0.7518728971481323,2.165744688361883,1.4212065935134888,924,Steven Pienaar
season,Sub,4,0,2,115,0.07480040192604065,0,0.05050420016050339,1,2015,Everton,0,0,0,0.07480040192604065,0.26565900444984436,0.14035500586032867,924,Steven Pienaar
season,AML,9,0,5,309,0.3001886047422886,2,0.32966540195047855,5,2014,Everton,1,0,0,0.3001886047422886,0.934076689183712,0.5224290005862713,924,Steven Pienaar
