group_type,position,games,goals,shots,time,xG,assists,xA,key_passes,season,team,yellow,red,npg,npxG,xGChain,xGBuildup,player_id,player_name
season,FW,31,11,56,2604,12.137287868186831,4,2.6902114618569613,30,2025,Napoli,1,0,10,11.37598897330463,17.761217433959246,4.611839467659593,11055,Rasmus Højlund
season,Sub,32,4,32,2032,5.865164168179035,0,2.1415039356797934,16,2024,Manchester United,2,0,4,5.865164168179035,8.606904566287994,2.4272238351404667,11055,Rasmus Højlund
season,Sub,30,10,38,2210,9.338883213698864,2,1.779460173100233,28,2023,Manchester United,2,0,10,9.338883213698864,11.463255237787962,2.9498381465673447,11055,Rasmus Højlund
season,Sub,32,9,54,1846,10.287494648247957,2,1.9006175007671118,24,2022,Atalanta,1,0,9,10.287494648247957,13.84284788928926,2.6389122121036053,11055,Rasmus Højlund
