group_type,position,games,goals,shots,time,xG,assists,xA,key_passes,season,team,yellow,red,npg,npxG,xGChain,xGBuildup,player_id,player_name
season,FWL,28,1,28,934,4.891278065741062,3,1.9798184018582106,11,2025,Arsenal,3,0,1,4.891278065741062,8.616854168474674,3.1708246041089296,7752,Gabriel Martinelli
season,FWL,33,8,56,2310,9.213460259139538,4,5.264152456074953,40,2024,Arsenal,1,0,8,9.213460259139538,16.827736772596836,4.392328556627035,7752,Gabriel Martinelli
season,FWL,35,6,58,2056,7.1196701768785715,4,5.3229342848062515,46,2023,Arsenal,1,0,6,7.1196701768785715,16.80896869674325,6.638341135345399,7752,Gabriel Martinelli
season,AML,36,15,79,2851,10.538134384900331,5,9.349485490471125,59,2022,Arsenal,3,0,15,10.538134384900331,25.15087455138564,9.320917252451181,7752,Gabriel Martinelli
season,AML,29,6,51,1877,8.86431922391057,6,4.0846668761223555,34,2021,Arsenal,1,1,5,8.103149194270372,10.528596667572856,2.5605143029242754,7752,Gabriel Martinelli
season,Sub,14,2,20,581,3.2524473667144775,1,1.7456525303423405,9,2020,Arsenal,0,0,2,3.2524473667144775,6.1597150303423405,1.7565969750285149,7752,Gabriel Martinelli
season,Sub,14,3,12,643,2.2424831092357635,0,0.11354190111160278,2,2019,Arsenal,1,0,3,2.2424831092357635,2.9959328081458807,0.639907518401742,7752,Gabriel Martinelli
