group_type,position,games,goals,shots,time,xG,assists,xA,key_passes,season,team,yellow,red,npg,npxG,xGChain,xGBuildup,player_id,player_name
season,DC,15,1,8,1046,0.9099114071577787,0,0.026359399780631065,1,2020,Strasbourg,3,0,1,0.9099114071577787,1.1988533716648817,1.142868373543024,728,Lamine Koné
season,DC,18,1,8,1470,0.690960805863142,0,0.4324517138302326,4,2019,Strasbourg,4,0,1,0.690960805863142,2.3161774845793843,2.194461283273995,728,Lamine Koné
season,DC,27,1,6,2141,0.7010618932545185,1,0.8174278046935797,5,2018,Strasbourg,2,0,1,0.7010618932545185,2.2648245971649885,2.183691903948784,728,Lamine Koné
season,DC,30,1,17,2544,1.9712954126298428,0,0.520187608897686,2,2016,Sunderland,4,0,1,1.9712954126298428,1.0570594035089016,1.0570594035089016,728,Lamine Koné
season,DC,18,0,11,1550,0.9713995847851038,0,0.03358080051839352,2,2015,Lorient,3,1,0,0.9713995847851038,2.9584539122879505,2.778974201530218,728,Lamine Koné
season,DC,15,2,10,1318,2.458799561485648,1,0.7516853213310242,5,2015,Sunderland,0,0,2,2.458799561485648,1.0659353137016296,1.0217672139406204,728,Lamine Koné
season,DC,30,1,19,2700,0.8868599869310856,1,1.2585234958678484,7,2014,Lorient,4,0,1,0.8868599869310856,3.8607487296685576,2.989949735812843,728,Lamine Koné
