group_type,position,games,goals,shots,time,xG,assists,xA,key_passes,season,team,yellow,red,npg,npxG,xGChain,xGBuildup,player_id,player_name
season,DC,26,1,12,2050,1.8201780244708061,0,0.19668001495301723,3,2025,Real Sociedad,5,1,1,1.8201780244708061,6.081030409783125,5.884350370615721,7007,Duje Caleta-Car
season,DC,19,1,11,1589,1.3592560952529311,0,0.17118769884109497,2,2024,Lyon,8,0,1,1.3592560952529311,5.276258319616318,5.243632644414902,7007,Duje Caleta-Car
season,DC,24,0,7,1986,0.6293763415887952,0,1.2204961348325014,7,2023,Lyon,2,1,0,0.6293763415887952,7.835800746455789,7.825894067063928,7007,Duje Caleta-Car
season,DC,13,1,5,947,1.0882597099989653,0,0.04167630150914192,1,2022,Southampton,2,0,1,1.0882597099989653,2.0971209220588207,2.0786672607064247,7007,Duje Caleta-Car
season,Sub,1,0,0,6,0,0,0,0,2022,Marseille,0,0,0,0,0,0,7007,Duje Caleta-Car
season,DC,26,2,12,2065,1.2133320812135935,0,0.2608341947197914,3,2021,Marseille,6,0,2,1.2133320812135935,6.184679750353098,6.184679750353098,7007,Duje Caleta-Car
season,DC,33,2,10,2821,1.045747677795589,1,1.3772673290222883,7,2020,Marseille,8,1,2,1.045747677795589,6.2621536534279585,5.799255361780524,7007,Duje Caleta-Car
season,DC,23,1,15,1885,1.2676638178527355,1,0.7455479875206947,6,2019,Marseille,6,0,1,1.2676638178527355,2.49229540489614,2.0838697776198387,7007,Duje Caleta-Car
season,DC,20,0,9,1545,0.8666941234841943,0,0.04314019903540611,1,2018,Marseille,1,2,0,0.8666941234841943,2.0758519833907485,2.032711989246309,7007,Duje Caleta-Car
