group_type,position,games,goals,shots,time,xG,assists,xA,key_passes,season,team,yellow,red,npg,npxG,xGChain,xGBuildup,player_id,player_name
season,FWL,25,1,21,1261,0.8698065197095275,1,1.2165567949414253,13,2025,Wolverhampton Wanderers,5,0,1,0.8698065197095275,4.823835046030581,3.1245458805933595,7762,Jean-Ricner Bellegarde
season,AMC,35,2,22,1693,1.7939026495441794,7,4.052603563293815,26,2024,Wolverhampton Wanderers,3,0,2,1.7939026495441794,9.270288711413741,4.406124430708587,7762,Jean-Ricner Bellegarde
season,AMC,22,2,15,938,1.361364832147956,1,0.9551639519631863,12,2023,Wolverhampton Wanderers,0,1,2,1.361364832147956,3.1770667880773544,1.5232742801308632,7762,Jean-Ricner Bellegarde
season,MC,3,2,5,270,0.5845728665590286,2,1.346037745475769,3,2023,Strasbourg,2,0,2,0.5845728665590286,2.333690494298935,0.5744543671607971,7762,Jean-Ricner Bellegarde
season,MC,30,2,38,2443,2.389408042654395,6,5.344819847494364,57,2022,Strasbourg,5,0,2,2.389408042654395,10.187516205012798,6.987747076898813,7762,Jean-Ricner Bellegarde
season,MC,36,2,30,2326,2.4021152099594474,3,3.5584037993103266,24,2021,Strasbourg,5,0,2,2.4021152099594474,11.442922940477729,7.15819595195353,7762,Jean-Ricner Bellegarde
season,Sub,36,1,24,2110,2.5321469083428383,1,2.535264613106847,19,2020,Strasbourg,3,0,1,2.5321469083428383,7.249263906851411,4.273360341787338,7762,Jean-Ricner Bellegarde
season,Sub,24,0,18,1515,0.769766902551055,0,0.9997711014002562,21,2019,Strasbourg,2,0,0,0.769766902551055,4.854574618861079,3.814597266726196,7762,Jean-Ricner Bellegarde
