group_type,position,games,goals,shots,time,xG,assists,xA,key_passes,season,team,yellow,red,npg,npxG,xGChain,xGBuildup,player_id,player_name
season,Sub,3,0,0,17,0,0,0,0,2019,Everton,0,0,0,0,0.03237200155854225,0.03237200155854225,599,Oumar Niasse
season,FW,13,0,17,967,2.994911089539528,0,0.6767065953463316,5,2018,Cardiff,0,0,0,2.994911089539528,4.251598799601197,0.839549895375967,599,Oumar Niasse
season,Sub,5,0,3,47,0.39315930008888245,0,0.09282709658145905,1,2018,Everton,0,0,0,0.39315930008888245,0.34518030285835266,0,599,Oumar Niasse
season,Sub,22,8,37,1075,7.417299885302782,2,1.5471328031271696,11,2017,Everton,2,0,8,7.417299885302782,9.197526972740889,1.3837397173047066,599,Oumar Niasse
season,FW,17,4,26,1083,3.604678697884083,1,0.807890597730875,10,2016,Hull,3,1,4,3.604678697884083,4.442887634038925,0.24271529726684093,599,Oumar Niasse
season,FW,15,8,54,1173,8.70287243463099,6,3.0178241059184074,20,2015,Lokomotiv Moscow,2,0,7,7.948601493611932,9.828494019806385,1.554351568222046,599,Oumar Niasse
season,FW,5,0,2,139,0.13481169939041138,0,0.45863500237464905,3,2015,Everton,0,0,0,0.13481169939041138,0.33827800303697586,0.15317000448703766,599,Oumar Niasse
