group_type,position,games,goals,shots,time,xG,assists,xA,key_passes,season,team,yellow,red,npg,npxG,xGChain,xGBuildup,player_id,player_name
season,FWR,30,0,16,1268,1.3304177578538656,1,1.7495205141603947,15,2025,Newcastle United,0,0,0,1.3304177578538656,4.059074118733406,1.7364164628088474,9524,Anthony Elanga
season,AMR,38,6,44,2549,5.92288132570684,11,6.605899995192885,50,2024,Nottingham Forest,1,0,6,5.92288132570684,12.84948781132698,4.026209270581603,9524,Anthony Elanga
season,Sub,36,5,54,2430,6.7731207851320505,9,7.090984374284744,33,2023,Nottingham Forest,1,0,5,6.7731207851320505,17.626320507377386,5.61586544662714,9524,Anthony Elanga
season,Sub,16,0,10,408,1.2088623978197575,1,1.1436329931020737,6,2022,Manchester United,0,0,0,1.2088623978197575,3.7241838313639164,1.8017782215029001,9524,Anthony Elanga
season,Sub,21,2,21,1218,2.981153290718794,2,1.9335426688194275,9,2021,Manchester United,0,0,2,2.981153290718794,5.969549503177404,2.20174378529191,9524,Anthony Elanga
season,AML,2,1,2,157,0.5518710017204285,0,0.02072560042142868,1,2020,Manchester United,0,0,1,0.5518710017204285,0.8420460224151611,0.8213210105895996,9524,Anthony Elanga
