group_type,position,games,goals,shots,time,xG,assists,xA,key_passes,season,team,yellow,red,npg,npxG,xGChain,xGBuildup,player_id,player_name
season,Sub,15,2,13,699,1.0539637645706534,1,2.1505850292742252,15,2023,Lorient,3,0,2,1.0539637645706534,3.9453737437725067,1.8855689764022827,3389,Benjamin Mendy
season,DL,1,0,0,80,0,0,0.2885279953479767,2,2021,Manchester City,0,0,0,0,0.1654050052165985,0.13293099403381348,3389,Benjamin Mendy
season,DL,13,2,6,955,0.33414069935679436,1,0.3014400042593479,5,2020,Manchester City,2,0,2,0.33414069935679436,2.7691371738910675,2.3486030250787735,3389,Benjamin Mendy
season,DL,19,0,10,1508,0.3174634035676718,3,1.6260080877691507,21,2019,Manchester City,3,0,0,0.3174634035676718,10.95017634704709,10.008164498955011,3389,Benjamin Mendy
season,DL,10,0,7,900,0.22571569867432117,5,2.0475861160084605,12,2018,Manchester City,1,0,0,0.22571569867432117,8.096015021204948,6.811547979712486,3389,Benjamin Mendy
season,DL,7,0,5,357,0.12371980119496584,1,0.9633522108197212,9,2017,Manchester City,2,0,0,0.12371980119496584,2.8920828215777874,2.093851998448372,3389,Benjamin Mendy
season,DL,25,0,14,2059,0.54839778970927,5,3.857370750978589,25,2016,Monaco,6,1,0,0.54839778970927,6.597997467964888,3.277509395033121,3389,Benjamin Mendy
season,DL,23,1,7,1950,0.16951037850230932,1,2.216424102894962,29,2015,Marseille,7,0,1,0.16951037850230932,5.504624646157026,3.9679433489218354,3389,Benjamin Mendy
season,MC,33,0,21,2921,0.980471602641046,3,3.1432519387453794,37,2014,Marseille,7,0,0,0.980471602641046,13.8801948428154,10.845810495316982,3389,Benjamin Mendy
