group_type,position,games,goals,shots,time,xG,assists,xA,key_passes,season,team,yellow,red,npg,npxG,xGChain,xGBuildup,player_id,player_name
season,DL,15,0,8,1047,0.35921494383364916,3,1.3409467078745365,16,2023,Sassuolo,1,0,0,0.35921494383364916,3.481733580119908,2.4827163880690932,9892,Matias Viña
season,Sub,12,2,9,453,0.7529756985604763,0,0.15791365504264832,2,2022,Bournemouth,1,0,2,0.7529756985604763,1.6716434881091118,0.9714840985834599,9892,Matias Viña
season,Sub,3,0,0,56,0,0,0.08921249955892563,1,2022,Roma,0,0,0,0,0.08921249955892563,0,9892,Matias Viña
season,DL,26,0,12,1568,0.706680117174983,1,1.2115511214360595,11,2021,Roma,2,0,0,0.706680117174983,5.32582931406796,3.620474682189524,9892,Matias Viña
