group_type,position,games,goals,shots,time,xG,assists,xA,key_passes,season,team,yellow,red,npg,npxG,xGChain,xGBuildup,player_id,player_name
season,FW,25,7,54,1449,11.784473165869713,5,4.721706811338663,25,2022,Bayern Munich,2,0,6,10.26893113553524,19.7928506731987,6.392940312623978,838,Sadio Mané
season,FWL,34,16,98,2833,16.82961556315422,2,5.269158905372024,39,2021,Liverpool,5,0,16,16.82961556315422,28.448098309338093,11.072973331436515,838,Sadio Mané
season,FWL,35,11,94,2805,14.828551573678851,7,7.787754092365503,61,2020,Liverpool,3,0,11,14.828551573678851,24.998916164040565,6.057659732177854,838,Sadio Mané
season,Sub,35,18,77,2761,14.577481213957071,7,7.235698115080595,59,2019,Liverpool,3,0,18,14.577481213957071,25.07319786399603,6.767017947509885,838,Sadio Mané
season,FWL,36,22,87,3100,16.76279866695404,1,5.123735151253641,45,2018,Liverpool,2,0,22,16.76279866695404,28.401348166167736,8.485083559527993,838,Sadio Mané
season,FWL,29,10,70,2230,11.518154991790652,7,5.250220185145736,49,2017,Liverpool,3,1,10,11.518154991790652,21.158781994134188,6.351253234781325,838,Sadio Mané
season,FWR,27,13,57,2257,9.480924274772406,5,4.445209952071309,43,2016,Liverpool,4,0,13,9.480924274772406,20.189119152724743,9.525849785655737,838,Sadio Mané
season,AMC,37,11,86,2614,12.514568300917745,6,5.139249017462134,41,2015,Southampton,4,2,11,11.753399284556508,17.62727028131485,5.373992749489844,838,Sadio Mané
season,FWL,30,10,60,2142,8.5539753716439,3,3.982480129227042,40,2014,Southampton,5,0,10,8.5539753716439,14.567278534173965,4.032989708706737,838,Sadio Mané
