group_type,position,games,goals,shots,time,xG,assists,xA,key_passes,season,team,yellow,red,npg,npxG,xGChain,xGBuildup,player_id,player_name
season,Sub,8,1,7,527,0.5225487034767866,0,0.18376399949193,6,2016,Anzhi Makhachkala,3,0,1,0.5225487034767866,1.154037307947874,0.49911075830459595,851,Gabriel Obertan
season,AML,5,0,3,279,0.07401980087161064,1,0.19208629429340363,3,2015,Newcastle United,1,0,0,0.07401980087161064,0.25753870606422424,0.014132900163531303,851,Gabriel Obertan
season,Sub,13,1,7,644,0.397959204390645,1,1.3407188840210438,14,2014,Newcastle United,0,0,1,0.397959204390645,2.5487296283245087,1.7081829011440277,851,Gabriel Obertan
