group_type,position,games,goals,shots,time,xG,assists,xA,key_passes,season,team,yellow,red,npg,npxG,xGChain,xGBuildup,player_id,player_name
season,Sub,2,0,2,19,0.10941699892282486,0,0.03317100182175636,1,2021,Watford,0,0,0,0.10941699892282486,0.14258800446987152,0,574,Troy Deeney
season,FW,27,10,45,2253,11.589199660345912,2,3.7357018003240228,29,2019,Watford,3,0,5,7.022190598770976,11.63246042933315,3.334597068838775,574,Troy Deeney
season,FW,32,9,64,2552,10.230634661391377,5,4.688376987352967,42,2018,Watford,4,1,8,9.469461711123586,13.362730434164405,2.953571230173111,574,Troy Deeney
season,Sub,29,5,36,1832,7.1495320573449135,2,2.3760474361479282,26,2017,Watford,1,1,2,3.3436831198632717,7.171731054782867,2.7654132079333067,574,Troy Deeney
season,FW,37,10,42,2940,8.593502411618829,4,3.109722388908267,40,2016,Watford,7,0,7,6.309996869415045,9.318240785971284,2.0820989906787872,574,Troy Deeney
season,FW,38,13,94,3291,12.199151435866952,7,7.923330025747418,56,2015,Watford,6,0,7,6.8709652265533805,15.776734061539173,3.990332132205367,574,Troy Deeney
