group_type,position,games,goals,shots,time,xG,assists,xA,key_passes,season,team,yellow,red,npg,npxG,xGChain,xGBuildup,player_id,player_name
season,FW,34,26,123,2889,28.63835158199072,8,5.060019047930837,24,2025,Manchester City,2,0,23,25.593676142394543,32.22340116649866,5.163548586890101,8260,Erling Haaland
season,FW,31,22,109,2749,23.95459282770753,3,3.5812273556366563,29,2024,Manchester City,2,0,19,20.909917432814837,22.845245644450188,3.5353690683841705,8260,Erling Haaland
season,FW,31,27,122,2581,31.65399668365717,5,4.7517555598169565,29,2023,Manchester City,1,0,20,25.564646281301975,30.19725350290537,3.128645434975624,8260,Erling Haaland
season,FW,35,36,123,2803,32.761399537324905,8,5.8491098545491695,29,2022,Manchester City,5,0,29,27.433209866285324,31.963398084044456,3.285816218703985,8260,Erling Haaland
season,FW,24,22,80,1917,17.030953601002693,7,5.894002065062523,23,2021,Borussia Dortmund,3,0,16,12.484372556209564,19.77244157716632,4.264734441414475,8260,Erling Haaland
season,FW,28,27,92,2416,23.59848389774561,6,4.03544756770134,27,2020,Borussia Dortmund,2,0,25,20.567368783056736,27.197287127375603,5.896189399063587,8260,Erling Haaland
season,Sub,15,13,33,1061,8.889357395470142,2,1.5264755114912987,9,2019,Borussia Dortmund,0,0,13,8.889357395470142,11.366187927313149,2.984985080547631,8260,Erling Haaland
