group_type,position,games,goals,shots,time,xG,assists,xA,key_passes,season,team,yellow,red,npg,npxG,xGChain,xGBuildup,player_id,player_name
season,Sub,30,2,50,2161,5.498443366959691,2,4.175271101295948,38,2025,Manchester United,2,0,2,5.498443366959691,16.471055841073394,8.614628296345472,8127,Amad Diallo Traore
season,AMR,26,8,47,1887,4.74583822209388,6,4.755917379632592,49,2024,Manchester United,5,0,8,4.74583822209388,12.264865227043629,5.410414909943938,8127,Amad Diallo Traore
season,Sub,9,1,10,375,0.5594709701836109,1,1.0110422410070896,10,2023,Manchester United,1,0,1,0.5594709701836109,2.2942124884575605,1.4572133403271437,8127,Amad Diallo Traore
season,AMR,3,0,1,172,0.03589779883623123,1,0.42318059131503105,2,2020,Manchester United,0,0,0,0.03589779883623123,0.8719336204230785,0.41285499930381775,8127,Amad Diallo Traore
season,Sub,1,0,1,12,0.02770409919321537,0,0.04999769851565361,1,2020,Atalanta,1,0,0,0.02770409919321537,0.09619220346212387,0.018490299582481384,8127,Amad Diallo Traore
season,Sub,3,1,1,17,0.044963300228118896,0,0.07443950325250626,1,2019,Atalanta,0,0,1,0.044963300228118896,0.1601257026195526,0.11516240239143372,8127,Amad Diallo Traore
