group_type,position,games,goals,shots,time,xG,assists,xA,key_passes,season,team,yellow,red,npg,npxG,xGChain,xGBuildup,player_id,player_name
season,Sub,23,1,12,1470,1.3760087750852108,4,2.321293480694294,15,2025,Newcastle United,0,0,1,1.3760087750852108,7.045767506584525,5.918216675519943,11386,Lewis Miley
season,Sub,14,1,3,274,0.2039504423737526,0,0.08938674628734589,1,2024,Newcastle United,0,0,1,0.2039504423737526,1.0136461164802313,0.8299028035253286,11386,Lewis Miley
season,MC,17,1,13,1223,1.1169020980596542,3,1.546121459454298,12,2023,Newcastle United,1,0,1,1.1169020980596542,6.223425015807152,4.03523076325655,11386,Lewis Miley
season,Sub,1,0,1,10,0.06400494277477264,0,0,0,2022,Newcastle United,0,0,0,0.06400494277477264,0.06400494277477264,0,11386,Lewis Miley
