group_type,position,games,goals,shots,time,xG,assists,xA,key_passes,season,team,yellow,red,npg,npxG,xGChain,xGBuildup,player_id,player_name
season,MC,27,2,32,1958,2.178690475411713,1,1.8613738622516394,17,2025,Newcastle United,9,0,2,2.178690475411713,10.018592189997435,7.250156426802278,87,Joelinton
season,MC,29,4,45,2435,4.270817156881094,3,2.4919691011309624,23,2024,Newcastle United,10,0,4,4.270817156881094,16.40742952376604,11.303140779957175,87,Joelinton
season,MC,20,2,19,1289,2.5591788068413734,1,2.958754763007164,23,2023,Newcastle United,6,0,2,2.5591788068413734,10.31060659699142,6.361314440146089,87,Joelinton
season,MC,32,6,51,2677,6.252544686198235,1,3.116438364610076,26,2022,Newcastle United,12,0,6,6.252544686198235,12.307858122512698,7.0922601986676455,87,Joelinton
season,Sub,35,4,45,2554,3.816281186416745,1,1.8803404998034239,29,2021,Newcastle United,8,0,4,3.816281186416745,6.516400877386332,2.5585667472332716,87,Joelinton
season,Sub,31,4,43,2006,5.631008350290358,2,2.3664820287376642,17,2020,Newcastle United,3,0,3,4.869839348830283,9.26830423809588,3.2849566685035825,87,Joelinton
season,FW,38,2,50,2722,6.031044367700815,2,3.1011656122282147,29,2019,Newcastle United,7,0,2,6.031044367700815,12.042092223651707,4.822177573107183,87,Joelinton
season,FW,28,7,56,2149,8.931487414985895,5,5.146287014707923,42,2018,Hoffenheim,5,0,7,8.931487414985895,17.74460858106613,6.656126203015447,87,Joelinton
season,Sub,1,0,2,1,0.1280210018157959,0,0,0,2015,Hoffenheim,0,0,0,0.1280210018157959,0.1280210018157959,0.08204519748687744,87,Joelinton
