group_type,position,games,goals,shots,time,xG,assists,xA,key_passes,season,team,yellow,red,npg,npxG,xGChain,xGBuildup,player_id,player_name
season,Sub,21,0,24,1183,1.4632735215127468,1,1.7390878200531006,15,2025,Everton,1,0,0,1.4632735215127468,4.5996328964829445,2.5078608095645905,6756,Dwight McNeil
season,AML,21,4,24,1374,1.5122616775333881,6,6.039635524619371,37,2024,Everton,1,0,4,1.5122616775333881,8.58305960521102,3.5590311624109745,6756,Dwight McNeil
season,Sub,35,3,57,2914,3.64070400595665,6,10.325187070295215,69,2023,Everton,2,0,3,3.64070400595665,14.694117410108447,5.355050271376967,6756,Dwight McNeil
season,ML,36,7,46,2512,3.8712205197662115,3,7.44360885117203,51,2022,Everton,5,0,7,3.8712205197662115,9.874688405543566,2.480967789888382,6756,Dwight McNeil
season,ML,38,0,52,3130,2.4431664869189262,1,5.014778325334191,47,2021,Burnley,1,0,0,2.4431664869189262,10.09029270336032,4.545858952216804,6756,Dwight McNeil
season,ML,36,2,27,3075,1.080685398541391,5,5.477007370442152,47,2020,Burnley,1,0,2,1.080685398541391,6.948604315519333,3.6068121027201414,6756,Dwight McNeil
season,ML,38,2,48,3360,1.9389333985745907,6,7.562423378229141,55,2019,Burnley,5,0,2,1.9389333985745907,10.701591536402702,3.791262296959758,6756,Dwight McNeil
season,ML,21,3,27,1610,1.827620578929782,5,3.4622738044708967,26,2018,Burnley,2,0,3,1.827620578929782,4.028135433793068,1.98370754532516,6756,Dwight McNeil
season,Sub,1,0,0,1,0,0,0,0,2017,Burnley,0,0,0,0,0,0,6756,Dwight McNeil
