group_type,position,games,goals,shots,time,xG,assists,xA,key_passes,season,team,yellow,red,npg,npxG,xGChain,xGBuildup,player_id,player_name
season,AMR,11,2,13,694,0.7834532130509615,3,2.030546383932233,15,2021,Lyon,0,0,2,0.7834532130509615,3.3218732476234436,1.4677715692669153,888,Xherdan Shaqiri
season,Sub,14,0,11,534,0.42472099512815475,2,2.5104198902845383,19,2020,Liverpool,2,0,0,0.42472099512815475,4.585736565291882,2.1229254696518183,888,Xherdan Shaqiri
season,Sub,7,1,4,175,0.5408405940979719,0,0.17849820107221603,3,2019,Liverpool,0,0,1,0.5408405940979719,0.7241481002420187,0.04457540065050125,888,Xherdan Shaqiri
season,Sub,24,6,26,1048,4.059151781722903,3,1.8917575199157,20,2018,Liverpool,2,0,6,4.059151781722903,7.922251030802727,3.4201213400810957,888,Xherdan Shaqiri
season,AMC,36,8,69,3066,4.985687501728535,7,6.875527895987034,76,2017,Stoke,5,0,8,4.224518910050392,11.41641822271049,5.910621981136501,888,Xherdan Shaqiri
season,AMR,21,4,48,1721,2.6227936781942844,2,4.274763828143477,41,2016,Stoke,2,0,4,2.6227936781942844,8.980961941182613,5.187847092747688,888,Xherdan Shaqiri
season,AMR,27,3,40,2072,3.074525742791593,6,6.42092464491725,50,2015,Stoke,3,0,3,3.074525742791593,9.374039676040411,4.220687731169164,888,Xherdan Shaqiri
season,Sub,15,1,20,739,1.5559213198721409,2,2.192299023270607,29,2014,Inter,3,0,0,0.7946224994957447,4.023205526173115,2.244918443262577,888,Xherdan Shaqiri
season,Sub,9,1,12,336,1.5589906945824623,2,1.574055276811123,10,2014,Bayern Munich,0,0,1,1.5589906945824623,3.7530975472182035,1.2306627901270986,888,Xherdan Shaqiri
