group_type,position,games,goals,shots,time,xG,assists,xA,key_passes,season,team,yellow,red,npg,npxG,xGChain,xGBuildup,player_id,player_name
season,Sub,23,0,30,1039,2.6720805931836367,1,0.4564105989411473,9,2018,Huddersfield,1,0,0,2.6720805931836367,2.7286376021802425,0.09160279855132103,6038,Laurent Depoitre
season,FW,33,6,24,1794,3.5911888889968395,1,1.3660856960341334,13,2017,Huddersfield,1,0,6,3.5911888889968395,4.533495164476335,1.0141411954537034,6038,Laurent Depoitre
