group_type,position,games,goals,shots,time,xG,assists,xA,key_passes,season,team,yellow,red,npg,npxG,xGChain,xGBuildup,player_id,player_name
season,DC,20,1,11,1800,0.7365135010331869,1,0.6217405945062637,8,2020,Crystal Palace,3,0,1,0.7365135010331869,2.2731895092874765,2.0231167282909155,699,Gary Cahill
season,DC,25,0,21,2167,1.6104979990050197,1,0.43165569193661213,3,2019,Crystal Palace,1,0,0,1.6104979990050197,1.811500808224082,1.7518767025321722,699,Gary Cahill
season,Sub,2,0,0,22,0,0,0,0,2018,Chelsea,0,0,0,0,0.01515199989080429,0.01515199989080429,699,Gary Cahill
season,DC,27,0,10,2075,0.46059730369597673,0,0.08303850144147873,3,2017,Chelsea,1,1,0,0.46059730369597673,7.346298925578594,7.216384930536151,699,Gary Cahill
season,DC,37,6,24,3299,3.2974409023299813,0,0.17101850360631943,5,2016,Chelsea,5,0,6,3.2974409023299813,7.968183062970638,7.805242931470275,699,Gary Cahill
season,DC,23,2,13,1952,1.5026721898466349,1,0.1968750972300768,3,2015,Chelsea,2,0,2,1.5026721898466349,1.938991790637374,1.7717088777571917,699,Gary Cahill
season,DC,36,1,22,2986,1.824857423081994,0,1.692150010727346,4,2014,Chelsea,5,0,1,1.824857423081994,5.606336020864546,5.403009018860757,699,Gary Cahill
