group_type,position,games,goals,shots,time,xG,assists,xA,key_passes,season,team,yellow,red,npg,npxG,xGChain,xGBuildup,player_id,player_name
season,Sub,2,0,0,21,0,0,0,0,2019,Tottenham,1,0,0,0,0.12857100367546082,0.12857100367546082,836,Victor Wanyama
season,Sub,13,1,7,499,1.080245230346918,0,0.058431100100278854,2,2018,Tottenham,2,0,1,1.080245230346918,2.87104669213295,2.7977263554930687,836,Victor Wanyama
season,Sub,18,1,11,830,0.3189944298937917,0,0.263057604432106,5,2017,Tottenham,2,0,1,0.3189944298937917,3.6584160570055246,3.3933292804285884,836,Victor Wanyama
season,DMC,36,4,40,3021,4.787810305133462,1,2.03554951492697,32,2016,Tottenham,10,0,4,4.787810305133462,11.88898042961955,9.314751144498587,836,Victor Wanyama
season,DMC,30,1,31,2507,1.5128119876608253,1,1.090257404372096,16,2015,Southampton,4,3,1,1.5128119876608253,7.417215747758746,6.315982839092612,836,Victor Wanyama
season,MC,32,3,28,2367,1.7235292438417673,1,0.9338347911834717,16,2014,Southampton,10,0,3,1.7235292438417673,7.7703660959377885,5.478044907562435,836,Victor Wanyama
