group_type,position,games,goals,shots,time,xG,assists,xA,key_passes,season,team,yellow,red,npg,npxG,xGChain,xGBuildup,player_id,player_name
season,DC,10,1,7,869,0.7252583894878626,0,0.038721200078725815,1,2025,Auxerre,2,0,1,0.7252583894878626,1.4416037444025278,1.4416037444025278,7081,Francisco Sierralta
season,DC,5,0,1,430,0.03239230066537857,0,0,0,2021,Watford,0,0,0,0.03239230066537857,0.29681140184402466,0.29681140184402466,7081,Francisco Sierralta
season,Sub,6,0,2,263,0.025509781204164028,0,0.5982289910316467,2,2018,Parma Calcio 1913,2,0,0,0.025509781204164028,0.14279470220208168,0.14279470220208168,7081,Francisco Sierralta
