group_type,position,games,goals,shots,time,xG,assists,xA,key_passes,season,team,yellow,red,npg,npxG,xGChain,xGBuildup,player_id,player_name
season,Sub,17,0,8,1082,0.2697491953149438,1,0.32926310505717993,8,2021,Sampdoria,3,1,0,0.2697491953149438,5.165899973362684,4.802823064848781,6464,Adrien Silva
season,Sub,24,1,6,1612,0.4733195062726736,1,0.8784739095717669,10,2020,Sampdoria,6,1,1,0.4733195062726736,5.02322443574667,3.9297401029616594,6464,Adrien Silva
season,MC,22,0,14,1206,0.5691294902935624,2,2.1933094207197428,15,2019,Monaco,7,0,0,0.5691294902935624,4.763366696424782,4.412163672968745,6464,Adrien Silva
season,Sub,15,0,9,1183,0.2445579981431365,0,0.4897285923361778,6,2018,Monaco,6,0,0,0.2445579981431365,3.3488113824278116,2.877099012956023,6464,Adrien Silva
season,DMC,2,0,0,86,0,0,0,0,2018,Leicester,0,0,0,0,0.11628729850053787,0.11628729850053787,6464,Adrien Silva
season,Sub,12,0,11,765,0.241592800244689,1,0.89030871540308,6,2017,Leicester,3,0,0,0.241592800244689,4.71275719255209,3.692299399524927,6464,Adrien Silva
