group_type,position,games,goals,shots,time,xG,assists,xA,key_passes,season,team,yellow,red,npg,npxG,xGChain,xGBuildup,player_id,player_name
season,GK,21,0,0,1890,0,0,0.08312523365020752,1,2025,Wolverhampton Wanderers,2,0,0,0,0.7045574262738228,0.6214321926236153,9740,José Sá
season,GK,29,0,0,2610,0,0,0.06530709005892277,3,2024,Wolverhampton Wanderers,2,0,0,0,1.1575271990150213,1.0922201070934534,9740,José Sá
season,GK,35,0,0,3041,0,0,0,0,2023,Wolverhampton Wanderers,1,0,0,0,2.765407490544021,2.765407490544021,9740,José Sá
season,GK,36,0,0,3240,0,0,0,0,2022,Wolverhampton Wanderers,2,0,0,0,1.553518857806921,1.553518857806921,9740,José Sá
season,GK,37,0,0,3291,0,1,0.3950190022587776,2,2021,Wolverhampton Wanderers,3,0,0,0,2.492334073409438,2.0973150711506605,9740,José Sá
