group_type,position,games,goals,shots,time,xG,assists,xA,key_passes,season,team,yellow,red,npg,npxG,xGChain,xGBuildup,player_id,player_name
season,AMC,25,8,45,2012,10.424529902637005,1,2.0894997604191303,18,2025,Crystal Palace,2,0,6,8.902192182838917,11.928326562047005,2.8837661538273096,5675,Ismaila Sarr
season,Sub,38,8,59,2738,12.308559328317642,6,10.056549122557044,44,2024,Crystal Palace,4,0,8,12.308559328317642,24.235270714387298,7.3139182310551405,5675,Ismaila Sarr
season,Sub,23,3,25,1434,4.0526722595095634,4,2.7649366967380047,20,2023,Marseille,1,0,3,4.0526722595095634,10.088432066142559,4.578065328299999,5675,Ismaila Sarr
season,MR,22,5,39,1872,4.251841200515628,2,2.9239715188741684,21,2021,Watford,2,0,5,3.49067216925323,7.595654848963022,2.0602030968293548,5675,Ismaila Sarr
season,Sub,28,5,43,2038,5.968195581808686,4,4.351110962219536,25,2019,Watford,1,0,5,5.968195581808686,11.652327962219715,3.3667894899845123,5675,Ismaila Sarr
season,AML,35,8,54,2809,5.948276387527585,6,7.302340606227517,39,2018,Rennes,6,0,7,5.188380362465978,15.617749907076359,5.550648415461183,5675,Ismaila Sarr
season,AMC,24,5,41,1870,4.102248873561621,3,2.718194542452693,17,2017,Rennes,2,0,5,4.102248873561621,8.302166279405355,1.994641536846757,5675,Ismaila Sarr
season,Sub,31,5,28,1941,2.1582043059170246,1,2.6717467000707984,25,2016,Metz,2,0,5,2.1582043059170246,5.068146377801895,1.196227703243494,5675,Ismaila Sarr
