group_type,position,games,goals,shots,time,xG,assists,xA,key_passes,season,team,yellow,red,npg,npxG,xGChain,xGBuildup,player_id,player_name
season,Sub,10,1,2,203,0.8607992753386497,1,0.4303002767264843,4,2023,Brentford,1,0,1,0.8607992753386497,1.3308127243071795,0.26521478593349457,9914,Shandon Baptiste
season,Sub,23,0,4,568,0.18456923961639404,1,1.0790189672261477,10,2022,Brentford,1,1,0,0.18456923961639404,1.5274408347904682,0.8893836699426174,9914,Shandon Baptiste
season,Sub,22,1,12,909,0.5783805977553129,0,0.5454354956746101,9,2021,Brentford,0,1,1,0.5783805977553129,2.3360376888886094,1.4911788003519177,9914,Shandon Baptiste
