group_type,position,games,goals,shots,time,xG,assists,xA,key_passes,season,team,yellow,red,npg,npxG,xGChain,xGBuildup,player_id,player_name
season,AMC,16,0,17,1009,1.4913151636719704,1,0.6877967063337564,12,2025,Crystal Palace,4,0,0,1.4913151636719704,3.3357058838009834,1.6106566041707993,10760,Brennan Johnson
season,FWL,16,2,6,585,1.102104052901268,0,0.5274570938199759,6,2025,Tottenham,2,0,2,1.102104052901268,1.8381274659186602,0.32335841469466686,10760,Brennan Johnson
season,FWR,33,11,54,2178,11.162618312984705,3,2.948688331991434,19,2024,Tottenham,5,0,11,11.162618312984705,16.477571818977594,3.7468922175467014,10760,Brennan Johnson
season,Sub,32,5,50,2101,11.899647151120007,10,7.540350168943405,45,2023,Tottenham,3,0,5,11.899647151120007,20.260952189564705,1.999500785022974,10760,Brennan Johnson
season,FW,3,0,3,249,0.2706311196088791,0,0.09796891361474991,1,2023,Nottingham Forest,0,0,0,0.2706311196088791,1.3559074401855469,1.085276335477829,10760,Brennan Johnson
season,FW,38,8,55,2952,8.266518421471119,3,3.7432961594313383,28,2022,Nottingham Forest,6,0,7,5.983012191951275,12.170722473412752,2.8007613457739353,10760,Brennan Johnson
