group_type,position,games,goals,shots,time,xG,assists,xA,key_passes,season,team,yellow,red,npg,npxG,xGChain,xGBuildup,player_id,player_name
season,DMC,33,0,12,2795,1.1235590726137161,1,1.7461756067350507,18,2025,Fulham,5,0,0,1.1235590726137161,9.906340949237347,8.359798267483711,8285,Sander Berge
season,Sub,31,0,3,2242,0.42603625915944576,0,0.7261993493884802,18,2024,Fulham,6,0,0,0.42603625915944576,7.763672082684934,6.734488721005619,8285,Sander Berge
season,MC,37,1,25,3020,2.1221074890345335,2,3.1849441323429346,29,2023,Burnley,8,1,1,2.1221074890345335,12.192523565143347,8.591317790560424,8285,Sander Berge
season,Sub,15,1,10,1116,1.216417072340846,1,1.7773302253335714,14,2020,Sheffield United,4,0,0,0.4552479963749647,3.9067585049197078,3.0664289398118854,8285,Sander Berge
season,MC,14,1,5,957,0.6007534898817539,1,0.714387908577919,2,2019,Sheffield United,0,0,1,0.6007534898817539,2.35891617462039,1.2101591117680073,8285,Sander Berge
