group_type,position,games,goals,shots,time,xG,assists,xA,key_passes,season,team,yellow,red,npg,npxG,xGChain,xGBuildup,player_id,player_name
season,DC,14,0,10,1093,0.44676383305341005,0,0.1717668529599905,4,2025,Wolverhampton Wanderers,1,1,0,0.44676383305341005,1.6553496047854424,1.543709209188819,10856,Emmanuel Agbadou
season,DC,16,1,7,1414,0.69438168220222,0,0.18917815759778023,4,2024,Wolverhampton Wanderers,3,0,1,0.69438168220222,3.78240617364645,3.7525524757802486,10856,Emmanuel Agbadou
season,DC,14,0,15,1260,0.5038924785330892,0,0.5655539585277438,8,2024,Reims,3,0,0,0.5038924785330892,6.213934827595949,5.935578167438507,10856,Emmanuel Agbadou
season,DC,32,1,33,2601,2.312899088487029,1,1.050631707534194,12,2023,Reims,1,0,1,2.312899088487029,9.483175493776798,8.557282235473394,10856,Emmanuel Agbadou
season,MC,29,0,23,2387,1.7788151856511831,3,2.907546442002058,13,2022,Reims,5,3,0,1.7788151856511831,9.336381938308477,7.8758521899580956,10856,Emmanuel Agbadou
