group_type,position,games,goals,shots,time,xG,assists,xA,key_passes,season,team,yellow,red,npg,npxG,xGChain,xGBuildup,player_id,player_name
season,FW,28,10,47,1951,9.738968633115292,4,4.2119061052799225,28,2025,Udinese,6,0,6,6.6937733963131905,13.180311657488346,5.099392518401146,1053,Keinan Davis
season,Sub,23,2,29,1049,3.069802690297365,1,2.451004257425666,20,2024,Udinese,2,0,2,3.069802690297365,5.503186270594597,1.115274365991354,1053,Keinan Davis
season,Sub,8,1,6,160,0.5508965011686087,0,0.06493553891777992,3,2023,Udinese,2,0,1,0.5508965011686087,0.854156069457531,0.23832401633262634,1053,Keinan Davis
season,Sub,1,0,0,10,0,0,0,0,2021,Aston Villa,0,0,0,0,0.02824229933321476,0.02824229933321476,1053,Keinan Davis
season,Sub,15,1,9,240,1.268774088472128,1,0.6846188846975565,6,2020,Aston Villa,0,0,1,1.268774088472128,1.9646081924438477,0.3350831884890795,1053,Keinan Davis
season,Sub,18,0,17,514,1.985923521220684,0,0.18036619946360588,6,2019,Aston Villa,0,0,0,1.985923521220684,2.6382866194471717,1.3067813031375408,1053,Keinan Davis
