group_type,position,games,goals,shots,time,xG,assists,xA,key_passes,season,team,yellow,red,npg,npxG,xGChain,xGBuildup,player_id,player_name
season,MC,31,5,29,2224,5.709578160196543,1,1.8750208765268326,23,2021,Fiorentina,8,1,5,5.709578160196543,14.754625149071217,9.283899176865816,1227,Lucas Torreira
season,MC,19,1,3,492,0.1049210699275136,0,0.6442001070827246,3,2020,Atletico Madrid,2,0,1,0.1049210699275136,2.967725321650505,2.2410155087709427,1227,Lucas Torreira
season,Sub,29,1,21,1496,1.4572498127818108,1,0.8258084943518043,13,2019,Arsenal,7,0,1,1.4572498127818108,6.481221791356802,4.913524277508259,1227,Lucas Torreira
season,Sub,34,2,25,2366,1.8013441786170006,2,1.7125501278787851,16,2018,Arsenal,7,1,2,1.8013441786170006,11.160715727135539,9.01854950748384,1227,Lucas Torreira
season,MC,36,4,33,3192,1.4024397376924753,1,2.389653602614999,35,2017,Sampdoria,6,0,4,1.4024397376924753,12.867898805998266,11.49900345876813,1227,Lucas Torreira
season,MC,35,0,19,3055,0.7676760489121079,0,1.9133299058303237,35,2016,Sampdoria,7,0,0,0.7676760489121079,8.860295712947845,7.41064789891243,1227,Lucas Torreira
