group_type,position,games,goals,shots,time,xG,assists,xA,key_passes,season,team,yellow,red,npg,npxG,xGChain,xGBuildup,player_id,player_name
season,GK,36,0,0,3240,0,0,0.18260140344500542,2,2022,Nice,0,0,0,0,5.083113611675799,4.900513016618788,745,Kasper Schmeichel
season,GK,37,0,0,3330,0,0,0.015869200229644775,1,2021,Leicester,1,0,0,0,5.707257926464081,5.691388323903084,745,Kasper Schmeichel
season,GK,38,0,0,3420,0,0,0,0,2020,Leicester,0,0,0,0,3.8688182500191033,3.8688182500191033,745,Kasper Schmeichel
season,GK,38,0,1,3420,0.018557699397206306,0,0.36443369882181287,3,2019,Leicester,2,0,0,0.018557699397206306,3.8759107664227486,3.518941454589367,745,Kasper Schmeichel
season,GK,38,0,1,3420,0.08071509748697281,0,0.2929759919643402,1,2018,Leicester,3,0,0,0.08071509748697281,3.7830665819346905,3.4900906197726727,745,Kasper Schmeichel
season,GK,33,0,0,2968,0,0,0.056529700756073,1,2017,Leicester,2,0,0,0,3.8814148399978876,3.8248848114162683,745,Kasper Schmeichel
season,GK,30,0,0,2668,0,0,0,0,2016,Leicester,1,0,0,0,0.9501884961500764,0.9501884961500764,745,Kasper Schmeichel
season,GK,38,0,0,3420,0,0,0.3699235003441572,5,2015,Leicester,2,0,0,0,3.289773276075721,2.919850179925561,745,Kasper Schmeichel
season,GK,24,0,0,2160,0,0,0.07502740062773228,2,2014,Leicester,0,0,0,0,0.9568508761003613,0.942747880704701,745,Kasper Schmeichel
