group_type,position,games,goals,shots,time,xG,assists,xA,key_passes,season,team,yellow,red,npg,npxG,xGChain,xGBuildup,player_id,player_name
season,Sub,8,0,2,451,0.034371066838502884,0,0.6498488169163465,5,2023,Sassuolo,1,0,0,0.034371066838502884,0.7924320511519909,0.6682834140956402,542,Pedro Obiang
season,Sub,17,0,7,881,0.27737134974449873,1,0.15840337797999382,3,2022,Sassuolo,2,0,0,0.27737134974449873,1.8345816805958748,1.568485014140606,542,Pedro Obiang
season,DMC,33,0,16,1458,0.5482162935659289,1,1.032847898080945,12,2020,Sassuolo,4,1,0,0.5482162935659289,5.400156712159514,4.113886831328273,542,Pedro Obiang
season,MC,25,1,22,1660,1.5510449893772602,1,0.8420502878725529,16,2019,Sassuolo,10,0,1,1.5510449893772602,7.154576126486063,5.688452707603574,542,Pedro Obiang
season,Sub,24,0,15,1112,0.5645460933446884,1,1.1373454164713621,6,2018,West Ham,0,0,0,0.5645460933446884,4.137817110866308,3.1170976143330336,542,Pedro Obiang
season,DMC,21,2,13,1564,0.3268697001039982,0,0.5585408955812454,7,2017,West Ham,3,0,2,0.3268697001039982,2.9364621434360743,2.2521473420783877,542,Pedro Obiang
season,Sub,22,1,9,1778,0.383512394502759,1,0.4733996344730258,6,2016,West Ham,7,0,1,0.383512394502759,5.100283722393215,4.389140105806291,542,Pedro Obiang
season,Sub,24,0,8,1069,0.24136727023869753,1,0.7868882790207863,3,2015,West Ham,2,0,0,0.24136727023869753,1.8097580866888165,1.5900763869285583,542,Pedro Obiang
season,MC,34,3,30,2772,3.932111413218081,1,2.6871618079021573,30,2014,Sampdoria,12,0,3,3.932111413218081,9.535520805045962,4.873804118484259,542,Pedro Obiang
