group_type,position,games,goals,shots,time,xG,assists,xA,key_passes,season,team,yellow,red,npg,npxG,xGChain,xGBuildup,player_id,player_name
season,DR,14,0,0,804,0,1,0.31314151361584663,7,2023,Burnley,3,1,0,0,2.1132199577987194,1.9018691666424274,5568,Connor Roberts
season,Sub,21,1,6,1686,0.2225561048835516,1,1.1593199241906404,13,2021,Burnley,2,0,1,0.2225561048835516,3.6431610444560647,2.413885143585503,5568,Connor Roberts
season,Sub,4,0,0,268,0,0,0,0,2017,Swansea,0,0,0,0,0.3168213926255703,0.3168213926255703,5568,Connor Roberts
