group_type,position,games,goals,shots,time,xG,assists,xA,key_passes,season,team,yellow,red,npg,npxG,xGChain,xGBuildup,player_id,player_name
season,GK,29,0,0,2492,0,0,0,0,2025,Nottingham Forest,2,0,0,0,2.2105059074237943,2.2105059074237943,6903,Matz Sels
season,GK,38,0,0,3420,0,0,0.5219662692397833,2,2024,Nottingham Forest,4,0,0,0,3.724944426678121,3.2029781555756927,6903,Matz Sels
season,GK,19,0,0,1710,0,0,0.386400431394577,1,2023,Strasbourg,2,0,0,0,1.2328888792544603,0.8464884329587221,6903,Matz Sels
season,GK,16,0,0,1440,0,0,0.06965266913175583,1,2023,Nottingham Forest,1,0,0,0,0.8204675614833832,0.7508148960769176,6903,Matz Sels
season,GK,38,0,0,3420,0,0,0.2546829879283905,1,2022,Strasbourg,2,0,0,0,2.736810088157654,2.4821271002292633,6903,Matz Sels
season,GK,37,0,2,3330,0.07736650109291077,0,0.02243180014193058,1,2021,Strasbourg,1,0,0,0.07736650109291077,2.8945861952379346,2.8945861952379346,6903,Matz Sels
season,GK,6,0,0,540,0,0,0,0,2020,Strasbourg,0,0,0,0,0.13931599259376526,0.13931599259376526,6903,Matz Sels
season,GK,27,0,0,2430,0,0,0,0,2019,Strasbourg,0,0,0,0,2.820426233112812,2.820426233112812,6903,Matz Sels
season,GK,37,0,0,3330,0,0,0,0,2018,Strasbourg,2,0,0,0,2.378257122822106,2.378257122822106,6903,Matz Sels
