group_type,position,games,goals,shots,time,xG,assists,xA,key_passes,season,team,yellow,red,npg,npxG,xGChain,xGBuildup,player_id,player_name
season,AMC,10,1,11,567,1.169970067217946,0,0.9744874946773052,7,2020,Dijon,1,1,1,1.169970067217946,2.2838103342801332,0.49063590727746487,4866,Aboubakar Kamara
season,FW,11,0,4,303,0.6549197994172573,0,0.32896849513053894,6,2020,Fulham,1,1,0,0.6549197994172573,1.1032148208469152,0.18232619762420654,4866,Aboubakar Kamara
season,Sub,13,3,21,678,3.527876043692231,0,0.7714658081531525,11,2018,Fulham,2,0,2,2.005538696423173,4.646234441548586,1.9579853024333715,4866,Aboubakar Kamara
season,Sub,2,0,1,12,0.05295180156826973,0,0,0,2014,Monaco,0,0,0,0.05295180156826973,0.05295180156826973,0,4866,Aboubakar Kamara
