group_type,position,games,goals,shots,time,xG,assists,xA,key_passes,season,team,yellow,red,npg,npxG,xGChain,xGBuildup,player_id,player_name
season,Sub,6,0,4,127,0.22707308642566204,0,0.10268764942884445,2,2024,Rayo Vallecano,1,0,0,0.22707308642566204,0.7378233093768358,0.48427777364850044,2249,James Rodríguez
season,FWR,23,6,37,1802,3.363535486161709,4,5.439712628722191,40,2020,Everton,4,0,6,3.363535486161709,12.033014222979546,7.104172067716718,2249,James Rodríguez
season,MC,8,1,9,418,1.2141354270279408,1,2.145768143236637,14,2019,Real Madrid,1,0,1,1.2141354270279408,4.867497373372316,2.4955034237354994,2249,James Rodríguez
season,Sub,20,7,36,1149,5.530224581249058,3,5.46054333075881,50,2018,Bayern Munich,2,0,7,5.530224581249058,16.030885197222233,8.327242121100426,2249,James Rodríguez
season,Sub,23,7,41,1638,5.205832462757826,11,7.610789678990841,64,2017,Bayern Munich,2,0,7,5.205832462757826,18.664185371249914,11.458919409662485,2249,James Rodríguez
season,Sub,22,8,32,1174,5.613008277490735,6,6.0644442811608315,44,2016,Real Madrid,1,0,8,5.613008277490735,13.335713628679514,6.606136264279485,2249,James Rodríguez
season,Sub,26,7,39,1520,2.5212493035942316,8,7.676972046494484,60,2015,Real Madrid,1,0,7,2.5212493035942316,15.032699637115002,9.757384553551674,2249,James Rodríguez
season,MC,29,13,53,2299,5.519279638305306,13,9.412156958132982,77,2014,Real Madrid,5,0,13,5.519279638305306,23.724572151899338,14.519155323505402,2249,James Rodríguez
