group_type,position,games,goals,shots,time,xG,assists,xA,key_passes,season,team,yellow,red,npg,npxG,xGChain,xGBuildup,player_id,player_name
season,DL,28,1,11,2343,1.1909357141703367,0,0.4004831463098526,9,2025,Fulham,5,0,1,1.1909357141703367,5.993383001536131,5.728447958827019,11728,Calvin Bassey
season,DC,35,1,14,3072,1.1175763411447406,0,0.11307021137326956,3,2024,Fulham,7,0,1,1.1175763411447406,10.457166313193738,10.319827779196203,11728,Calvin Bassey
season,Sub,29,1,5,2278,0.3684718329459429,0,0.10597540438175201,2,2023,Fulham,4,1,1,0.3684718329459429,8.236559823155403,8.236559823155403,11728,Calvin Bassey
