group_type,position,games,goals,shots,time,xG,assists,xA,key_passes,season,team,yellow,red,npg,npxG,xGChain,xGBuildup,player_id,player_name
season,Sub,26,3,44,1433,4.767946882173419,1,2.2155852168798447,19,2025,Bologna,2,0,3,4.767946882173419,8.020742686465383,1.3544284664094448,10172,Jonathan Rowe
season,AML,1,0,5,69,0.4206070303916931,0,0,0,2025,Marseille,0,0,0,0.4206070303916931,0.5255916714668274,0.132924884557724,10172,Jonathan Rowe
season,Sub,28,3,36,745,4.040985098108649,3,4.249518811702728,17,2024,Marseille,2,0,3,4.040985098108649,9.702231803908944,3.405180824920535,10172,Jonathan Rowe
season,Sub,13,0,3,179,0.19853759557008743,1,0.4054669924080372,5,2021,Norwich,0,0,0,0.19853759557008743,0.5169213898479939,0.2255803979933262,10172,Jonathan Rowe
