group_type,position,games,goals,shots,time,xG,assists,xA,key_passes,season,team,yellow,red,npg,npxG,xGChain,xGBuildup,player_id,player_name
season,DC,12,1,8,1080,0.8756848890334368,0,0.15080468729138374,2,2025,Monaco,3,0,1,0.8756848890334368,3.4531896859407425,3.2525459304451942,6923,Mohammed Salisu
season,DC,15,1,8,1016,1.11205929890275,0,0.08099240437150002,3,2024,Monaco,2,0,1,1.11205929890275,4.465874668210745,4.384882252663374,6923,Mohammed Salisu
season,DC,12,0,4,1030,0.1895199902355671,1,0.4635328585281968,3,2023,Monaco,2,0,0,0.1895199902355671,3.276549056172371,2.835811525583267,6923,Mohammed Salisu
season,DC,22,0,19,1973,1.6058198306709528,1,0.6115739094093442,7,2022,Southampton,5,0,0,1.6058198306709528,5.882307862862945,5.379752596840262,6923,Mohammed Salisu
season,DC,34,0,24,2972,1.7930021919310093,0,0.5444615967571735,9,2021,Southampton,8,1,0,1.7930021919310093,7.8109620194882154,7.580639097839594,6923,Mohammed Salisu
season,Sub,12,0,4,836,0.4784318944439292,0,0.17215709760785103,2,2020,Southampton,1,0,0,0.4784318944439292,2.2042920030653477,2.154071904718876,6923,Mohammed Salisu
season,DC,31,1,7,2731,1.1959557868540287,1,0.1573525033891201,2,2019,Real Valladolid,4,0,1,1.1959557868540287,2.2224460933357477,2.1850995924323797,6923,Mohammed Salisu
