group_type,position,games,goals,shots,time,xG,assists,xA,key_passes,season,team,yellow,red,npg,npxG,xGChain,xGBuildup,player_id,player_name
season,MC,19,1,18,1391,0.9109912049025297,0,0.22199192829430103,4,2025,Metz,3,0,1,0.9109912049025297,2.354182376526296,1.5097705023363233,8119,Boubacar Traore
season,Sub,1,0,0,1,0,0,0,0,2024,Wolverhampton Wanderers,0,0,0,0,0,0,8119,Boubacar Traore
season,Sub,24,0,11,760,0.2670730333775282,0,0.28133357409387827,5,2023,Wolverhampton Wanderers,4,0,0,0.2670730333775282,3.788605699315667,3.4077476616948843,8119,Boubacar Traore
season,Sub,10,0,3,399,0.04580090008676052,1,0.33299198746681213,1,2022,Wolverhampton Wanderers,2,0,0,0.04580090008676052,1.037588693201542,0.6710336841642857,8119,Boubacar Traore
season,Sub,27,1,22,1710,0.5105080110952258,1,1.4325577896088362,16,2021,Metz,7,1,1,0.5105080110952258,3.8257037233561277,2.0295031080022454,8119,Boubacar Traore
season,Sub,2,1,2,50,0.01893750997260213,0,0,0,2020,Metz,0,0,1,0.01893750997260213,0.10260089859366417,0.08366339653730392,8119,Boubacar Traore
