group_type,position,games,goals,shots,time,xG,assists,xA,key_passes,season,team,yellow,red,npg,npxG,xGChain,xGBuildup,player_id,player_name
season,DC,20,0,5,1526,0.19125220365822315,0,0.09758054884150624,6,2017,Stoke,2,0,0,0.19125220365822315,0.7354060499928892,0.628215276170522,859,Geoff Cameron
season,DC,19,0,11,1626,1.2535540219396353,1,0.8354027923196554,10,2016,Stoke,1,0,0,1.2535540219396353,6.05404089204967,4.396531563252211,859,Geoff Cameron
season,DC,30,0,15,2361,0.6193308066576719,0,0.689332882873714,9,2015,Stoke,0,1,0,0.6193308066576719,6.651814606040716,6.3409831412136555,859,Geoff Cameron
season,AMC,27,0,9,2133,1.2347001936286688,1,1.3203427894040942,12,2014,Stoke,4,0,0,1.2347001936286688,3.3885030820965767,2.3439945708960295,859,Geoff Cameron
