group_type,position,games,goals,shots,time,xG,assists,xA,key_passes,season,team,yellow,red,npg,npxG,xGChain,xGBuildup,player_id,player_name
season,Sub,27,3,9,2369,1.360745869576931,1,0.8387309368699789,9,2025,Wolverhampton Wanderers,4,0,3,1.360745869576931,4.205570835620165,3.858142768032849,10945,Santiago Bueno
season,Sub,29,0,6,1672,0.3284060172736645,0,0,0,2024,Wolverhampton Wanderers,2,0,0,0.3284060172736645,3.8933305330574512,3.8738088496029377,10945,Santiago Bueno
season,DC,12,0,0,817,0,0,0.190905986353755,2,2023,Wolverhampton Wanderers,1,0,0,0,2.1081051090732217,1.93471594247967,10945,Santiago Bueno
season,DC,34,0,13,3017,0.7807213803753257,1,0.9726467910222709,9,2022,Girona,5,1,0,0.7807213803753257,7.057017557322979,6.9838946629315615,10945,Santiago Bueno
