group_type,position,games,goals,shots,time,xG,assists,xA,key_passes,season,team,yellow,red,npg,npxG,xGChain,xGBuildup,player_id,player_name
season,AMC,9,2,9,334,0.8861830700188875,1,0.979939728975296,5,2025,Marseille,1,0,2,0.8861830700188875,2.8284013345837593,1.836508059874177,11132,Ethan Nwaneri
season,Sub,6,0,6,154,0.3292111651971936,0,0.048408184200525284,1,2025,Arsenal,0,0,0,0.3292111651971936,1.166222719475627,0.9847383946180344,11132,Ethan Nwaneri
season,Sub,26,4,24,883,1.7757814601063728,2,1.1617773352190852,16,2024,Arsenal,1,0,4,1.7757814601063728,4.733230505138636,2.7513870988041162,11132,Ethan Nwaneri
season,Sub,1,0,0,6,0,0,0.024536216631531715,1,2023,Arsenal,0,0,0,0,0.024536216631531715,0.024536216631531715,11132,Ethan Nwaneri
season,Sub,1,0,0,1,0,0,0,0,2022,Arsenal,0,0,0,0,0,0,11132,Ethan Nwaneri
