group_type,position,games,goals,shots,time,xG,assists,xA,key_passes,season,team,yellow,red,npg,npxG,xGChain,xGBuildup,player_id,player_name
season,Sub,5,0,3,172,0.9711511135101318,0,0.027600573375821114,1,2025,Strasbourg,0,0,0,0.9711511135101318,1.0593343377113342,0.28397688269615173,11295,David Datro Fofana
season,Sub,15,4,19,876,4.029318623244762,1,1.4943999461829662,8,2023,Burnley,1,0,4,4.029318623244762,4.770294601097703,0.415885504335165,11295,David Datro Fofana
season,FW,12,1,26,684,4.060827124863863,0,0.38272819947451353,5,2023,Union Berlin,0,0,1,4.060827124863863,4.917184886522591,0.9215688081458211,11295,David Datro Fofana
season,Sub,3,0,3,65,0.32611268758773804,0,0.08742763008922338,3,2022,Chelsea,0,0,0,0.32611268758773804,0.38537351693958044,0,11295,David Datro Fofana
