group_type,position,games,goals,shots,time,xG,assists,xA,key_passes,season,team,yellow,red,npg,npxG,xGChain,xGBuildup,player_id,player_name
season,DC,15,0,5,1252,0.42690371349453926,1,0.4111006297171116,3,2023,Burnley,6,0,0,0.42690371349453926,1.9057915396988392,1.516863290220499,6557,Louis Beyer
season,DC,17,0,7,1382,0.7618473842740059,0,0.19038290344178677,5,2021,Borussia M.Gladbach,5,0,0,0.7618473842740059,5.486054031178355,5.403213633224368,6557,Louis Beyer
season,DC,4,0,0,186,0,0,0,0,2020,Borussia M.Gladbach,0,0,0,0,0.559908002614975,0.559908002614975,6557,Louis Beyer
season,Sub,3,0,0,102,0,0,0,0,2019,Borussia M.Gladbach,1,0,0,0,0.4077247120440006,0.4077247120440006,6557,Louis Beyer
season,DR,9,0,5,721,0.32861409336328506,0,0.1146169975399971,2,2018,Borussia M.Gladbach,1,0,0,0.32861409336328506,2.2349232994019985,1.9695474170148373,6557,Louis Beyer
