group_type,position,games,goals,shots,time,xG,assists,xA,key_passes,season,team,yellow,red,npg,npxG,xGChain,xGBuildup,player_id,player_name
season,Sub,32,0,19,1730,1.7071548094972968,2,2.7279676627367735,20,2025,Liverpool,2,0,0,1.7071548094972968,9.565578768029809,6.819050878286362,6665,Curtis Jones
season,Sub,33,3,34,1719,4.570292007178068,3,1.7505743531510234,22,2024,Liverpool,1,1,3,4.570292007178068,12.458385687321424,7.695024929009378,6665,Curtis Jones
season,Sub,23,1,19,1152,2.483465351164341,1,0.9511555470526218,11,2023,Liverpool,3,1,1,2.483465351164341,9.832491017878056,6.74063022620976,6665,Curtis Jones
season,Sub,18,3,15,1059,1.2679023258388042,1,1.010046985000372,14,2022,Liverpool,2,0,3,1.2679023258388042,6.753665236756206,4.948233054950833,6665,Curtis Jones
season,Sub,15,1,20,869,0.8281115936115384,1,0.6779237166047096,11,2021,Liverpool,0,0,1,0.8281115936115384,4.340758312493563,3.2194954212754965,6665,Curtis Jones
season,Sub,24,1,19,1174,1.7588918451219797,2,1.5211436888203025,12,2020,Liverpool,2,0,1,1.7588918451219797,7.742867568507791,5.182872947305441,6665,Curtis Jones
season,Sub,6,1,6,108,0.8147165104746819,0,0,0,2019,Liverpool,0,0,1,0.8147165104746819,1.3674079924821854,0.933324009180069,6665,Curtis Jones
