group_type,position,games,goals,shots,time,xG,assists,xA,key_passes,season,team,yellow,red,npg,npxG,xGChain,xGBuildup,player_id,player_name
season,DML,29,0,18,2052,0.4915374033153057,2,1.783748209476471,20,2018,Huddersfield,2,0,0,0.4915374033153057,3.1015720162540674,1.5972749777138233,6032,Chris Löwe
season,DL,23,0,8,1598,0.3496684031561017,0,0.37333619222044945,5,2017,Huddersfield,1,0,0,0.3496684031561017,3.3013211749494076,3.0629305839538574,6032,Chris Löwe
