group_type,position,games,goals,shots,time,xG,assists,xA,key_passes,season,team,yellow,red,npg,npxG,xGChain,xGBuildup,player_id,player_name
season,MC,3,0,0,137,0,0,0.05511659849435091,2,2019,Newcastle United,0,0,0,0,0.042518798261880875,0,723,Ki Sung-yueng
season,Sub,1,0,0,8,0,0,0,0,2019,Mallorca,0,0,0,0,0,0,723,Ki Sung-yueng
season,MC,18,0,8,1302,0.15218030009418726,1,1.0775400139391422,16,2018,Newcastle United,2,0,0,0.15218030009418726,3.2162829311564565,3.0649863574653864,723,Ki Sung-yueng
season,Sub,25,2,20,1869,0.845365091226995,2,1.7742285821586847,19,2017,Swansea,2,0,2,0.845365091226995,2.705563973635435,1.4724896643310785,723,Ki Sung-yueng
season,Sub,23,0,9,1286,0.31564400158822536,1,0.4234952013939619,12,2016,Swansea,3,0,0,0.31564400158822536,2.508366541005671,2.0781134217977524,723,Ki Sung-yueng
season,DMC,28,2,24,1852,2.4574378253892064,1,1.0774459028616548,22,2015,Swansea,4,0,2,2.4574378253892064,5.665102529339492,3.1758004864677787,723,Ki Sung-yueng
season,DMC,33,8,28,2692,4.3305724542587996,1,1.2641469975933433,26,2014,Swansea,4,0,8,4.3305724542587996,11.960129372775555,9.00447864830494,723,Ki Sung-yueng
