group_type,position,games,goals,shots,time,xG,assists,xA,key_passes,season,team,yellow,red,npg,npxG,xGChain,xGBuildup,player_id,player_name
season,DMC,23,0,7,1704,0.550220568664372,0,0.18393854890018702,7,2025,Wolfsburg,4,0,0,0.550220568664372,5.024353690445423,4.415433967486024,10872,Vinicius Souza
season,Sub,36,1,14,2676,0.5002630027011037,0,0.7816855013370514,5,2023,Sheffield United,3,0,1,0.5002630027011037,4.085046709049493,2.9888922558166087,10872,Vinicius Souza
season,MC,34,1,10,2431,0.9219065504148602,1,0.48463566042482853,11,2022,Espanyol,8,1,1,0.9219065504148602,4.134226949885488,3.2356940610334277,10872,Vinicius Souza
