group_type,position,games,goals,shots,time,xG,assists,xA,key_passes,season,team,yellow,red,npg,npxG,xGChain,xGBuildup,player_id,player_name
season,Sub,9,0,4,512,0.2077605351805687,0,0,0,2025,Tottenham,0,0,0,0.2077605351805687,0.8118065074086189,0.8118065074086189,9105,Radu Dragusin
season,DC,16,0,5,1264,0.17725946567952633,0,0.5174331180751324,4,2024,Tottenham,1,0,0,0.17725946567952633,4.84899147041142,4.778011908754706,9105,Radu Dragusin
season,DC,19,2,17,1710,1.2185589708387852,1,0.9097644370049238,7,2023,Genoa,1,0,2,1.2185589708387852,2.690718320198357,1.7258912902325392,9105,Radu Dragusin
season,Sub,9,0,1,417,0.07337670773267746,0,0,0,2023,Tottenham,1,0,0,0.07337670773267746,2.9626500830054283,2.889273375272751,9105,Radu Dragusin
season,Sub,13,0,3,607,0.1282120030373335,0,0.13898240216076374,3,2021,Sampdoria,1,0,0,0.1282120030373335,0.7641031872481108,0.7099209874868393,9105,Radu Dragusin
season,DC,7,0,0,481,0,0,0.02153410017490387,1,2021,Salernitana,1,0,0,0,0.5273920893669128,0.505857989192009,9105,Radu Dragusin
season,Sub,1,0,0,1,0,0,0,0,2020,Juventus,0,0,0,0,0,0,9105,Radu Dragusin
