group_type,position,games,goals,shots,time,xG,assists,xA,key_passes,season,team,yellow,red,npg,npxG,xGChain,xGBuildup,player_id,player_name
season,DC,10,0,0,526,0,0,0,0,2020,Sheffield United,1,1,0,0,0.9072468057274818,0.9072468057274818,587,Phil Jagielka
season,Sub,6,0,0,233,0,0,0,0,2019,Sheffield United,0,0,0,0,0.09513119980692863,0.09513119980692863,587,Phil Jagielka
season,DC,7,1,1,323,0.6263629794120789,0,0.09909360110759735,2,2018,Everton,0,1,1,0.6263629794120789,0.8958336189389229,0.20354550331830978,587,Phil Jagielka
season,DC,25,0,7,2066,0.8036303035914898,0,0,0,2017,Everton,2,0,0,0.8036303035914898,3.922821667045355,3.9137782640755177,587,Phil Jagielka
season,DC,27,3,14,2252,1.2690291870385408,2,0.7028575781732798,5,2016,Everton,4,1,3,1.2690291870385408,5.038554010912776,4.973763843998313,587,Phil Jagielka
season,DC,21,0,9,1854,0.812141184695065,0,0.13591419905424118,2,2015,Everton,0,0,0,0.812141184695065,4.056629993021488,3.9561102613806725,587,Phil Jagielka
season,DC,37,4,15,3295,2.394630601629615,0,0.07067899964749813,2,2014,Everton,1,0,4,2.394630601629615,7.11154530569911,7.0023003332316875,587,Phil Jagielka
