group_type,position,games,goals,shots,time,xG,assists,xA,key_passes,season,team,yellow,red,npg,npxG,xGChain,xGBuildup,player_id,player_name
season,Sub,4,0,0,42,0,0,0,0,2022,Crystal Palace,0,0,0,0,0.061272621154785156,0.061272621154785156,633,James McArthur
season,MC,21,0,9,1433,0.3072257936000824,3,1.2701929826289415,16,2021,Crystal Palace,3,0,0,0.3072257936000824,4.852488286793232,3.7392180785536766,633,James McArthur
season,MC,18,0,6,1482,0.28225409518927336,2,1.5203706570900977,15,2020,Crystal Palace,3,0,0,0.28225409518927336,3.245604265946895,2.2573824785649776,633,James McArthur
season,MC,37,0,28,3145,1.8058417215943336,3,2.9960654731839895,34,2019,Crystal Palace,6,0,0,1.8058417215943336,7.989805614575744,4.7620503176003695,633,James McArthur
season,MC,38,3,34,3095,4.505425302311778,6,3.7212067767977715,31,2018,Crystal Palace,7,0,3,4.505425302311778,11.979675862938166,6.773195607587695,633,James McArthur
season,Sub,33,5,30,2440,4.228802299126983,1,2.0599375953897834,20,2017,Crystal Palace,5,0,5,4.228802299126983,10.5307446885854,6.216755987145007,633,James McArthur
season,MC,29,5,23,2034,1.6981026465073228,3,2.3486888743937016,16,2016,Crystal Palace,5,0,5,1.6981026465073228,5.477223176509142,2.691358333453536,633,James McArthur
season,MC,28,2,16,2206,1.0581504269503057,2,1.0850919056683779,22,2015,Crystal Palace,5,0,2,1.0581504269503057,6.162737352773547,4.224577681161463,633,James McArthur
season,MC,32,2,33,2623,2.0698619969189167,0,1.7737967111170292,28,2014,Crystal Palace,6,0,2,2.0698619969189167,6.689043913036585,3.5890232855454087,633,James McArthur
