group_type,position,games,goals,shots,time,xG,assists,xA,key_passes,season,team,yellow,red,npg,npxG,xGChain,xGBuildup,player_id,player_name
season,FW,34,9,70,2183,11.88337641209364,3,1.944130852818489,25,2025,Fulham,5,0,5,8.838701020926237,10.397177431732416,1.4577436484396458,4105,Raúl Jiménez
season,Sub,38,12,96,2531,14.405358291231096,3,4.079181319102645,25,2024,Fulham,4,0,9,12.121851704083383,17.43132229242474,5.398588978685439,4105,Raúl Jiménez
season,FW,24,7,41,1423,5.9900733437389135,0,1.6923745833337307,11,2023,Fulham,3,1,7,5.9900733437389135,7.9016893692314625,1.7369755171239376,4105,Raúl Jiménez
season,Sub,15,0,20,842,2.711337735876441,1,1.5050795823335648,9,2022,Wolverhampton Wanderers,0,0,0,2.711337735876441,4.212750431150198,1.0135074984282255,4105,Raúl Jiménez
season,FW,34,6,57,2651,7.0713795982301235,4,3.394018276594579,38,2021,Wolverhampton Wanderers,5,2,5,6.310211572796106,12.290305624715984,4.058563692960888,4105,Raúl Jiménez
season,FWR,10,4,26,824,2.360906094312668,0,0.6329620033502579,6,2020,Wolverhampton Wanderers,0,0,4,2.360906094312668,3.684073407202959,1.2332109939306974,4105,Raúl Jiménez
season,FW,38,17,117,3269,16.510803668759763,6,7.226944707334042,48,2019,Wolverhampton Wanderers,3,0,13,13.466126619838178,22.560237324796617,5.709535629488528,4105,Raúl Jiménez
season,FW,38,13,111,3143,14.27359064668417,7,6.991127401590347,42,2018,Wolverhampton Wanderers,4,0,11,12.75125465542078,20.917925838381052,4.337960259057581,4105,Raúl Jiménez
season,FW,21,1,17,558,2.7381970304995775,2,2.103090949356556,8,2014,Atletico Madrid,0,0,1,2.7381970304995775,4.39791632629931,0.7692390233278275,4105,Raúl Jiménez
