group_type,position,games,goals,shots,time,xG,assists,xA,key_passes,season,team,yellow,red,npg,npxG,xGChain,xGBuildup,player_id,player_name
season,DR,7,0,1,478,0.008908290416002274,1,0.47397229075431824,3,2021,Eintracht Frankfurt,1,0,0,0.008908290416002274,1.403986793011427,1.3400364965200424,2640,Erik Durm
season,DR,21,1,20,1509,1.2786963861435652,2,1.7541586719453335,13,2020,Eintracht Frankfurt,1,0,1,1.2786963861435652,5.523504726588726,3.087899897247553,2640,Erik Durm
season,MR,9,0,14,511,0.5373187959194183,0,0.1412560986354947,4,2019,Eintracht Frankfurt,0,0,0,0.5373187959194183,1.6156620122492313,1.0588982179760933,2640,Erik Durm
season,Sub,28,0,10,2049,0.2812918983399868,1,0.472563399001956,11,2018,Huddersfield,0,0,0,0.2812918983399868,2.399243177846074,1.891696692444384,2640,Erik Durm
season,MR,13,0,9,974,0.7107487851753831,2,1.8181957621127367,16,2016,Borussia Dortmund,1,0,0,0.7107487851753831,8.218091372400522,6.024397894740105,2640,Erik Durm
season,Sub,14,1,13,864,1.8679772270843387,1,2.249433398246765,8,2015,Borussia Dortmund,2,0,1,1.8679772270843387,7.17138397693634,3.2374117746949196,2640,Erik Durm
season,DL,18,1,11,1585,0.4193244269117713,1,1.402427414432168,11,2014,Borussia Dortmund,2,0,1,0.4193244269117713,6.135866085998714,5.001125276088715,2640,Erik Durm
