group_type,position,games,goals,shots,time,xG,assists,xA,key_passes,season,team,yellow,red,npg,npxG,xGChain,xGBuildup,player_id,player_name
season,MC,28,0,12,1644,0.7093124967068434,2,1.4272122886031866,19,2021,Watford,2,0,0,0.7093124967068434,5.900518809445202,4.489936796016991,596,Tom Cleverley
season,Sub,18,1,17,952,1.7800700776278973,0,0.7182994857430458,15,2019,Watford,2,0,1,1.7800700776278973,4.6471482729539275,2.5881826011464,596,Tom Cleverley
season,Sub,13,1,4,453,0.17453290335834026,0,0.11326400190591812,1,2018,Watford,2,0,1,0.17453290335834026,0.9147038944065571,0.7192033883184195,596,Tom Cleverley
season,MC,23,1,16,1909,1.7756134159862995,2,1.4005652014166117,29,2017,Watford,1,1,1,1.014444399625063,6.4212387185543776,5.088022850453854,596,Tom Cleverley
season,DMC,17,0,8,1443,0.2886701952666044,2,1.5121146999299526,25,2016,Watford,3,0,0,0.2886701952666044,3.3189540281891823,2.436147131025791,596,Tom Cleverley
season,Sub,10,0,2,396,0.4539160877466202,0,0.19788480550050735,3,2016,Everton,1,0,0,0.4539160877466202,0.8194612935185432,0.25327660143375397,596,Tom Cleverley
season,AML,22,2,24,1618,1.491365397349,4,2.2500664331018925,23,2015,Everton,1,0,2,1.491365397349,6.335384823381901,4.329457061365247,596,Tom Cleverley
season,MC,31,3,23,2543,1.762447528541088,0,1.324875089339912,26,2014,Aston Villa,6,0,3,1.762447528541088,5.729000370949507,4.119213275611401,596,Tom Cleverley
season,MC,1,0,1,90,0.025347499176859856,0,0.02409359999001026,1,2014,Manchester United,1,0,0,0.025347499176859856,0.08816389739513397,0.038722798228263855,596,Tom Cleverley
