group_type,position,games,goals,shots,time,xG,assists,xA,key_passes,season,team,yellow,red,npg,npxG,xGChain,xGBuildup,player_id,player_name
season,DMC,34,5,35,2853,1.4140774374827743,3,2.3058661445975304,27,2025,Liverpool,5,0,5,1.4140774374827743,12.836072763428092,10.556967563927174,10697,Ryan Gravenberch
season,DMC,37,0,20,3199,1.3318934980779886,4,2.415423891507089,26,2024,Liverpool,6,1,0,1.3318934980779886,21.408910930156708,19.362357161939144,10697,Ryan Gravenberch
season,Sub,26,1,23,1116,1.7132481131702662,0,1.0920489802956581,15,2023,Liverpool,0,0,1,1.7132481131702662,7.440316876396537,5.028185680508614,10697,Ryan Gravenberch
season,Sub,1,0,0,6,0,0,0.1902855932712555,2,2023,Bayern Munich,1,0,0,0,0.5938770174980164,0.4035913944244385,10697,Ryan Gravenberch
season,Sub,24,0,11,527,0.7752301301807165,0,0.36440723948180676,9,2022,Bayern Munich,1,0,0,0.7752301301807165,5.134856633841991,4.252635369077325,10697,Ryan Gravenberch
