group_type,position,games,goals,shots,time,xG,assists,xA,key_passes,season,team,yellow,red,npg,npxG,xGChain,xGBuildup,player_id,player_name
season,AMC,29,8,37,2470,4.28220534324646,4,5.914962615817785,33,2025,Everton,6,0,8,4.28220534324646,12.958050303161144,6.973767094314098,9739,Kiernan Dewsbury-Hall
season,Sub,13,0,1,234,0.08943549543619156,1,0.8056687042117119,3,2024,Chelsea,0,0,0,0.08943549543619156,1.3387737199664116,0.44366946816444397,9739,Kiernan Dewsbury-Hall
season,MC,31,2,26,2334,1.8549880683422089,2,3.0710923951119184,39,2022,Leicester,3,1,2,1.8549880683422089,9.722595304250717,5.314303573220968,9739,Kiernan Dewsbury-Hall
season,Sub,28,1,20,2101,1.2946152910590172,2,3.0290627162903547,34,2021,Leicester,4,0,1,1.2946152910590172,9.695718803443015,6.9314601151272655,9739,Kiernan Dewsbury-Hall
