group_type,position,games,goals,shots,time,xG,assists,xA,key_passes,season,team,yellow,red,npg,npxG,xGChain,xGBuildup,player_id,player_name
season,Sub,4,0,0,114,0,0,0.01873987913131714,1,2024,Valencia,2,0,0,0,0.01873987913131714,0,7688,Max Aarons
season,Sub,3,0,0,78,0,0,0,0,2024,Bournemouth,0,0,0,0,0.9639191627502441,0.9639191627502441,7688,Max Aarons
season,DR,20,0,2,1219,0.047610869631171227,1,0.8764500692486763,7,2023,Bournemouth,1,0,0,0.047610869631171227,3.960431007668376,3.3971939999610186,7688,Max Aarons
season,DR,34,0,13,2882,0.8394248560070992,2,1.7876457879319787,20,2021,Norwich,8,0,0,0.8394248560070992,4.762461667880416,2.484261809848249,7688,Max Aarons
season,DR,36,0,14,3240,0.6508807009086013,1,3.8951182030141354,23,2019,Norwich,7,0,0,0.6508807009086013,10.055002326145768,7.378265496343374,7688,Max Aarons
