group_type,position,games,goals,shots,time,xG,assists,xA,key_passes,season,team,yellow,red,npg,npxG,xGChain,xGBuildup,player_id,player_name
season,Sub,4,0,0,125,0,0,0.3993283584713936,2,2024,Leicester,0,0,0,0,0.658692367374897,0.31169407814741135,6418,Hamza Choudhury
season,MC,6,0,1,289,0.020226800814270973,0,0,0,2021,Leicester,1,0,0,0.020226800814270973,2.0293576195836067,2.0293576195836067,6418,Hamza Choudhury
season,Sub,10,0,4,312,0.447797492146492,0,0,0,2020,Leicester,1,0,0,0.447797492146492,2.327859029173851,1.9456680417060852,6418,Hamza Choudhury
season,MC,20,1,7,879,0.3366533014923334,1,0.11283760145306587,4,2019,Leicester,2,1,1,0.3366533014923334,2.7457803431898355,2.52809052541852,6418,Hamza Choudhury
season,MC,9,0,4,597,0.4746321067214012,0,0.5052472064271569,5,2018,Leicester,0,0,0,0.4746321067214012,1.9858068199828267,1.0719108618795872,6418,Hamza Choudhury
season,Sub,8,0,2,376,0.0358432000502944,1,0.21633900701999664,1,2017,Leicester,1,0,0,0.0358432000502944,1.0938448086380959,0.8775055110454559,6418,Hamza Choudhury
