group_type,position,games,goals,shots,time,xG,assists,xA,key_passes,season,team,yellow,red,npg,npxG,xGChain,xGBuildup,player_id,player_name
season,ML,30,1,46,1187,5.919800091534853,3,4.153277147561312,24,2025,Bournemouth,7,0,1,5.919800091534853,11.531485620886087,2.6229202784597874,6820,David Brooks
season,Sub,29,2,25,937,2.8713680896908045,0,1.7746479772031307,19,2024,Bournemouth,3,0,2,2.8713680896908045,6.463442295789719,3.1608658209443092,6820,David Brooks
season,AMR,13,1,13,241,2.2037018723785877,1,0.9074392039328814,8,2023,Bournemouth,1,0,1,2.2037018723785877,3.8162245713174343,0.9324527494609356,6820,David Brooks
season,Sub,6,0,5,166,0.2445639120414853,0,0.1819901317358017,2,2022,Bournemouth,1,0,0,0.2445639120414853,0.5240764729678631,0.21339266747236252,6820,David Brooks
season,MC,9,1,6,533,0.43261139281094074,0,0.534646600484848,6,2019,Bournemouth,1,0,1,0.43261139281094074,0.8643895983695984,0.13210549764335155,6820,David Brooks
season,MR,30,7,41,2317,6.465658405795693,5,5.877872094511986,30,2018,Bournemouth,3,0,7,6.465658405795693,16.891731955111027,6.750990778207779,6820,David Brooks
