group_type,position,games,goals,shots,time,xG,assists,xA,key_passes,season,team,yellow,red,npg,npxG,xGChain,xGBuildup,player_id,player_name
season,Sub,23,1,12,1264,0.7498585553839803,4,3.589389992877841,19,2025,Brentford,7,0,1,0.7498585553839803,5.500424522906542,2.943715939298272,9680,Vitaly Janelt
season,MC,32,1,14,2303,0.9458270631730556,3,2.358839701861143,14,2024,Brentford,3,0,1,0.9458270631730556,8.97201941628009,5.991170124150813,9680,Vitaly Janelt
season,MC,38,1,21,3137,2.0162796927616,3,4.314206030219793,37,2023,Brentford,8,0,1,2.0162796927616,12.40513951331377,9.032909959554672,9680,Vitaly Janelt
season,MC,35,3,14,2206,2.191264372318983,1,1.4620734620839357,16,2022,Brentford,3,0,3,2.191264372318983,7.5696020424366,5.46771614253521,9680,Vitaly Janelt
season,MC,31,4,30,2328,2.989832724444568,0,1.8168051782995462,23,2021,Brentford,3,0,4,2.989832724444568,7.372113709338009,3.241404203698039,9680,Vitaly Janelt
