group_type,position,games,goals,shots,time,xG,assists,xA,key_passes,season,team,yellow,red,npg,npxG,xGChain,xGBuildup,player_id,player_name
season,Sub,14,3,20,633,4.438022810965776,1,0.8961769826710224,5,2024,Lille,0,0,2,2.9178325720131397,4.833104282617569,1.1764868646860123,1790,Chuba Akpom
season,Sub,3,0,2,23,0.5139970183372498,0,0,0,2014,Arsenal,0,0,0,0.5139970183372498,0.5139970183372498,0,1790,Chuba Akpom
