group_type,position,games,goals,shots,time,xG,assists,xA,key_passes,season,team,yellow,red,npg,npxG,xGChain,xGBuildup,player_id,player_name
season,DR,3,0,2,270,0.04002569988369942,0,0.05019240081310272,1,2020,Fulham,1,0,0,0.04002569988369942,0.4257064014673233,0.3856807053089142,7077,Denis Odoi
season,DC,31,0,10,2591,0.7200834713876247,1,0.570259302854538,11,2018,Fulham,4,0,0,0.7200834713876247,4.536650873720646,4.09144308231771,7077,Denis Odoi
