group_type,position,games,goals,shots,time,xG,assists,xA,key_passes,season,team,yellow,red,npg,npxG,xGChain,xGBuildup,player_id,player_name
season,Sub,21,1,11,1160,0.7209816901013255,1,0.3901645038276911,4,2022,Southampton,4,0,1,0.7209816901013255,1.9288878990337253,1.6362489545717835,6252,Lyanco
season,Sub,15,0,6,898,0.25548440031707287,0,0.17410700023174286,3,2021,Southampton,2,0,0,0.25548440031707287,1.7961761131882668,1.7197611071169376,6252,Lyanco
season,DC,23,0,12,1954,1.5229801121167839,0,0.35983769595623016,4,2020,Torino,8,0,0,1.5229801121167839,5.26702548051253,4.748617064207792,6252,Lyanco
season,DC,17,0,5,1193,0.19394607841968536,0,0.23154999315738678,1,2019,Torino,5,0,0,0.19394607841968536,1.7372028976678848,1.3356880992650986,6252,Lyanco
season,DC,13,1,8,1126,0.39475780073553324,0,0.35196230933070183,3,2018,Bologna,1,1,1,0.39475780073553324,2.704767968505621,2.6269758604466915,6252,Lyanco
season,Sub,2,0,0,89,0,0,0,0,2018,Torino,1,0,0,0,0,0,6252,Lyanco
season,DC,4,0,2,321,0.07812170963734388,0,0,0,2017,Torino,0,0,0,0.07812170963734388,0.25110420025885105,0.24256880022585392,6252,Lyanco
