group_type,position,games,goals,shots,time,xG,assists,xA,key_passes,season,team,yellow,red,npg,npxG,xGChain,xGBuildup,player_id,player_name
season,MC,20,1,12,1399,1.6069245170801878,1,1.1950314790010452,10,2017,Swansea,5,0,1,1.6069245170801878,3.0076423790305853,1.7274935189634562,711,Leroy Fer
season,MC,34,6,36,2393,5.205665404908359,2,1.0550480000674725,18,2016,Swansea,9,0,6,5.205665404908359,7.079867891967297,4.92977986112237,711,Leroy Fer
season,MC,11,0,5,758,0.24855540320277214,2,0.46330579929053783,8,2015,Swansea,2,0,0,0.24855540320277214,1.7984610479325056,1.4547816831618547,711,Leroy Fer
season,MC,29,6,54,2375,5.116700321435928,2,3.5862074815668166,48,2014,Queens Park Rangers,4,0,6,5.116700321435928,10.68013789691031,4.389066057279706,711,Leroy Fer
