group_type,position,games,goals,shots,time,xG,assists,xA,key_passes,season,team,yellow,red,npg,npxG,xGChain,xGBuildup,player_id,player_name
season,Sub,20,1,26,1090,2.4188612643629313,1,1.4376058978959918,18,2020,Lokomotiv Moscow,5,0,1,2.4188612643629313,4.68093790858984,1.6861830847337842,963,Eder
season,FW,23,5,37,1740,3.980997009202838,0,1.3628292949870229,25,2019,Lokomotiv Moscow,3,0,5,3.2267249654978514,4.493768838234246,1.5100723933428526,963,Eder
season,FW,22,1,25,833,2.3448992427438498,1,0.7713144165463746,12,2018,Lokomotiv Moscow,3,1,1,2.3448992427438498,4.253386350814253,1.387576200067997,963,Eder
season,FW,18,4,27,896,3.587612656876445,0,0.7013715840876102,4,2017,Lokomotiv Moscow,2,0,4,3.587612656876445,4.529741445556283,0.627036901190877,963,Eder
season,FW,31,6,67,2469,9.636480128392577,4,3.7403665222227573,31,2016,Lille,3,0,5,8.116290112957358,12.131507731042802,2.9890733882784843,963,Eder
season,FW,13,6,31,1076,5.664964657276869,4,2.8072649873793125,9,2015,Lille,1,0,5,4.904864709824324,6.569683593697846,1.4177760714665055,963,Eder
season,Sub,13,0,5,253,0.22083179652690887,0,0.12571940012276173,3,2015,Swansea,0,0,0,0.22083179652690887,0.717600105330348,0.5461306106299162,963,Eder
