group_type,position,games,goals,shots,time,xG,assists,xA,key_passes,season,team,yellow,red,npg,npxG,xGChain,xGBuildup,player_id,player_name
season,Sub,9,0,6,153,0.2523682862520218,0,0.8246345221996307,2,2025,Everton,0,0,0,0.2523682862520218,0.8232666105031967,0.23684710264205933,12573,Tyrique George
season,Sub,4,0,3,138,0.5434353575110435,0,0,0,2025,Chelsea,2,0,0,0.5434353575110435,0.2622702568769455,0.17554336227476597,12573,Tyrique George
season,Sub,8,1,3,162,0.3738933689892292,1,1.0261513106524944,6,2024,Chelsea,1,0,1,0.3738933689892292,1.885858304798603,0.5690330639481544,12573,Tyrique George
