group_type,position,games,goals,shots,time,xG,assists,xA,key_passes,season,team,yellow,red,npg,npxG,xGChain,xGBuildup,player_id,player_name
season,Sub,4,1,2,167,0.1960368985310197,0,0.04800080135464668,1,2021,Watford,0,0,1,0.1960368985310197,0.22919080033898354,0.04800080135464668,462,Dan Gosling
season,Sub,24,3,13,1255,2.929864052683115,1,1.369174674153328,10,2019,Bournemouth,3,0,3,2.929864052683115,3.7870463207364082,1.4419024251401424,462,Dan Gosling
season,MC,25,2,21,1729,2.3945611137896776,1,0.9645073227584362,9,2018,Bournemouth,8,0,2,2.3945611137896776,9.2429408589378,7.027777520008385,462,Dan Gosling
season,MC,28,2,23,1940,2.266780578531325,1,0.9464141987264156,18,2017,Bournemouth,8,0,2,2.266780578531325,5.96786998026073,3.5910789147019386,462,Dan Gosling
season,MC,27,2,16,1336,1.4571681842207909,0,0.7769592925906181,10,2016,Bournemouth,6,0,2,1.4571681842207909,5.838790667243302,4.33312859851867,462,Dan Gosling
season,Sub,34,3,40,2442,3.2276471266523004,1,1.8973795399069786,27,2015,Bournemouth,6,0,3,3.2276471266523004,6.995542302727699,2.62172650359571,462,Dan Gosling
