group_type,position,games,goals,shots,time,xG,assists,xA,key_passes,season,team,yellow,red,npg,npxG,xGChain,xGBuildup,player_id,player_name
season,Sub,6,0,1,103,0.06964128464460373,0,0,0,2024,Sevilla,1,0,0,0.06964128464460373,0.12177861854434013,0.052137333899736404,9897,Gonzalo Montiel
season,Sub,14,0,3,809,0.11951960995793343,2,1.7303651086986065,9,2023,Nottingham Forest,5,0,0,0.11951960995793343,4.5273467022925615,3.0314525980502367,9897,Gonzalo Montiel
season,DR,28,0,8,1512,1.0975315943360329,3,2.5639804285019636,20,2022,Sevilla,8,1,0,1.0975315943360329,6.726858721114695,4.848179659806192,9897,Gonzalo Montiel
season,DR,18,0,4,1075,0.2663545999675989,2,1.7949325181543827,11,2021,Sevilla,7,0,0,0.2663545999675989,4.607640419155359,3.5156369246542454,9897,Gonzalo Montiel
