group_type,position,games,goals,shots,time,xG,assists,xA,key_passes,season,team,yellow,red,npg,npxG,xGChain,xGBuildup,player_id,player_name
season,Sub,14,2,8,768,0.8694475907832384,0,2.112855574116111,21,2025,Fiorentina,1,0,2,0.8694475907832384,4.488875232636929,3.0526599436998367,10716,Manor Solomon
season,Sub,6,1,2,129,0.608427070081234,1,0.471932552754879,2,2025,Villarreal,0,0,1,0.608427070081234,2.177966743707657,1.1689640581607819,10716,Manor Solomon
season,Sub,5,0,7,194,0.3894983045756817,2,0.9335471913218498,12,2023,Tottenham,1,0,0,0.3894983045756817,2.0264496579766273,1.147088959813118,10716,Manor Solomon
season,Sub,19,4,11,536,1.042859235778451,0,0.32499892730265856,6,2022,Fulham,0,0,4,1.042859235778451,1.434320348314941,0.7428273241966963,10716,Manor Solomon
