group_type,position,games,goals,shots,time,xG,assists,xA,key_passes,season,team,yellow,red,npg,npxG,xGChain,xGBuildup,player_id,player_name
season,FW,14,2,28,886,5.213904798030853,1,0.5376840084791183,7,2016,Villarreal,0,0,2,4.470627196133137,7.2264165580272675,2.8513071946799755,691,Alexandre Pato
season,FW,2,1,4,134,1.7201659679412842,0,0,0,2015,Chelsea,0,0,0,0.9589969925582409,1.6412879824638367,0.6822909712791443,691,Alexandre Pato
