group_type,position,games,goals,shots,time,xG,assists,xA,key_passes,season,team,yellow,red,npg,npxG,xGChain,xGBuildup,player_id,player_name
season,Sub,2,0,0,11,0,0,0,0,2022,Fulham,0,0,0,0,0,0,661,Josh Onomah
season,AMC,11,0,6,368,0.5561954909935594,0,0.032975900918245316,1,2020,Fulham,1,0,0,0.5561954909935594,1.3664662055671215,0.8782036043703556,661,Josh Onomah
season,Sub,5,0,1,11,0.08651959896087646,0,0,0,2016,Tottenham,0,0,0,0.08651959896087646,0.11043559946119785,0.023916000500321388,661,Josh Onomah
season,Sub,8,0,3,69,0.17886470071971416,0,0.03543829917907715,1,2015,Tottenham,0,0,0,0.17886470071971416,0.6771609913557768,0.4982962068170309,661,Josh Onomah
