group_type,position,games,goals,shots,time,xG,assists,xA,key_passes,season,team,yellow,red,npg,npxG,xGChain,xGBuildup,player_id,player_name
season,GK,2,0,0,180,0,0,0,0,2021,Brentford,0,0,0,0,0,0,3468,Jonas Lössl
season,Sub,31,0,0,2778,0,1,0.39287191070616245,4,2018,Huddersfield,1,0,0,0,1.286073992960155,0.9193093804642558,3468,Jonas Lössl
season,GK,38,0,0,3420,0,1,0.6143332105129957,3,2017,Huddersfield,1,0,0,0,2.1166820907965302,1.5023488802835345,3468,Jonas Lössl
season,GK,27,0,1,2430,0.027360700070858,0,0.10033639892935753,2,2016,Mainz 05,0,0,0,0.027360700070858,2.4937923047691584,2.4365063030272722,3468,Jonas Lössl
season,GK,37,0,0,3330,0,0,0.014103500172495842,1,2015,Guingamp,0,0,0,0,1.9916981016285717,1.977594601456076,3468,Jonas Lössl
season,GK,30,0,0,2690,0,0,0,0,2014,Guingamp,0,0,0,0,1.8405328039079905,1.8405328039079905,3468,Jonas Lössl
