group_type,position,games,goals,shots,time,xG,assists,xA,key_passes,season,team,yellow,red,npg,npxG,xGChain,xGBuildup,player_id,player_name
season,MC,7,0,3,435,0.23402110487222672,0,0.07513339817523956,1,2016,Sunderland,1,0,0,0.23402110487222672,0.4459524992853403,0.3587134052067995,232,Jan Kirchhoff
season,DMC,15,0,8,1096,0.5767954010516405,0,0.4666622933000326,11,2015,Sunderland,0,0,0,0.5767954010516405,3.1055965535342693,2.683108936995268,232,Jan Kirchhoff
season,DMC,14,0,8,885,0.9465476125478745,0,0.5349532067775726,5,2014,Schalke 04,2,0,0,0.9465476125478745,2.5235433410853148,2.3162424117326736,232,Jan Kirchhoff
