group_type,position,games,goals,shots,time,xG,assists,xA,key_passes,season,team,yellow,red,npg,npxG,xGChain,xGBuildup,player_id,player_name
season,DR,33,1,26,2942,0.9888284020125866,8,7.478693185374141,58,2025,Hoffenheim,4,0,1,0.9888284020125866,15.337304718792439,10.919848427176476,8965,Vladimir Coufal
season,DR,22,0,7,1052,0.32362124137580395,0,0.5783606953918934,8,2024,West Ham,5,0,0,0.32362124137580395,3.653033196926117,3.296148657798767,8965,Vladimir Coufal
season,DR,36,0,8,3153,0.28548409417271614,7,4.300948256626725,33,2023,West Ham,5,1,0,0.28548409417271614,10.106693800538778,6.967354290187359,8965,Vladimir Coufal
season,DR,27,0,6,2148,0.1806397484615445,1,2.275553598999977,25,2022,West Ham,5,0,0,0.1806397484615445,4.774060698226094,3.4378814958035946,8965,Vladimir Coufal
season,DR,28,0,11,2211,0.5571807976812124,4,2.711205866187811,21,2021,West Ham,3,1,0,0.5571807976812124,10.270922681316733,8.42933842074126,8965,Vladimir Coufal
season,DR,34,0,15,3056,1.3991486877202988,7,6.389940650202334,45,2020,West Ham,3,0,0,1.3991486877202988,14.980891424231231,8.577498153783381,8965,Vladimir Coufal
