group_type,position,games,goals,shots,time,xG,assists,xA,key_passes,season,team,yellow,red,npg,npxG,xGChain,xGBuildup,player_id,player_name
season,DC,12,1,4,724,0.19672489911317825,0,0,0,2022,Brentford,0,0,1,0.19672489911317825,1.8506297189742327,1.7343054097145796,1801,Pontus Jansson
season,DC,37,3,22,3325,4.593423327431083,1,0.5605823006480932,5,2021,Brentford,7,0,3,4.593423327431083,5.387516871094704,3.885910749435425,1801,Pontus Jansson
season,Sub,7,1,6,615,0.3334505036473274,0,0.04509110003709793,2,2015,Torino,1,0,1,0.3334505036473274,1.312072902917862,1.2281025983393192,1801,Pontus Jansson
season,DC,9,0,1,626,0.5954049825668335,0,0,0,2014,Torino,1,1,0,0.5954049825668335,1.2978086918592453,1.2978086918592453,1801,Pontus Jansson
