group_type,position,games,goals,shots,time,xG,assists,xA,key_passes,season,team,yellow,red,npg,npxG,xGChain,xGBuildup,player_id,player_name
season,FW,26,6,48,1888,8.756197515875101,2,3.714877739548683,26,2025,Newcastle United,3,1,3,6.472690913826227,10.976929228752851,4.042658658698201,8150,Anthony Gordon
season,FWL,34,6,59,2474,9.196510776877403,5,4.824591662734747,51,2024,Newcastle United,2,0,5,7.674173064529896,15.255516607314348,6.296648159623146,8150,Anthony Gordon
season,FWL,35,11,81,2956,11.293779235333204,10,8.833045985549688,56,2023,Newcastle United,10,1,10,10.53261036798358,26.570194900035858,11.442161984741688,8150,Anthony Gordon
season,FW,16,3,26,1095,3.303246680647135,0,0.6522062942385674,8,2022,Everton,6,0,3,3.303246680647135,3.9170476496219635,0.6851867865771055,8150,Anthony Gordon
season,Sub,16,1,8,469,2.2461173571646214,0,0.7591859251260757,6,2022,Newcastle United,1,0,1,2.2461173571646214,3.7679957672953606,1.0537808313965797,8150,Anthony Gordon
season,Sub,35,4,44,2288,3.460314721800387,2,3.776887372136116,36,2021,Everton,4,0,4,3.460314721800387,7.969527812674642,3.010282608680427,8150,Anthony Gordon
season,Sub,3,0,0,87,0,0,0.019139999523758888,1,2020,Everton,0,0,0,0,0.18850450217723846,0.18850450217723846,8150,Anthony Gordon
season,Sub,11,0,6,438,0.3270708993077278,1,0.3399500921368599,6,2019,Everton,0,0,0,0.3270708993077278,0.8956371061503887,0.3289345018565655,8150,Anthony Gordon
