group_type,position,games,goals,shots,time,xG,assists,xA,key_passes,season,team,yellow,red,npg,npxG,xGChain,xGBuildup,player_id,player_name
season,DC,19,0,4,1236,0.2057701963931322,0,0.07382912002503872,3,2023,Darmstadt,5,0,0,0.2057701963931322,1.7408660296350718,1.667036848142743,7990,Christoph Zimmermann
season,DC,3,0,2,162,0.03771389927715063,0,0,0,2021,Norwich,0,0,0,0.03771389927715063,0.25520010106265545,0.22771450132131577,7990,Christoph Zimmermann
season,DC,17,0,6,1424,0.2578012077137828,1,0.07527189888060093,2,2019,Norwich,3,0,0,0.2578012077137828,2.7542934771627188,2.708892673254013,7990,Christoph Zimmermann
