group_type,position,games,goals,shots,time,xG,assists,xA,key_passes,season,team,yellow,red,npg,npxG,xGChain,xGBuildup,player_id,player_name
season,Sub,1,0,0,1,0,0,0,0,2024,Everton,0,0,0,0,0,0,985,Mason Holgate
season,DC,10,0,3,718,0.9260915219783783,0,0.4414309561252594,1,2023,Sheffield United,3,1,0,0.9260915219783783,1.08466067770496,0.6432297215797007,985,Mason Holgate
season,Sub,8,0,4,505,0.9284062683582306,0,0.3237291630357504,6,2022,Everton,1,1,0,0.9284062683582306,1.3223813269287348,1.0586145222187042,985,Mason Holgate
season,DC,25,2,7,2137,1.660384014248848,1,0.10458620265126228,3,2021,Everton,6,1,2,1.660384014248848,1.5720062172040343,1.5205509206280112,985,Mason Holgate
season,DC,28,1,5,2298,1.2981894947588444,0,0.5711942873895168,8,2020,Everton,9,0,1,1.2981894947588444,3.7908532954752445,3.348965907469392,985,Mason Holgate
season,Sub,27,0,12,2047,1.4054015278816223,3,1.1222637072205544,4,2019,Everton,5,0,0,1.4054015278816223,6.361286384984851,5.70923450216651,985,Mason Holgate
season,Sub,5,0,0,407,0,0,0,0,2018,Everton,1,0,0,0,0.6817190982401371,0.6817190982401371,985,Mason Holgate
season,DMR,15,0,5,1182,0.46967168897390366,0,0.6658227127045393,7,2017,Everton,3,0,0,0.46967168897390366,1.6756435371935368,0.999502019956708,985,Mason Holgate
season,DC,18,0,6,1378,0.3201606087386608,1,1.572614874690771,9,2016,Everton,2,0,0,0.3201606087386608,5.161694630980492,4.277142629027367,985,Mason Holgate
