group_type,position,games,goals,shots,time,xG,assists,xA,key_passes,season,team,yellow,red,npg,npxG,xGChain,xGBuildup,player_id,player_name
season,FWL,27,5,35,1663,3.7303824136033654,5,7.445959782227874,56,2025,Manchester City,0,0,5,3.7303824136033654,17.740781856700778,8.819111281074584,8981,Jéremy Doku
season,AMR,29,3,29,1518,1.8944458104670048,6,4.646427006460726,32,2024,Manchester City,1,0,3,1.8944458104670048,10.565225437283516,5.7006776463240385,8981,Jéremy Doku
season,AMR,29,3,56,1616,3.7698520198464394,8,5.476052410900593,45,2023,Manchester City,3,0,3,3.7698520198464394,14.622362297028303,7.702265929430723,8981,Jéremy Doku
season,FWR,2,1,6,110,1.1924280524253845,0,0.19405369088053703,3,2023,Rennes,0,0,1,1.1924280524253845,2.2108976244926453,0.9063422679901123,8981,Jéremy Doku
season,Sub,29,6,26,1277,2.9182670265436172,2,4.450656816363335,27,2022,Rennes,0,0,6,2.9182670265436172,12.15715822763741,5.513328522443771,8981,Jéremy Doku
season,Sub,14,1,5,459,0.9654047284275293,2,2.0598462261259556,9,2021,Rennes,2,0,1,0.9654047284275293,3.793234560638666,1.0884231328964233,8981,Jéremy Doku
season,Sub,30,2,36,2324,2.5906539037823677,3,3.5895912516862154,40,2020,Rennes,1,1,2,2.5906539037823677,10.94828625023365,6.226000215858221,8981,Jéremy Doku
