group_type,position,games,goals,shots,time,xG,assists,xA,key_passes,season,team,yellow,red,npg,npxG,xGChain,xGBuildup,player_id,player_name
season,MR,35,9,61,2343,9.642027791589499,6,7.7206737119704485,52,2025,Villarreal,4,0,7,8.15547251701355,20.733449978753924,7.11723567545414,5656,Nicolas Pepe
season,Sub,28,3,39,1483,5.282411629334092,6,5.504750292748213,33,2024,Villarreal,3,0,3,5.282411629334092,13.806489046663046,4.777184067294002,5656,Nicolas Pepe
season,AMR,19,6,49,1538,8.551671095192432,0,2.3133325856179,28,2022,Nice,2,0,3,6.271385110914707,9.106487818062305,2.793973281979561,5656,Nicolas Pepe
season,AMR,20,1,23,646,3.448649622499943,2,1.3309425860643387,12,2021,Arsenal,0,0,1,3.448649622499943,5.508021876215935,1.4027431681752205,5656,Nicolas Pepe
season,Sub,29,10,47,1602,6.000205853953958,1,1.0121595980599523,11,2020,Arsenal,1,1,9,5.23903716634959,9.359735170379281,4.2177279610186815,5656,Nicolas Pepe
season,Sub,31,5,50,2021,5.069304745644331,5,4.904218332841992,39,2019,Arsenal,4,0,4,4.308138769119978,10.924232121556997,4.814494911581278,5656,Nicolas Pepe
season,AMR,38,22,118,3333,21.23202740866691,11,10.37834968417883,70,2018,Lille,1,0,13,13.631401808001101,25.910623433999717,7.536672619171441,5656,Nicolas Pepe
season,FW,36,13,65,2846,8.057306449860334,4,3.796745551750064,40,2017,Lille,5,0,12,7.297211449593306,14.637685833498836,6.534546815790236,5656,Nicolas Pepe
season,Sub,33,3,45,1295,3.0485548991709948,1,2.036408683285117,19,2016,Angers,2,0,3,3.0485548991709948,5.6768468879163265,1.7737291119992733,5656,Nicolas Pepe
