group_type,position,games,goals,shots,time,xG,assists,xA,key_passes,season,team,yellow,red,npg,npxG,xGChain,xGBuildup,player_id,player_name
season,DC,31,1,22,2651,1.253922250121832,0,0.5267416425049305,6,2025,Brighton,10,0,1,1.253922250121832,11.674747474491596,11.587368950247765,6048,Lewis Dunk
season,DC,25,0,12,2083,1.1070273127406836,0,0.5168026331812143,5,2024,Brighton,5,0,0,1.1070273127406836,10.19734975323081,10.102785553783178,6048,Lewis Dunk
season,DC,33,3,34,2895,2.9649088978767395,1,1.1697372319176793,13,2023,Brighton,7,1,3,2.9649088978767395,13.593212680891156,13.529502967372537,6048,Lewis Dunk
season,DC,36,1,22,3240,2.0407250970602036,0,0.8655232125893235,9,2022,Brighton,4,0,1,2.0407250970602036,14.347089774906635,14.096927545964718,6048,Lewis Dunk
season,DC,29,1,19,2574,1.4920963048934937,0,0.40558080095797777,3,2021,Brighton,3,1,1,1.4920963048934937,6.847901510074735,6.832657502964139,6048,Lewis Dunk
season,DC,33,5,32,2934,2.7090756595134735,0,0.8306384868919849,10,2020,Brighton,5,2,5,2.7090756595134735,8.376231810078025,7.971444236114621,6048,Lewis Dunk
season,DC,36,3,31,3233,3.7192770410329103,3,1.2634231951087713,14,2019,Brighton,9,0,3,3.7192770410329103,8.553323849104345,8.34768467117101,6048,Lewis Dunk
season,DC,36,2,20,3154,1.7627595756202936,1,0.7536890767514706,11,2018,Brighton,5,1,2,1.7627595756202936,3.7396427830681205,3.523732009343803,6048,Lewis Dunk
season,DC,38,1,27,3420,3.1596591221168637,1,1.3649564906954765,11,2017,Brighton,7,0,1,3.1596591221168637,3.4880324164405465,3.0344476150348783,6048,Lewis Dunk
