group_type,position,games,goals,shots,time,xG,assists,xA,key_passes,season,team,yellow,red,npg,npxG,xGChain,xGBuildup,player_id,player_name
season,Sub,14,0,4,337,0.13778147101402283,0,0.21320436522364616,4,2025,Everton,2,0,0,0.13778147101402283,0.8644972424954176,0.634521609172225,10586,Tyler Dibling
season,Sub,33,2,28,1860,3.091769566759467,0,1.979686425998807,20,2024,Southampton,6,0,2,3.091769566759467,8.59219616651535,4.698215810582042,10586,Tyler Dibling
