group_type,position,games,goals,shots,time,xG,assists,xA,key_passes,season,team,yellow,red,npg,npxG,xGChain,xGBuildup,player_id,player_name
season,DC,13,0,4,761,0.4594705104827881,0,0.048929501324892044,1,2020,West Bromwich Albion,2,0,0,0.4594705104827881,0.3491972014307976,0.3491972014307976,682,Branislav Ivanovic
season,DC,25,4,26,2222,2.6504391646012664,0,0.26422220654785633,7,2019,Zenit St. Petersburg,5,0,4,2.6504391646012664,4.0496634896844625,3.7417316557839513,682,Branislav Ivanovic
season,DC,28,1,18,2520,1.565598159097135,0,0.40137329138815403,8,2018,Zenit St. Petersburg,3,0,1,1.565598159097135,5.347709655761719,5.12515464425087,682,Branislav Ivanovic
season,DC,27,2,23,2357,2.3420439837500453,1,0.6199621921405196,14,2017,Zenit St. Petersburg,1,0,2,2.3420439837500453,6.649290228262544,5.950985215604305,682,Branislav Ivanovic
season,DC,10,1,4,827,0.9119247142225504,0,0.11016829870641232,2,2016,Zenit St. Petersburg,0,0,1,0.9119247142225504,2.2301989048719406,2.1303959041833878,682,Branislav Ivanovic
season,DR,13,0,7,578,0.3240773035213351,0,0.1858418993651867,3,2016,Chelsea,2,0,0,0.3240773035213351,2.4457230120897293,2.2665200009942055,682,Branislav Ivanovic
season,DR,33,2,28,2922,2.3555952794849873,2,2.0069943265989423,13,2015,Chelsea,5,0,2,2.3555952794849873,10.849223456345499,9.19849253911525,682,Branislav Ivanovic
season,DR,38,4,44,3420,4.3701117252931,5,5.315748207271099,35,2014,Chelsea,10,1,4,4.3701117252931,17.02221167460084,11.982979789376259,682,Branislav Ivanovic
