group_type,position,games,goals,shots,time,xG,assists,xA,key_passes,season,team,yellow,red,npg,npxG,xGChain,xGBuildup,player_id,player_name
season,DMR,35,6,58,2609,7.4912008829414845,2,2.1150793274864554,20,2017,Stoke,6,0,6,7.4912008829414845,8.712970707565546,1.5370222944766283,868,Mame Biram Diouf
season,FW,27,1,20,1381,2.9089983757585287,2,1.3079153932631016,10,2016,Stoke,3,0,1,2.9089983757585287,4.550066946074367,1.8803899977356195,868,Mame Biram Diouf
season,FW,26,5,30,1246,5.1399991400539875,1,0.7568941134959459,10,2015,Stoke,3,0,5,5.1399991400539875,5.441688630729914,0.4125120975077152,868,Mame Biram Diouf
season,FW,34,11,55,2451,11.646968324668705,3,3.466141242533922,28,2014,Stoke,7,0,11,11.646968324668705,13.599631811492145,0.8619846059009433,868,Mame Biram Diouf
