group_type,position,games,goals,shots,time,xG,assists,xA,key_passes,season,team,yellow,red,npg,npxG,xGChain,xGBuildup,player_id,player_name
season,Sub,11,2,18,438,1.8009391026571393,1,0.8226615935564041,8,2021,Bochum,0,0,1,1.043242977000773,2.4175434382632375,0.5675599873065948,6542,Jürgen Locadia
season,Sub,1,0,1,20,0.05609799921512604,0,0,0,2021,Brighton,0,0,0,0.05609799921512604,0.05609799921512604,0,6542,Jürgen Locadia
season,Sub,11,4,20,522,3.3274330124258995,0,0.05407700128853321,3,2019,Hoffenheim,1,0,3,2.569655992090702,3.286197494715452,1.0857108943164349,6542,Jürgen Locadia
season,FWL,2,0,2,84,0.399702288210392,0,0,0,2019,Brighton,0,0,0,0.399702288210392,0.10170039720833302,0.04361509904265404,6542,Jürgen Locadia
season,Sub,26,2,28,1229,3.3906087055802345,0,0.9557689037173986,13,2018,Brighton,1,0,2,3.3906087055802345,4.707128395326436,1.7955866139382124,6542,Jürgen Locadia
season,Sub,6,1,6,225,1.1535476129502058,1,0.10042999684810638,1,2017,Brighton,0,0,1,1.1535476129502058,1.2158244093880057,0.046015700325369835,6542,Jürgen Locadia
