group_type,position,games,goals,shots,time,xG,assists,xA,key_passes,season,team,yellow,red,npg,npxG,xGChain,xGBuildup,player_id,player_name
season,Sub,10,0,10,344,0.6501821987330914,0,0.32718278747051954,3,2020,FC Cologne,0,0,0,0.6501821987330914,1.229408673942089,0.5744435824453831,338,Max Meyer
season,ML,17,0,9,641,0.45928030367940664,0,0.19799979403614998,4,2019,Crystal Palace,1,0,0,0.45928030367940664,0.8563469778746367,0.3796439915895462,338,Max Meyer
season,Sub,29,1,38,1403,1.9788616802543402,2,1.0709684062749147,22,2018,Crystal Palace,3,0,1,1.9788616802543402,5.764599896967411,3.4997193533927202,338,Max Meyer
season,Sub,24,0,8,1739,0.194889098405838,0,0.33338259998708963,9,2017,Schalke 04,6,0,0,0.194889098405838,5.1176741579547524,4.789716334082186,338,Max Meyer
season,AMC,27,1,31,1661,2.869626570492983,1,1.9685997208580375,30,2016,Schalke 04,4,0,1,2.869626570492983,8.544270269572735,5.357398383319378,338,Max Meyer
season,Sub,32,5,46,2331,4.354710320942104,6,3.571497166529298,45,2015,Schalke 04,4,0,5,4.354710320942104,14.10890369489789,6.9552183374762535,338,Max Meyer
season,Sub,28,5,32,1861,2.8386893570423126,1,2.2112761046737432,30,2014,Schalke 04,0,0,5,2.8386893570423126,6.831826580688357,2.4116298109292984,338,Max Meyer
