group_type,position,games,goals,shots,time,xG,assists,xA,key_passes,season,team,yellow,red,npg,npxG,xGChain,xGBuildup,player_id,player_name
season,DC,15,1,3,580,0.6539264097809792,0,0.137966588139534,2,2025,Chelsea,1,0,1,0.6539264097809792,2.1048905588686466,2.0332134179770947,12535,Josh Acheampong
season,DC,4,0,2,172,0.16821566224098206,0,0,0,2024,Chelsea,1,0,0,0.16821566224098206,0.6639772951602936,0.6639772951602936,12535,Josh Acheampong
season,Sub,1,0,0,1,0,0,0,0,2023,Chelsea,0,0,0,0,0,0,12535,Josh Acheampong
