group_type,position,games,goals,shots,time,xG,assists,xA,key_passes,season,team,yellow,red,npg,npxG,xGChain,xGBuildup,player_id,player_name
season,Sub,23,1,2,1680,0.39727197121828794,2,2.1274072602391243,13,2025,Arsenal,2,0,1,0.39727197121828794,7.262185364961624,5.681191109120846,9911,Piero Hincapié
season,DC,1,0,2,90,0.5172572731971741,0,0,0,2025,Bayer Leverkusen,0,0,0,0.5172572731971741,0.11583748459815979,0.056226696819067,9911,Piero Hincapié
season,DC,32,2,22,2669,3.520486763678491,2,3.105824388563633,16,2024,Bayer Leverkusen,8,0,2,3.520486763678491,9.154974464327097,7.814650284126401,9911,Piero Hincapié
season,Sub,26,1,18,1482,2.348540125414729,2,0.6686799041926861,6,2023,Bayer Leverkusen,2,0,1,2.348540125414729,9.342207428067923,8.566322464495897,9911,Piero Hincapié
season,DL,30,1,16,2470,1.3324642069637775,1,1.3067817650735378,10,2022,Bayer Leverkusen,9,3,1,1.3324642069637775,8.78414343483746,7.831875195726752,9911,Piero Hincapié
season,Sub,27,1,9,1750,0.8859499031677842,2,1.7231176821514964,10,2021,Bayer Leverkusen,5,0,1,0.8859499031677842,7.599099438637495,6.767784784547985,9911,Piero Hincapié
