group_type,position,games,goals,shots,time,xG,assists,xA,key_passes,season,team,yellow,red,npg,npxG,xGChain,xGBuildup,player_id,player_name
season,DL,10,0,5,685,0.4448377713561058,1,0.957407258450985,8,2025,Real Betis,2,0,0,0.4448377713561058,2.7736877277493477,2.3000577613711357,6485,Júnior Firpo
season,Sub,19,1,2,1364,0.14142321050167084,1,0.9512499049305916,8,2022,Leeds,6,1,1,0.14142321050167084,2.4669921696186066,2.0024135522544384,6485,Júnior Firpo
season,Sub,24,0,11,1735,0.936143696308136,2,2.523067930713296,22,2021,Leeds,11,0,0,0.936143696308136,4.836824830621481,2.7177316173911095,6485,Júnior Firpo
season,Sub,7,1,1,283,0.7897049784660339,1,1.0050469860434532,5,2020,Barcelona,2,0,1,0.7897049784660339,2.99569895863533,1.6603527069091797,6485,Júnior Firpo
season,Sub,17,1,4,1016,0.6102098226547241,1,0.4930465975776315,10,2019,Barcelona,5,0,1,0.6102098226547241,4.387108378112316,3.6432899963110685,6485,Júnior Firpo
season,ML,24,3,19,1937,2.806339549832046,4,2.603957323357463,20,2018,Real Betis,7,0,3,2.806339549832046,6.530001051723957,3.928143694996834,6485,Júnior Firpo
season,DL,14,2,13,1189,1.47889069840312,2,1.6668476704508066,9,2017,Real Betis,4,0,2,1.47889069840312,5.099801726639271,2.969936892390251,6485,Júnior Firpo
