group_type,position,games,goals,shots,time,xG,assists,xA,key_passes,season,team,yellow,red,npg,npxG,xGChain,xGBuildup,player_id,player_name
season,MC,26,1,46,1928,2.5135269723832607,1,1.0615557907149196,10,2021,Watford,3,1,1,2.5135269723832607,6.473118562251329,4.19075190462172,1123,Juraj Kucka
season,AMC,28,7,60,2354,7.063274152576923,2,2.2346356976777315,16,2020,Parma Calcio 1913,8,0,3,4.018117329105735,10.171617133542895,5.765551977790892,1123,Juraj Kucka
season,Sub,26,6,48,1938,4.680576890707016,3,2.7062415704131126,19,2019,Parma Calcio 1913,5,1,4,3.1580188795924187,8.55471719801426,3.774863127619028,1123,Juraj Kucka
season,Sub,18,4,26,1535,2.466346178203821,3,1.833237873390317,16,2018,Parma Calcio 1913,4,1,3,1.7050471939146519,2.859187198802829,1.7744005620479584,1123,Juraj Kucka
season,MC,30,3,30,2083,1.5072276955470443,1,2.0094367023557425,22,2016,AC Milan,8,3,3,1.5072276955470443,7.184122269973159,4.269763955846429,1123,Juraj Kucka
season,Sub,29,1,46,2088,3.6514818388968706,3,2.135241908952594,29,2015,AC Milan,11,0,1,3.6514818388968706,6.529108619317412,2.732591487467289,1123,Juraj Kucka
season,MC,1,0,0,90,0,0,0,0,2015,Genoa,0,0,0,0,0.1354759931564331,0.1354759931564331,1123,Juraj Kucka
season,FWL,34,2,43,1850,3.681762607768178,0,1.1276075132191181,10,2014,Genoa,5,0,2,3.681762607768178,7.57462490350008,5.800609242171049,1123,Juraj Kucka
