group_type,position,games,goals,shots,time,xG,assists,xA,key_passes,season,team,yellow,red,npg,npxG,xGChain,xGBuildup,player_id,player_name
season,FW,26,3,32,1147,3.0006430707871914,2,1.023931346833706,8,2025,Auxerre,0,0,3,3.0006430707871914,5.001266336068511,1.3498488226905465,8970,Sékou Mara
season,Sub,25,1,19,727,2.136869912967086,1,1.112138183787465,5,2024,Strasbourg,2,0,1,2.136869912967086,2.5807198677212,0.6569947190582752,8970,Sékou Mara
season,Sub,22,1,16,510,1.0406398912891746,2,1.068390192463994,6,2022,Southampton,1,0,1,1.0406398912891746,1.9898097170516849,0.3792372150346637,8970,Sékou Mara
season,Sub,26,6,39,889,5.028070843312889,0,0.6723708957433701,7,2021,Bordeaux,2,0,5,4.2679758430458605,4.667655439116061,1.1110510285943747,8970,Sékou Mara
season,Sub,8,1,4,225,0.48043498396873474,2,0.5211809873580933,2,2020,Bordeaux,0,0,1,0.48043498396873474,0.9219460785388947,0.15272490493953228,8970,Sékou Mara
