group_type,position,games,goals,shots,time,xG,assists,xA,key_passes,season,team,yellow,red,npg,npxG,xGChain,xGBuildup,player_id,player_name
season,DC,18,1,10,1421,0.9520196840167046,0,0.4224689118564129,5,2022,Leeds,5,0,1,0.9520196840167046,3.1956543028354645,3.0356351882219315,8816,Liam Cooper
season,DC,21,0,6,1814,0.2801405992358923,1,0.13216600194573402,4,2021,Leeds,5,0,0,0.2801405992358923,3.4019787572324276,3.3240342624485493,8816,Liam Cooper
season,DC,25,1,15,2189,2.0945085920393467,0,0,0,2020,Leeds,4,1,1,2.0945085920393467,7.379914786666632,7.379914786666632,8816,Liam Cooper
