group_type,position,games,goals,shots,time,xG,assists,xA,key_passes,season,team,yellow,red,npg,npxG,xGChain,xGBuildup,player_id,player_name
season,Sub,9,0,4,194,0.25131772086024284,0,0.034635528922080994,1,2023,Sheffield United,2,0,0,0.25131772086024284,0.6308722272515297,0.43550220504403114,1042,Tom Davies
season,Sub,19,0,9,500,1.3129857713356614,0,0.1336751990020275,2,2022,Everton,3,0,0,1.3129857713356614,1.9132792633026838,0.6038602907210588,1042,Tom Davies
season,Sub,6,1,6,228,1.0068475101143122,0,0,0,2021,Everton,1,0,1,1.0068475101143122,1.2285457830876112,0.4193071983754635,1042,Tom Davies
season,Sub,25,0,7,1433,0.1774021964520216,1,0.9561847178265452,6,2020,Everton,3,0,0,0.1774021964520216,3.188046783208847,2.6904862616211176,1042,Tom Davies
season,Sub,30,1,17,2025,1.640247531235218,0,0.534477811306715,6,2019,Everton,8,0,1,1.640247531235218,6.296167807653546,5.533328840509057,1042,Tom Davies
season,Sub,16,0,7,973,0.31357360631227493,0,0.5891977995634079,5,2018,Everton,3,0,0,0.31357360631227493,3.372653031721711,2.656913748010993,1042,Tom Davies
season,Sub,33,2,21,1901,1.4846298242919147,1,0.6502153109759092,10,2017,Everton,7,0,2,1.4846298242919147,5.124072127509862,3.5099134342744946,1042,Tom Davies
season,MC,24,2,14,1540,1.399094196036458,3,1.967228788882494,13,2016,Everton,4,0,2,1.399094196036458,6.800828769803047,3.664227234199643,1042,Tom Davies
season,AMC,2,0,1,94,0.051129300147295,0,0,0,2015,Everton,0,0,0,0.051129300147295,0.2853834917768836,0.23425449337810278,1042,Tom Davies
