group_type,position,games,goals,shots,time,xG,assists,xA,key_passes,season,team,yellow,red,npg,npxG,xGChain,xGBuildup,player_id,player_name
season,DR,21,2,15,1471,1.1268442515283823,0,1.3801484052091837,8,2025,Eintracht Frankfurt,4,1,2,1.1268442515283823,6.202957959845662,5.220411524176598,10750,Rasmus Kristensen
season,DR,30,5,24,2520,3.010503049939871,3,4.46722864639014,20,2024,Eintracht Frankfurt,4,0,5,3.010503049939871,16.33640332520008,11.128150700591505,10750,Rasmus Kristensen
season,MR,29,1,9,1748,0.6677331235259771,1,0.7783578988164663,12,2023,Roma,5,0,1,0.6677331235259771,7.334618158638477,6.310220118612051,10750,Rasmus Kristensen
season,DR,26,3,13,1964,0.789253355935216,1,1.2889635181054473,8,2022,Leeds,4,0,3,0.789253355935216,4.219320389442146,3.0240348298102617,10750,Rasmus Kristensen
