group_type,position,games,goals,shots,time,xG,assists,xA,key_passes,season,team,yellow,red,npg,npxG,xGChain,xGBuildup,player_id,player_name
season,FW,12,1,12,619,1.8238637335598469,1,0.14526743069291115,6,2015,Crystal Palace,1,0,1,1.8238637335598469,2.034254115074873,0.3548254258930683,521,Emmanuel Adebayor
season,FW,13,2,19,811,2.904069386422634,1,1.3501760102808475,12,2014,Tottenham,1,0,2,2.904069386422634,5.354455184191465,1.697083406150341,521,Emmanuel Adebayor
