group_type,position,games,goals,shots,time,xG,assists,xA,key_passes,season,team,yellow,red,npg,npxG,xGChain,xGBuildup,player_id,player_name
season,AMC,30,2,47,2114,2.6178856985643506,0,2.083443386480212,32,2018,Huddersfield,2,0,2,2.6178856985643506,5.124806107953191,1.5184159018099308,815,Alex Pritchard
season,Sub,14,1,18,1006,1.1473921313881874,1,2.1102756932377815,21,2017,Huddersfield,1,0,1,1.1473921313881874,3.3988870549947023,0.950773905031383,815,Alex Pritchard
season,Sub,2,0,2,58,0.07596279680728912,0,0,0,2015,West Bromwich Albion,0,0,0,0.07596279680728912,0.06576680019497871,0.04007750004529953,815,Alex Pritchard
season,Sub,1,0,0,1,0,0,0,0,2015,Tottenham,0,0,0,0,0,0,815,Alex Pritchard
