group_type,position,games,goals,shots,time,xG,assists,xA,key_passes,season,team,yellow,red,npg,npxG,xGChain,xGBuildup,player_id,player_name
season,Sub,6,0,1,176,0.042867399752140045,0,0.06128479912877083,1,2022,Nice,3,0,0,0.042867399752140045,0.7046709880232811,0.6618031933903694,6834,Joe Bryan
season,DL,16,1,8,658,0.5813569035381079,0,0.27269429713487625,5,2020,Fulham,2,0,1,0.5813569035381079,1.899183414876461,1.3006593212485313,6834,Joe Bryan
season,DL,28,0,21,2364,0.5458203721791506,1,4.403665913268924,24,2018,Fulham,5,0,0,0.5458203721791506,7.157669380307198,4.914036851376295,6834,Joe Bryan
