group_type,position,games,goals,shots,time,xG,assists,xA,key_passes,season,team,yellow,red,npg,npxG,xGChain,xGBuildup,player_id,player_name
season,Sub,24,2,17,1296,2.543519526720047,1,1.046207521110773,10,2025,Wolverhampton Wanderers,4,0,1,1.7823506891727448,3.6204781737178564,1.1083498634397984,8845,Hee-Chan Hwang
season,AMR,21,2,5,623,0.7990479003638029,0,0.2850785907357931,3,2024,Wolverhampton Wanderers,0,0,2,0.7990479003638029,2.01325161755085,0.9641339294612408,8845,Hee-Chan Hwang
season,Sub,29,12,45,2154,8.681871520355344,3,3.1403315979987383,17,2023,Wolverhampton Wanderers,6,0,11,7.920702653005719,12.023936153389513,2.6239349097013474,8845,Hee-Chan Hwang
season,FW,27,3,18,1117,2.164069874212146,1,0.8787439614534378,10,2022,Wolverhampton Wanderers,1,0,3,2.164069874212146,3.7333290316164494,0.9231963371858001,8845,Hee-Chan Hwang
season,Sub,30,5,27,1804,4.1964055839926,1,1.6057070260867476,15,2021,Wolverhampton Wanderers,2,0,5,4.1964055839926,8.480338854715228,3.6125980131328106,8845,Hee-Chan Hwang
season,Sub,2,0,1,44,0.07500140368938446,0,0,0,2021,RasenBallsport Leipzig,0,0,0,0.07500140368938446,0.09988520294427872,0.024883799254894257,8845,Hee-Chan Hwang
season,Sub,18,0,10,434,2.0261164950206876,1,0.6018605176359415,3,2020,RasenBallsport Leipzig,2,0,0,2.0261164950206876,2.678352316841483,0.5064239017665386,8845,Hee-Chan Hwang
