group_type,position,games,goals,shots,time,xG,assists,xA,key_passes,season,team,yellow,red,npg,npxG,xGChain,xGBuildup,player_id,player_name
season,Sub,11,1,3,187,0.3715038886293769,1,0.6771304253488779,2,2022,Sampdoria,0,0,1,0.3715038886293769,1.0550859132781625,0.02715500071644783,2256,Jesé
season,Sub,2,0,0,19,0,0,0,0,2020,Paris Saint Germain,0,0,0,0,0,0,2256,Jesé
season,Sub,1,0,0,1,0,0,0,0,2019,Paris Saint Germain,0,0,0,0,0,0,2256,Jesé
season,FW,14,2,19,780,3.3080799281597137,0,0.64366290345788,7,2018,Real Betis,2,0,2,3.3080799281597137,5.348565824329853,1.868048394098878,2256,Jesé
season,AMC,13,1,12,619,0.9122485872358084,1,0.5384611915796995,9,2017,Stoke,0,0,1,0.9122485872358084,1.3259967137128115,0.16558110155165195,2256,Jesé
season,ML,16,3,34,1157,3.679282169789076,1,1.4132430087774992,15,2016,Las Palmas,5,0,2,2.9360041432082653,4.782376240938902,0.9341925885528326,2256,Jesé
season,Sub,9,1,8,256,1.333030704408884,0,0.2551439981907606,4,2016,Paris Saint Germain,0,0,0,0.5729357041418552,1.926571385934949,1.208524378016591,2256,Jesé
season,FW,28,5,21,819,3.3430010564625263,6,3.7554923444986343,23,2015,Real Madrid,0,0,5,3.3430010564625263,11.94389483332634,5.953229662030935,2256,Jesé
season,Sub,16,3,9,524,1.5849169418215752,2,1.8653875049203634,10,2014,Real Madrid,2,0,3,1.5849169418215752,6.543618039228022,3.2208085963502526,2256,Jesé
