group_type,position,games,goals,shots,time,xG,assists,xA,key_passes,season,team,yellow,red,npg,npxG,xGChain,xGBuildup,player_id,player_name
season,Sub,1,0,1,3,0.16684184968471527,0,0,0,2024,Arsenal,0,0,0,0.16684184968471527,0,0,7931,Takehiro Tomiyasu
season,Sub,22,2,17,1106,1.6189159248024225,1,0.5923872366547585,6,2023,Arsenal,0,1,2,1.6189159248024225,3.8184002935886383,3.4134652838110924,7931,Takehiro Tomiyasu
season,Sub,21,0,3,632,0.14463460259139538,1,0.6008766107261181,4,2022,Arsenal,2,0,0,0.14463460259139538,2.2925584986805916,2.1198897063732147,7931,Takehiro Tomiyasu
season,DR,21,0,11,1688,0.3872380005195737,1,0.9992056842893362,12,2021,Arsenal,2,0,0,0.3872380005195737,8.340697228908539,7.47922095656395,7931,Takehiro Tomiyasu
season,Sub,1,0,0,6,0,0,0.08209879696369171,1,2021,Bologna,0,0,0,0,0.08209879696369171,0.08209879696369171,7931,Takehiro Tomiyasu
season,DC,31,2,16,2721,2.285686256363988,0,0.43029759638011456,8,2020,Bologna,4,0,2,2.285686256363988,8.129145577549934,7.272032214328647,7931,Takehiro Tomiyasu
season,DR,29,1,19,2538,1.0880007734522223,3,1.6583876218646765,18,2019,Bologna,8,0,1,1.0880007734522223,8.02414703834802,6.780545285902917,7931,Takehiro Tomiyasu
