group_type,position,games,goals,shots,time,xG,assists,xA,key_passes,season,team,yellow,red,npg,npxG,xGChain,xGBuildup,player_id,player_name
season,Sub,22,2,19,634,1.9705587178468704,3,0.752324708737433,6,2021,Burnley,1,0,2,1.9705587178468704,2.7295806063339114,0.25644810125231743,1017,Matej Vydra
season,Sub,28,3,35,1363,5.373273886740208,2,2.1183415008708835,14,2020,Burnley,0,0,3,5.373273886740208,6.4258578307926655,1.0472039058804512,1017,Matej Vydra
season,Sub,19,2,18,794,4.003600459545851,1,0.7459431905299425,8,2019,Burnley,0,0,2,4.003600459545851,5.321379192173481,0.667028390802443,1017,Matej Vydra
season,Sub,13,1,6,308,1.9203013759106398,1,0.4979099854826927,2,2018,Burnley,1,0,1,1.9203013759106398,1.915013287216425,0.4118576869368553,1017,Matej Vydra
season,Sub,1,0,0,1,0,0,0,0,2016,Watford,0,0,0,0,0,0,1017,Matej Vydra
