group_type,position,games,goals,shots,time,xG,assists,xA,key_passes,season,team,yellow,red,npg,npxG,xGChain,xGBuildup,player_id,player_name
season,Sub,33,2,12,2218,1.9418211746960878,3,3.3505187798291445,26,2025,Chelsea,3,1,2,1.9418211746960878,15.631433948874474,12.846868883818388,9017,Malo Gusto
season,DR,32,0,22,1838,1.5562147982418537,1,1.343290576711297,22,2024,Chelsea,4,0,0,1.5562147982418537,10.980210773646832,9.03074331022799,9017,Malo Gusto
season,Sub,27,0,15,1754,1.700457390397787,6,5.507309950888157,32,2023,Chelsea,7,1,0,1.700457390397787,14.041902555152774,10.585735710337758,9017,Malo Gusto
season,DR,21,0,7,1616,0.6175791900604963,1,2.9892009682953358,23,2022,Lyon,1,0,0,0.6175791900604963,7.803330281749368,6.312291512265801,9017,Malo Gusto
season,DR,30,0,11,1880,0.5090974289923906,4,4.334328099153936,25,2021,Lyon,3,0,0,0.5090974289923906,11.578131014481187,8.436294777318835,9017,Malo Gusto
season,Sub,2,0,0,2,0,0,0,0,2020,Lyon,0,0,0,0,0,0,9017,Malo Gusto
