group_type,position,games,goals,shots,time,xG,assists,xA,key_passes,season,team,yellow,red,npg,npxG,xGChain,xGBuildup,player_id,player_name
season,Sub,9,0,3,206,0.13636259734630585,0,0,0,2015,Everton,0,0,0,0.13636259734630585,0.2803061977028847,0.2045574001967907,891,Leon Osman
season,Sub,21,2,28,1262,2.717069311067462,2,1.5407472848892212,16,2014,Everton,0,0,2,2.717069311067462,6.009389251470566,3.727863270789385,891,Leon Osman
