group_type,position,games,goals,shots,time,xG,assists,xA,key_passes,season,team,yellow,red,npg,npxG,xGChain,xGBuildup,player_id,player_name
season,Sub,18,0,8,434,0.9610869996249676,1,0.0683836005628109,2,2015,Newcastle United,0,0,0,0.9610869996249676,1.2229401171207428,0.26185260340571404,774,Siem de Jong
season,Sub,4,1,5,143,0.47184730879962444,0,0.4014580100774765,3,2014,Newcastle United,0,0,1,0.47184730879962444,0.9585549086332321,0.0852499008178711,774,Siem de Jong
