group_type,position,games,goals,shots,time,xG,assists,xA,key_passes,season,team,yellow,red,npg,npxG,xGChain,xGBuildup,player_id,player_name
season,GK,25,0,1,2242,0.13148732483386993,0,0,0,2025,Newcastle United,2,0,0,0.13148732483386993,2.243752150796354,2.243752150796354,5552,Nick Pope
season,GK,28,0,0,2520,0,0,0.07708201557397842,1,2024,Newcastle United,2,0,0,0,4.53913442697376,4.462052411399782,5552,Nick Pope
season,GK,15,0,1,1347,0.016498630866408348,0,0,0,2023,Newcastle United,1,0,0,0.016498630866408348,4.397169943898916,4.397169943898916,5552,Nick Pope
season,GK,37,0,0,3261,0,0,0.017421899363398552,1,2022,Newcastle United,3,1,0,0,6.256090926006436,6.238660858944058,5552,Nick Pope
season,GK,36,0,0,3240,0,0,0.07061230018734932,2,2021,Burnley,1,0,0,0,3.3429428171366453,3.272330516949296,5552,Nick Pope
season,GK,32,0,0,2880,0,0,0.08605049923062325,2,2020,Burnley,1,0,0,0,1.1779347462579608,1.09188465308398,5552,Nick Pope
season,GK,38,0,0,3420,0,0,0.19970639795064926,3,2019,Burnley,1,0,0,0,2.2495602518320084,2.0879275538027287,5552,Nick Pope
season,GK,35,0,0,3115,0,0,0.19909700378775597,4,2017,Burnley,3,0,0,0,0.548972686752677,0.5011657867580652,5552,Nick Pope
