group_type,position,games,goals,shots,time,xG,assists,xA,key_passes,season,team,yellow,red,npg,npxG,xGChain,xGBuildup,player_id,player_name
season,Sub,15,0,7,1126,0.205173765309155,0,0.23958174046128988,7,2025,Real Betis,4,0,0,0.205173765309155,3.8418474085628986,3.4746324364095926,7927,Sofyan Amrabat
season,MC,2,0,0,180,0,0,0.0502852164208889,2,2024,Fiorentina,0,0,0,0,0.13311734050512314,0.10769574716687202,7927,Sofyan Amrabat
season,Sub,21,0,3,922,0.07372471690177917,0,0.2675175704061985,6,2023,Manchester United,6,0,0,0.07372471690177917,2.209341010078788,2.0533030200749636,7927,Sofyan Amrabat
season,MC,29,0,13,2016,0.39908898528665304,1,0.8093137331306934,13,2022,Fiorentina,11,0,0,0.39908898528665304,6.862615097314119,6.0074623469263315,7927,Sofyan Amrabat
season,Sub,23,1,4,900,0.12679249979555607,0,0.19811470061540604,8,2021,Fiorentina,6,0,1,0.12679249979555607,1.5737239103764296,1.3870945181697607,7927,Sofyan Amrabat
season,MC,31,0,10,2458,0.4102070014923811,0,0.5757897030562162,13,2020,Fiorentina,7,0,0,0.4102070014923811,7.496986582875252,6.7767388839274645,7927,Sofyan Amrabat
season,Sub,34,1,19,2940,2.1420941399410367,1,2.2731084898114204,29,2019,Verona,10,2,0,1.380795125849545,9.348437719978392,6.553109899163246,7927,Sofyan Amrabat
