group_type,position,games,goals,shots,time,xG,assists,xA,key_passes,season,team,yellow,red,npg,npxG,xGChain,xGBuildup,player_id,player_name
season,Sub,2,0,0,15,0,0,0,0,2023,Rayo Vallecano,0,0,0,0,0,0,4485,José Pozo
season,Sub,8,0,1,69,0.04720290005207062,0,0.09842470288276672,2,2022,Rayo Vallecano,0,0,0,0.04720290005207062,0.3490665052086115,0.21755480207502842,4485,José Pozo
season,Sub,5,0,3,57,0.1412354987114668,0,0.36434298753738403,3,2021,Rayo Vallecano,0,0,0,0.1412354987114668,0.7251038998365402,0.38743989169597626,4485,José Pozo
season,MC,29,3,22,1613,3.1025841142982244,0,1.6310940198600292,30,2018,Rayo Vallecano,4,0,3,3.1025841142982244,8.859108496457338,5.137116875499487,4485,José Pozo
season,FW,3,0,3,141,0.5196045003831387,0,0.18190999329090118,2,2014,Manchester City,0,0,0,0.5196045003831387,0.6281039863824844,0.030911600217223167,4485,José Pozo
