group_type,position,games,goals,shots,time,xG,assists,xA,key_passes,season,team,yellow,red,npg,npxG,xGChain,xGBuildup,player_id,player_name
season,Sub,2,0,0,3,0,0,0,0,2025,Brighton,0,0,0,0,0,0,6049,Solly March
season,Sub,8,0,2,149,0.051454500295221806,0,0.2339879721403122,3,2024,Brighton,2,0,0,0.051454500295221806,0.39429784566164017,0.3155219256877899,6049,Solly March
season,AMR,7,3,14,571,2.7198847085237503,1,0.9913322664797306,7,2023,Brighton,1,0,3,2.7198847085237503,4.9072911739349365,2.40057972073555,6049,Solly March
season,AMC,33,6,73,2745,8.069857582449913,7,9.567008880898356,65,2022,Brighton,2,0,6,8.069857582449913,22.130394473671913,9.125229258090258,6049,Solly March
season,MR,31,0,21,1723,1.4529976956546307,2,2.9942420180886984,34,2021,Brighton,1,0,0,1.4529976956546307,7.240960534662008,4.095688569359481,6049,Solly March
season,DML,21,2,22,1684,1.78360197506845,1,1.6788202039897442,27,2020,Brighton,0,0,2,1.78360197506845,8.322111636400223,5.6805479265749454,6049,Solly March
season,DML,19,0,20,1132,1.4669600799679756,1,1.1065804678946733,13,2019,Brighton,2,0,0,1.4669600799679756,4.3761305175721645,2.2650219071656466,6049,Solly March
season,ML,35,1,43,2480,2.1988663030788302,5,5.207968223839998,41,2018,Brighton,1,0,1,2.1988663030788302,7.274381655268371,2.914263416081667,6049,Solly March
season,MR,36,1,28,1817,1.255454589612782,1,1.73254269734025,19,2017,Brighton,3,0,1,1.255454589612782,3.1889022858813405,1.2104109227657318,6049,Solly March
