group_type,position,games,goals,shots,time,xG,assists,xA,key_passes,season,team,yellow,red,npg,npxG,xGChain,xGBuildup,player_id,player_name
season,Sub,25,4,34,1613,4.531751740723848,3,2.0764727191999555,13,2025,Brighton,0,0,4,4.531751740723848,10.701174147427082,5.389585096389055,11269,Jack Hinshelwood
season,DL,26,5,18,1857,3.2537715872749686,2,1.4211199935525656,16,2024,Brighton,5,0,5,3.2537715872749686,9.028865553438663,7.109155820682645,11269,Jack Hinshelwood
season,DMC,12,3,14,890,2.163621000945568,0,0.8382504060864449,8,2023,Brighton,1,0,3,2.163621000945568,4.8760778196156025,2.707413336262107,11269,Jack Hinshelwood
season,Sub,1,0,0,1,0,0,0,0,2022,Brighton,0,0,0,0,0,0,11269,Jack Hinshelwood
