group_type,position,games,goals,shots,time,xG,assists,xA,key_passes,season,team,yellow,red,npg,npxG,xGChain,xGBuildup,player_id,player_name
season,DL,36,2,43,3237,2.053542616777122,7,5.928153045475483,52,2025,Everton,11,0,2,2.053542616777122,9.999303812161088,7.128173072822392,7438,James Garner
season,Sub,21,0,12,1603,0.6001764945685863,1,1.2151244198903441,12,2024,Everton,5,0,0,0.6001764945685863,5.435937132686377,4.616085112094879,7438,James Garner
season,MR,37,1,41,3016,2.2248211354017258,2,5.287607742473483,43,2023,Everton,7,0,1,2.2248211354017258,9.332132609561086,5.183267613872886,7438,James Garner
season,Sub,16,0,9,777,0.8283093441277742,1,0.4450816921889782,7,2022,Everton,3,0,0,0.8283093441277742,1.719324741512537,0.9061288554221392,7438,James Garner
season,Sub,1,0,0,5,0,0,0,0,2019,Manchester United,0,0,0,0,0.03625579923391342,0.03625579923391342,7438,James Garner
season,Sub,1,0,0,1,0,0,0,0,2018,Manchester United,0,0,0,0,0,0,7438,James Garner
