group_type,position,games,goals,shots,time,xG,assists,xA,key_passes,season,team,yellow,red,npg,npxG,xGChain,xGBuildup,player_id,player_name
season,Sub,8,0,4,362,0.2549653984606266,0,0,0,2019,Brighton,1,0,0,0.2549653984606266,0.49947990104556084,0.24451449885964394,3873,Ezequiel Schelotto
season,Sub,4,0,2,141,0.028400301001966,0,0.07432369887828827,2,2018,Chievo,0,0,0,0.028400301001966,0.1791951023042202,0.11426880210638046,3873,Ezequiel Schelotto
season,Sub,20,0,6,1314,0.21617520228028297,0,0.5560560114681721,5,2017,Brighton,3,0,0,0.21617520228028297,2.4424998108297586,1.7557587213814259,3873,Ezequiel Schelotto
season,AMC,29,0,29,2136,2.5374532602727413,0,1.898731105029583,28,2014,Chievo,4,0,0,2.5374532602727413,4.745217016898096,2.474135805852711,3873,Ezequiel Schelotto
