group_type,position,games,goals,shots,time,xG,assists,xA,key_passes,season,team,yellow,red,npg,npxG,xGChain,xGBuildup,player_id,player_name
season,Sub,12,0,3,958,0.16384859755635262,0,0.7961927652359009,3,2022,Nottingham Forest,4,0,0,0.16384859755635262,0.6675907094031572,0.6675907094031572,458,Steve Cook
season,DC,29,1,12,2431,0.6190798981115222,0,0.6960187861695886,4,2019,Bournemouth,6,1,1,0.6190798981115222,3.9237448014318943,3.7979096062481403,458,Steve Cook
season,DC,31,1,21,2788,1.461019229143858,1,1.1459708325564861,11,2018,Bournemouth,3,0,1,1.461019229143858,6.203706539236009,5.4173038033768535,458,Steve Cook
season,DC,34,2,21,2761,1.360102791339159,1,1.0196236222982407,4,2017,Bournemouth,5,0,2,1.360102791339159,3.275392532348633,2.954977236688137,458,Steve Cook
season,DC,38,2,29,3420,1.654715915210545,0,0.4837766960263252,3,2016,Bournemouth,5,0,2,1.654715915210545,6.486318210139871,6.173630646429956,458,Steve Cook
season,DC,36,4,25,3199,2.054982926696539,0,0.914485789835453,6,2015,Bournemouth,5,0,4,2.054982926696539,4.234161352738738,4.040296068415046,458,Steve Cook
