group_type,position,games,goals,shots,time,xG,assists,xA,key_passes,season,team,yellow,red,npg,npxG,xGChain,xGBuildup,player_id,player_name
season,Sub,22,1,7,976,0.6193040320649743,0,0.7463846588507295,5,2025,West Ham,4,0,1,0.6193040320649743,2.4186487616971135,1.531560224480927,10770,Soungoutou Magassa
season,Sub,21,0,8,1008,0.3228309992700815,1,0.7810156438499689,7,2024,Monaco,5,1,0,0.3228309992700815,3.9011821411550045,3.0663096513599157,10770,Soungoutou Magassa
season,DC,21,0,8,1339,0.5910461433231831,0,0.11408420279622078,2,2023,Monaco,7,0,0,0.5910461433231831,4.742211680859327,4.713962059468031,10770,Soungoutou Magassa
season,Sub,2,0,0,79,0,0,0,0,2022,Monaco,0,0,0,0,0.11702699959278107,0.11702699959278107,10770,Soungoutou Magassa
