group_type,position,games,goals,shots,time,xG,assists,xA,key_passes,season,team,yellow,red,npg,npxG,xGChain,xGBuildup,player_id,player_name
season,GK,4,0,0,360,0,0,0,0,2025,Sevilla,1,0,0,0,0.7688105702400208,0.7688105702400208,250,Ørjan Nyland
season,GK,30,0,0,2676,0,0,0.36371440812945366,4,2024,Sevilla,2,0,0,0,5.49717366322875,5.133459262549877,250,Ørjan Nyland
season,GK,24,0,0,2160,0,0,0.33589974604547024,2,2023,Sevilla,1,0,0,0,5.452713521197438,5.1168137807399035,250,Ørjan Nyland
season,GK,2,0,0,180,0,1,0.14958412945270538,1,2022,RasenBallsport Leipzig,0,0,0,0,0.8444308340549469,0.6948467195034027,250,Ørjan Nyland
season,Sub,7,0,0,536,0,0,0,0,2019,Aston Villa,0,0,0,0,0.19450700096786022,0.19450700096786022,250,Ørjan Nyland
season,GK,12,0,0,1021,0,0,0,0,2016,Ingolstadt,0,0,0,0,0.5937016075477004,0.5937016075477004,250,Ørjan Nyland
season,GK,6,0,0,540,0,0,0,0,2015,Ingolstadt,0,0,0,0,0.1679605022072792,0.1679605022072792,250,Ørjan Nyland
