group_type,position,games,goals,shots,time,xG,assists,xA,key_passes,season,team,yellow,red,npg,npxG,xGChain,xGBuildup,player_id,player_name
season,Sub,34,4,32,2773,4.695444712415338,5,5.767205375246704,48,2025,Sunderland,5,0,1,1.6508061420172453,10.395405812188983,6.6593314707279205,8651,Enzo Le Fée
season,DMC,6,0,4,317,0.18994251638650894,0,0.1334311068058014,3,2024,Roma,1,0,0,0.18994251638650894,1.0235081762075424,0.7803870625793934,8651,Enzo Le Fée
season,MC,25,0,12,1548,0.5182020096108317,1,1.7437881659716368,28,2023,Rennes,3,0,0,0.5182020096108317,5.8787168357521296,4.989643240347505,8651,Enzo Le Fée
season,FWR,35,5,45,3054,3.1032069474458694,6,7.764391183853149,66,2022,Lorient,5,0,5,3.1032069474458694,13.814940836280584,8.486123911105096,8651,Enzo Le Fée
season,MC,36,1,34,2211,1.742679794318974,3,2.829063842073083,49,2021,Lorient,2,0,1,1.742679794318974,6.674955070950091,3.6689684772863984,8651,Enzo Le Fée
season,DMC,36,0,31,1816,0.985349602997303,5,5.616598369553685,32,2020,Lorient,6,0,0,0.985349602997303,7.433098421432078,3.5522552961483598,8651,Enzo Le Fée
