group_type,position,games,goals,shots,time,xG,assists,xA,key_passes,season,team,yellow,red,npg,npxG,xGChain,xGBuildup,player_id,player_name
season,MC,23,2,11,1494,1.588539564050734,2,1.6584226582199335,8,2025,Tottenham,5,0,2,1.588539564050734,3.5702104242518544,2.168477569706738,10184,Archie Gray
season,Sub,28,0,1,1729,0.029445655643939972,0,0.15263863280415535,3,2024,Tottenham,1,0,0,0.029445655643939972,4.387982405722141,4.24487853422761,10184,Archie Gray
