group_type,position,games,goals,shots,time,xG,assists,xA,key_passes,season,team,yellow,red,npg,npxG,xGChain,xGBuildup,player_id,player_name
season,Sub,35,4,42,2366,5.61244504339993,5,5.5053909830749035,32,2025,Leeds,2,0,4,5.61244504339993,12.946115804836154,3.448422159999609,10751,Brenden Aaronson
season,MC,30,2,19,1203,2.3798574674874544,2,2.727505593560636,22,2023,Union Berlin,1,1,2,2.3798574674874544,7.425651806406677,3.351934116333723,10751,Brenden Aaronson
season,AMR,36,1,41,2415,3.9435534365475178,3,3.3627938982099295,45,2022,Leeds,2,0,1,3.9435534365475178,11.295078083872795,5.162106515839696,10751,Brenden Aaronson
