group_type,position,games,goals,shots,time,xG,assists,xA,key_passes,season,team,yellow,red,npg,npxG,xGChain,xGBuildup,player_id,player_name
season,Sub,15,0,4,258,0.603797011077404,0,0.11870283167809248,3,2025,Torino,1,0,0,0.603797011077404,1.4105537831783295,1.0754508320242167,8383,Faustino Anjorin
season,Sub,22,2,23,1127,0.78926155064255,3,2.2848569825291634,17,2024,Empoli,3,0,2,0.78926155064255,3.6055558947846293,0.8866018038243055,8383,Faustino Anjorin
season,Sub,7,0,3,178,0.06015459820628166,0,0.11373800039291382,3,2021,Lokomotiv Moscow,1,0,0,0.06015459820628166,0.2589598037302494,0.12487740255892277,8383,Faustino Anjorin
season,Sub,1,0,1,19,0.01668260060250759,0,0,0,2019,Chelsea,0,0,0,0.01668260060250759,0.01668260060250759,0,8383,Faustino Anjorin
