group_type,position,games,goals,shots,time,xG,assists,xA,key_passes,season,team,yellow,red,npg,npxG,xGChain,xGBuildup,player_id,player_name
season,DC,15,0,6,768,0.18025559931993484,0,0.028701700270175934,1,2020,Cagliari,1,0,0,0.18025559931993484,1.3084330577403307,1.292589757591486,265,Ragnar Klavan
season,DC,31,0,4,2350,0.18664169870316982,0,0.6552199507132173,5,2019,Cagliari,4,0,0,0.18664169870316982,4.581309858709574,4.19024839438498,265,Ragnar Klavan
season,DC,15,0,2,1234,0.04793289862573147,0,0.4199390113353729,1,2018,Cagliari,2,0,0,0.04793289862573147,1.971429687924683,1.5368906678631902,265,Ragnar Klavan
season,DC,19,1,1,1448,0.9329169988632202,0,0.13540679961442947,4,2017,Liverpool,0,0,1,0.9329169988632202,4.131871744990349,4.1139897257089615,265,Ragnar Klavan
season,DC,20,0,4,1402,0.19192410446703434,0,0.1798550933599472,3,2016,Liverpool,3,0,0,0.19192410446703434,3.9253748562186956,3.9040768574923277,265,Ragnar Klavan
season,DC,31,0,9,2787,0.6589377000927925,0,0.41574408672749996,7,2015,Augsburg,2,0,0,0.6589377000927925,5.3316447008401155,5.088209692388773,265,Ragnar Klavan
season,DC,34,2,16,3060,1.5781315248459578,0,0.21778650302439928,6,2014,Augsburg,1,0,2,1.5781315248459578,4.764019154012203,4.514457822777331,265,Ragnar Klavan
