group_type,position,games,goals,shots,time,xG,assists,xA,key_passes,season,team,yellow,red,npg,npxG,xGChain,xGBuildup,player_id,player_name
season,Sub,12,0,4,250,0.19975193310528994,1,0.7611178159713745,5,2025,Nottingham Forest,1,0,0,0.19975193310528994,1.3411822440102696,0.5397335821762681,10126,James McAtee
season,Sub,15,3,12,341,2.566829100251198,0,0.8544101417064667,3,2024,Manchester City,1,0,3,2.566829100251198,3.394278069958091,0.7336818743497133,10126,James McAtee
season,MC,30,3,26,1847,3.202349577099085,3,3.0651655746623874,28,2023,Sheffield United,2,0,2,2.4411807619035244,7.374102478846908,2.796986948233098,10126,James McAtee
season,Sub,1,0,0,1,0,0,0,0,2023,Manchester City,0,0,0,0,0,0,10126,James McAtee
season,Sub,2,0,1,15,0.08864869922399521,0,0,0,2021,Manchester City,0,0,0,0.08864869922399521,0.08864869922399521,0,10126,James McAtee
