group_type,position,games,goals,shots,time,xG,assists,xA,key_passes,season,team,yellow,red,npg,npxG,xGChain,xGBuildup,player_id,player_name
season,Sub,11,0,3,177,0.06298249959945679,0,0.5267039984464645,4,2022,Bayer Leverkusen,1,0,0,0.06298249959945679,1.1963598150759935,1.0355872064828873,549,Timothy Fosu-Mensah
season,Sub,6,0,0,137,0,0,0.6149439811706543,2,2021,Bayer Leverkusen,0,0,0,0,1.4145890176296234,0.9042960107326508,549,Timothy Fosu-Mensah
season,Sub,6,0,2,413,0.14568249508738518,0,0.046132491901516914,2,2020,Bayer Leverkusen,2,0,0,0.14568249508738518,0.9494783021509647,0.7955097239464521,549,Timothy Fosu-Mensah
season,DR,1,0,1,85,0.015449300408363342,0,0.3051519989967346,2,2020,Manchester United,1,0,0,0.015449300408363342,0.40190500020980835,0.36082199215888977,549,Timothy Fosu-Mensah
season,DL,3,0,1,139,0.08578140288591385,0,0.12574799358844757,2,2019,Manchester United,1,0,0,0.08578140288591385,0.6020890027284622,0.4799007996916771,549,Timothy Fosu-Mensah
season,DR,12,0,4,797,0.08043570164591074,0,0.3679341981187463,6,2018,Fulham,3,0,0,0.08043570164591074,2.697345519438386,2.2805972825735807,549,Timothy Fosu-Mensah
season,DC,21,0,8,1595,0.2173014972358942,0,0.3670815974473953,6,2017,Crystal Palace,2,0,0,0.2173014972358942,2.7277599656954408,2.3759200694039464,549,Timothy Fosu-Mensah
season,DR,4,0,1,95,0.03191259875893593,0,0,0,2016,Manchester United,0,0,0,0.03191259875893593,0.2643499970436096,0.23243699967861176,549,Timothy Fosu-Mensah
season,Sub,8,0,2,247,0.04458349943161011,1,0.5879679918289185,1,2015,Manchester United,1,0,0,0.04458349943161011,0.6066955961287022,0.5621117949485779,549,Timothy Fosu-Mensah
