group_type,position,games,goals,shots,time,xG,assists,xA,key_passes,season,team,yellow,red,npg,npxG,xGChain,xGBuildup,player_id,player_name
season,DC,23,4,17,1878,1.8381627183407545,1,1.8169466238468885,12,2025,Tottenham,9,2,4,1.8381627183407545,6.1135033164173365,4.283094780519605,7218,Cristian Romero
season,DC,18,1,16,1426,1.905144028365612,0,0.6253029182553291,7,2024,Tottenham,3,0,1,1.905144028365612,6.663078460842371,6.324385602027178,7218,Cristian Romero
season,DC,33,5,24,2796,3.9851038865745068,0,0.3418706227093935,7,2023,Tottenham,7,1,5,3.9851038865745068,17.811701461672783,16.453976824879646,7218,Cristian Romero
season,DC,27,0,11,2367,0.859663300216198,1,0.888403657823801,8,2022,Tottenham,9,1,0,0.859663300216198,11.60316402465105,11.202729418873787,7218,Cristian Romero
season,Sub,22,1,6,1850,0.41147589311003685,0,0.37772289104759693,6,2021,Tottenham,8,0,1,0.41147589311003685,9.463019106537104,9.053347896784544,7218,Cristian Romero
season,Sub,31,2,14,2552,1.3579449690878391,2,0.843623697757721,9,2020,Atalanta,10,0,2,1.3579449690878391,11.660820599645376,10.999850563704967,7218,Cristian Romero
season,DC,30,1,15,2593,1.0096226995810866,1,0.42378960456699133,10,2019,Genoa,13,1,1,1.0096226995810866,5.6376810651272535,5.345809964463115,7218,Cristian Romero
season,DC,27,2,20,2341,2.215098788961768,2,0.44484229013323784,3,2018,Genoa,10,2,2,2.215098788961768,4.102784300222993,2.9982115449383855,7218,Cristian Romero
