group_type,position,games,goals,shots,time,xG,assists,xA,key_passes,season,team,yellow,red,npg,npxG,xGChain,xGBuildup,player_id,player_name
season,Sub,30,1,12,2019,0.6125177554786205,1,0.6245124880224466,13,2024,Ipswich,2,0,1,0.6125177554786205,5.957525156438351,5.012046929448843,10301,Jens Cajuste
season,MC,26,0,16,986,1.4428469873964787,2,1.3371006846427917,15,2023,Napoli,7,0,0,1.4428469873964787,6.839327538385987,4.322914877906442,10301,Jens Cajuste
season,Sub,31,3,27,1500,1.6550854835659266,1,0.9337591668590903,16,2022,Reims,7,1,3,1.6550854835659266,8.068573766387999,6.341216832399368,10301,Jens Cajuste
season,MC,8,2,9,365,1.7751381993293762,0,0.07512690126895905,2,2021,Reims,0,0,1,1.015043206512928,0.7482089847326279,0.2875929921865463,10301,Jens Cajuste
