group_type,position,games,goals,shots,time,xG,assists,xA,key_passes,season,team,yellow,red,npg,npxG,xGChain,xGBuildup,player_id,player_name
season,Sub,13,0,9,537,0.7644308656454086,2,1.2161817625164986,11,2025,Nottingham Forest,1,0,0,0.7644308656454086,2.76417763158679,1.5108420439064503,8920,Dilane Bakwa
season,Sub,3,1,2,94,0.0750504583120346,2,0.6692362725734711,3,2025,Strasbourg,0,0,1,0.0750504583120346,1.7559681087732315,1.680917650461197,8920,Dilane Bakwa
season,DMR,30,6,52,2544,4.851562971249223,8,7.727343019098043,48,2024,Strasbourg,4,0,6,4.851562971249223,16.848572304472327,8.867653537541628,8920,Dilane Bakwa
season,Sub,31,3,44,2187,3.3611376946792006,6,5.99444548971951,48,2023,Strasbourg,4,1,3,3.3611376946792006,10.853785425424576,3.850510520860553,8920,Dilane Bakwa
season,Sub,5,0,2,33,0.12779990211129189,0,0,0,2021,Bordeaux,0,0,0,0.12779990211129189,0.12779990211129189,0,8920,Dilane Bakwa
season,Sub,7,0,3,41,0.14596839621663094,0,0.025047199800610542,1,2020,Bordeaux,0,0,0,0.14596839621663094,0.32271499931812286,0.19540340080857277,8920,Dilane Bakwa
