group_type,position,games,goals,shots,time,xG,assists,xA,key_passes,season,team,yellow,red,npg,npxG,xGChain,xGBuildup,player_id,player_name
season,Sub,3,0,0,93,0,0,0.07660800218582153,1,2022,Augsburg,0,0,0,0,0.07660800218582153,0,543,Reece Oxford
season,DC,30,2,15,2697,2.6782198939472437,1,1.4849106343463063,3,2021,Augsburg,8,0,2,2.6782198939472437,3.3837655168026686,3.3516203183680773,543,Reece Oxford
season,Sub,24,0,6,1344,0.9986969344317913,0,0.023424599319696426,1,2020,Augsburg,2,0,0,0.9986969344317913,1.0663601784035563,1.0663601784035563,543,Reece Oxford
season,Sub,12,0,2,351,0.05152549967169762,0,0,0,2019,Augsburg,0,0,0,0.05152549967169762,0.18897799775004387,0.13745249807834625,543,Reece Oxford
season,Sub,8,0,4,502,0.7155112065374851,1,0.032588500529527664,1,2018,Augsburg,0,1,0,0.7155112065374851,0.6093381121754646,0.5767496712505817,543,Reece Oxford
season,Sub,7,0,3,462,0.11150150001049042,0,0.04015659913420677,1,2017,Borussia M.Gladbach,1,0,0,0.11150150001049042,1.7904609814286232,1.7503049746155739,543,Reece Oxford
season,Sub,1,0,0,1,0,0,0,0,2017,West Ham,0,0,0,0,0,0,543,Reece Oxford
season,MC,7,0,1,206,0.10371100157499313,0,0,0,2015,West Ham,0,0,0,0.10371100157499313,0.022384099662303925,0.022384099662303925,543,Reece Oxford
