group_type,position,games,goals,shots,time,xG,assists,xA,key_passes,season,team,yellow,red,npg,npxG,xGChain,xGBuildup,player_id,player_name
season,FW,26,6,51,1188,10.20619698613882,3,1.852303085848689,11,2024,Liverpool,2,0,6,10.20619698613882,13.053022043779492,3.036761373281479,6854,Diogo Jota
season,FW,21,10,41,1164,6.724682793021202,3,3.19649357162416,23,2023,Liverpool,1,1,10,6.724682793021202,12.289753511548042,5.313873592764139,6854,Diogo Jota
season,Sub,22,7,35,1132,6.437793597579002,4,1.7756053674966097,17,2022,Liverpool,2,0,7,6.437793597579002,8.173869889229536,3.9002224784344435,6854,Diogo Jota
season,FW,35,15,90,2401,17.34798476099968,4,5.874588536098599,40,2021,Liverpool,3,0,15,17.34798476099968,25.77840629965067,6.919248638674617,6854,Diogo Jota
season,Sub,19,9,46,1114,7.057722978293896,0,1.7625195607542992,12,2020,Liverpool,2,0,9,7.057722978293896,10.972966209053993,4.07609829492867,6854,Diogo Jota
season,FW,34,7,69,2329,12.017677284777164,1,2.642562847584486,29,2019,Wolverhampton Wanderers,4,0,7,12.017677284777164,16.149933034554124,4.098004737868905,6854,Diogo Jota
season,FWL,33,9,58,2402,8.907187035307288,5,5.536082427948713,27,2018,Wolverhampton Wanderers,11,0,9,8.907187035307288,16.15042337961495,4.578143451362848,6854,Diogo Jota
