group_type,position,games,goals,shots,time,xG,assists,xA,key_passes,season,team,yellow,red,npg,npxG,xGChain,xGBuildup,player_id,player_name
season,DC,36,0,14,3180,0.478016285225749,0,0.12305343151092529,1,2025,Nottingham Forest,6,0,0,0.478016285225749,7.8028417360037565,7.762953216210008,6174,Nikola Milenkovic
season,DC,37,5,29,3330,4.571180831640959,2,1.043909177184105,9,2024,Nottingham Forest,4,0,5,4.571180831640959,5.973378486931324,4.907668113708496,6174,Nikola Milenkovic
season,DC,34,0,10,2497,0.6086195334792137,0,0.8881916888058186,8,2023,Fiorentina,4,0,0,0.6086195334792137,5.86647667363286,5.715780328959227,6174,Nikola Milenkovic
season,DC,27,2,19,2128,1.6608780026435852,1,0.9129180051386356,6,2022,Fiorentina,4,0,2,1.6608780026435852,6.518136855214834,6.446478094905615,6174,Nikola Milenkovic
season,DC,34,1,23,2941,1.491188301704824,0,0.5219579972326756,2,2021,Fiorentina,8,1,1,1.491188301704824,8.216583410277963,8.14823735691607,6174,Nikola Milenkovic
season,DC,34,3,22,3038,3.9402421843260527,1,0.6531150862574577,7,2020,Fiorentina,7,1,3,3.9402421843260527,8.420009296387434,6.181351875886321,6174,Nikola Milenkovic
season,DC,37,5,29,3257,2.1933712819591165,0,0.21613209694623947,8,2019,Fiorentina,9,0,5,2.1933712819591165,7.379016974940896,7.030394127592444,6174,Nikola Milenkovic
season,DR,34,3,29,3009,2.6592822708189487,0,0.1937739010900259,4,2018,Fiorentina,7,1,3,2.6592822708189487,6.2669140584766865,5.300252478569746,6174,Nikola Milenkovic
season,DC,16,0,9,1254,0.6128762848675251,0,0.09898090176284313,3,2017,Fiorentina,0,1,0,0.6128762848675251,3.2905710879713297,3.223728185519576,6174,Nikola Milenkovic
