group_type,position,games,goals,shots,time,xG,assists,xA,key_passes,season,team,yellow,red,npg,npxG,xGChain,xGBuildup,player_id,player_name
season,FW,15,1,10,1051,1.2428807243704796,2,1.4772773999720812,13,2015,Aston Villa,0,0,1,1.2428807243704796,2.8307675942778587,0.2617865987122059,890,Gabriel Agbonlahor
season,FW,34,6,53,2698,5.630619999021292,1,1.5529492190107703,16,2014,Aston Villa,7,1,6,5.630619999021292,8.039166074246168,1.6565285744145513,890,Gabriel Agbonlahor
