group_type,position,games,goals,shots,time,xG,assists,xA,key_passes,season,team,yellow,red,npg,npxG,xGChain,xGBuildup,player_id,player_name
season,Sub,21,2,22,781,4.621791888028383,1,0.17110992223024368,4,2023,Burnley,0,0,1,3.860623050481081,3.988340836018324,0.8826676225289702,844,Jay Rodriguez
season,FW,29,2,41,1356,4.855192940682173,2,1.9018799848854542,12,2021,Burnley,3,0,2,4.855192940682173,5.373036352917552,1.0446629952639341,844,Jay Rodriguez
season,FW,31,1,31,1237,2.977034335024655,2,1.210919912904501,6,2020,Burnley,3,0,1,2.977034335024655,4.231585918925703,0.913431984372437,844,Jay Rodriguez
season,Sub,36,8,67,1987,8.956886642612517,1,0.7683106064796448,6,2019,Burnley,1,0,7,8.195717656053603,7.035942684859037,1.257896514609456,844,Jay Rodriguez
season,FW,37,7,69,2845,7.642788392491639,1,1.8346650106832385,21,2017,West Bromwich Albion,2,0,6,6.8816204043105245,8.146989199332893,1.5642684027552605,844,Jay Rodriguez
season,Sub,24,5,33,866,4.763505078852177,2,0.5137137975543737,7,2016,Southampton,0,0,5,4.763505078852177,4.87988443300128,0.5103846080601215,844,Jay Rodriguez
season,AML,12,0,17,328,1.6927368082106113,0,0.09738940093666315,3,2015,Southampton,1,0,0,1.6927368082106113,2.270274292677641,0.5728924982249737,844,Jay Rodriguez
