group_type,position,games,goals,shots,time,xG,assists,xA,key_passes,season,team,yellow,red,npg,npxG,xGChain,xGBuildup,player_id,player_name
season,DC,14,1,3,1188,0.5546502023935318,0,0.029155800119042397,1,2021,Saint-Etienne,9,0,1,0.5546502023935318,1.0890639815479517,1.0599081814289093,626,Eliaquim Mangala
season,DC,7,0,2,318,0.27490660548210144,0,0,0,2020,Valencia,1,0,0,0.27490660548210144,0.11169160157442093,0.11169160157442093,626,Eliaquim Mangala
season,DC,8,0,1,678,0.07732369750738144,0,0,0,2019,Valencia,1,1,0,0.07732369750738144,0.42966609820723534,0.42966609820723534,626,Eliaquim Mangala
season,Sub,9,0,1,471,0.08104660362005234,0,0.015775300562381744,1,2017,Manchester City,0,0,0,0.08104660362005234,3.0655395090579987,3.049764208495617,626,Eliaquim Mangala
season,DC,2,0,1,134,0.10094500333070755,0,0,0,2017,Everton,0,0,0,0.10094500333070755,0.6918929815292358,0.6918929815292358,626,Eliaquim Mangala
season,DC,30,2,10,2645,2.6362390592694283,0,0.08939226996153593,3,2016,Valencia,11,1,2,2.6362390592694283,6.492515937425196,5.210850510746241,626,Eliaquim Mangala
season,DC,23,0,7,2017,1.6006391737610102,0,0,0,2015,Manchester City,8,0,0,1.6006391737610102,5.0766726695001125,5.0766726695001125,626,Eliaquim Mangala
season,DC,25,0,14,2188,0.8735053883865476,2,1.0379029847681522,5,2014,Manchester City,3,1,0,0.8735053883865476,7.1373283341526985,7.0293374340981245,626,Eliaquim Mangala
