group_type,position,games,goals,shots,time,xG,assists,xA,key_passes,season,team,yellow,red,npg,npxG,xGChain,xGBuildup,player_id,player_name
season,DC,28,0,8,2496,1.3600882897153497,0,0.11564311292022467,3,2021,Norwich,3,1,0,1.3600882897153497,4.114081885665655,4.07492888905108,1707,Ben Gibson
season,DC,1,1,1,67,0.9117929935455322,0,0,0,2018,Burnley,1,0,1,0.9117929935455322,0,0,1707,Ben Gibson
season,DC,38,1,15,3420,0.8124675033614039,1,0.5862094834446907,3,2016,Middlesbrough,4,0,1,0.8124675033614039,5.14988929592073,5.046647695824504,1707,Ben Gibson
