group_type,position,games,goals,shots,time,xG,assists,xA,key_passes,season,team,yellow,red,npg,npxG,xGChain,xGBuildup,player_id,player_name
season,Sub,2,0,0,31,0,0,0.0773656964302063,2,2021,Monaco,0,0,0,0,0.02860179916024208,0,686,Cesc Fàbregas
season,MC,21,2,10,865,3.0049771489575505,3,2.496937306597829,24,2020,Monaco,2,0,0,1.4847841085866094,8.172041971236467,4.945772401988506,686,Cesc Fàbregas
season,AMC,18,0,9,938,0.47443979047238827,3,2.2925317250192165,23,2019,Monaco,1,1,0,0.47443979047238827,7.098435037769377,5.117320345714688,686,Cesc Fàbregas
season,MC,13,1,10,965,1.4172255862504244,0,0.7367293974384665,19,2018,Monaco,2,0,1,1.4172255862504244,4.132738031446934,3.1263500843197107,686,Cesc Fàbregas
season,Sub,6,0,1,167,0.05984099954366684,0,0.21524160169065,3,2018,Chelsea,1,0,0,0.05984099954366684,2.3723045960068703,2.188558615744114,686,Cesc Fàbregas
season,MC,32,2,38,2314,2.5169959999620914,4,6.851440900936723,90,2017,Chelsea,5,1,2,2.5169959999620914,14.97907830402255,10.848990377038717,686,Cesc Fàbregas
season,MC,29,5,26,1294,2.8095389008522034,12,7.848821707069874,62,2016,Chelsea,8,0,5,2.8095389008522034,11.544593039900064,6.12983924895525,686,Cesc Fàbregas
season,DMC,37,5,45,2901,3.8695380529388785,7,8.421028561890125,67,2015,Chelsea,5,0,3,2.3472050121054053,19.53798940964043,14.364742593839765,686,Cesc Fàbregas
season,DMC,34,3,43,2895,3.2493744967505336,18,10.149339623749256,95,2014,Chelsea,11,1,3,3.2493744967505336,23.013181414455175,16.971006333827972,686,Cesc Fàbregas
