group_type,position,games,goals,shots,time,xG,assists,xA,key_passes,season,team,yellow,red,npg,npxG,xGChain,xGBuildup,player_id,player_name
season,DML,15,0,5,1009,0.33131467178463936,1,1.2534602750092745,11,2025,Udinese,3,0,0,0.33131467178463936,2.027538286522031,1.6155340131372213,10740,Jordan Zemura
season,Sub,23,1,13,1401,1.0848796032369137,2,1.7748898016288877,11,2024,Udinese,2,0,1,1.0848796032369137,3.965422187000513,2.0313164219260216,10740,Jordan Zemura
season,Sub,27,1,5,1006,0.6152164787054062,0,0.45071058440953493,8,2023,Udinese,1,0,1,0.6152164787054062,2.9638896649703383,1.8979626148939133,10740,Jordan Zemura
season,DL,19,0,4,1465,0.3462909907102585,1,2.1423926139250398,18,2022,Bournemouth,1,0,0,0.3462909907102585,3.5135136218741536,1.2088170098140836,10740,Jordan Zemura
