group_type,position,games,goals,shots,time,xG,assists,xA,key_passes,season,team,yellow,red,npg,npxG,xGChain,xGBuildup,player_id,player_name
season,FW,23,2,19,725,2.5895370952785015,0,1.8659741766750813,10,2019,Watford,1,0,2,2.5895370952785015,4.648887186311185,0.297836902551353,1660,Andre Gray
season,FW,29,7,35,1343,5.848624158650637,2,2.0998741798102856,14,2018,Watford,2,0,7,5.848624158650637,7.481088001281023,0.7475265897810459,1660,Andre Gray
season,Sub,31,5,34,1486,7.001016400754452,2,2.318395357578993,17,2017,Watford,1,0,5,7.001016400754452,10.135453960858285,1.727190730161965,1660,Andre Gray
season,FW,32,9,47,2279,7.564629638567567,3,1.471580351702869,19,2016,Burnley,2,0,7,6.0422916654497385,7.8198596918955445,2.1058946326375008,1660,Andre Gray
