group_type,position,games,goals,shots,time,xG,assists,xA,key_passes,season,team,yellow,red,npg,npxG,xGChain,xGBuildup,player_id,player_name
season,DC,18,1,1,1513,0.960849940776825,0,0,0,2023,Fulham,2,1,1,0.960849940776825,4.037653112784028,4.037653112784028,7184,Tim Ream
season,DC,33,1,3,2900,0.4944004062563181,0,0.07179860211908817,3,2022,Fulham,2,0,1,0.4944004062563181,6.860465005040169,6.813478998839855,7184,Tim Ream
season,DC,7,0,0,630,0,0,0,0,2020,Fulham,0,0,0,0,0.8088045045733452,0.8088045045733452,7184,Tim Ream
season,DC,26,0,1,2057,0.0195435993373394,0,0.23942119628190994,3,2018,Fulham,1,0,0,0.0195435993373394,2.7600171994417906,2.5205960031598806,7184,Tim Ream
