group_type,position,games,goals,shots,time,xG,assists,xA,key_passes,season,team,yellow,red,npg,npxG,xGChain,xGBuildup,player_id,player_name
season,DC,2,0,0,120,0,0,0,0,2016,Sunderland,0,0,0,0,0.0109526002779603,0.0109526002779603,664,Joleon Lescott
season,DC,30,1,11,2632,1.8732635146006942,0,0.17327840439975262,4,2015,Aston Villa,2,0,1,1.8732635146006942,4.315418165177107,4.168777171522379,664,Joleon Lescott
season,DC,2,0,0,180,0,0,0,0,2015,West Bromwich Albion,0,0,0,0,0.12288010213524103,0.12288010213524103,664,Joleon Lescott
season,DC,34,1,14,3060,2.396697413176298,2,0.5493253171443939,2,2014,West Bromwich Albion,3,0,1,2.396697413176298,3.877223813906312,3.877223813906312,664,Joleon Lescott
