group_type,position,games,goals,shots,time,xG,assists,xA,key_passes,season,team,yellow,red,npg,npxG,xGChain,xGBuildup,player_id,player_name
season,Sub,4,1,6,45,0.40794607251882553,0,0,0,2024,Crystal Palace,0,0,1,0.40794607251882553,0.5714588239789009,0.16351275146007538,12152,Matheus França
season,Sub,10,0,8,197,0.2915826556272805,1,0.8639639485627413,6,2023,Crystal Palace,1,0,0,0.2915826556272805,1.1256566774100065,0.5917453020811081,12152,Matheus França
