group_type,position,games,goals,shots,time,xG,assists,xA,key_passes,season,team,yellow,red,npg,npxG,xGChain,xGBuildup,player_id,player_name
season,GK,3,0,0,270,0,0,0,0,2025,Nottingham Forest,0,0,0,0,0.12923066318035126,0.12923066318035126,8786,Stefan Ortega Moreno
season,GK,13,0,0,1096,0,0,0,0,2024,Manchester City,1,0,0,0,2.8627792466431856,2.8627792466431856,8786,Stefan Ortega Moreno
season,GK,9,0,0,626,0,0,0,0,2023,Manchester City,0,0,0,0,1.7157262079417706,1.7157262079417706,8786,Stefan Ortega Moreno
season,GK,3,0,0,270,0,0,0,0,2022,Manchester City,0,0,0,0,0.42193374037742615,0.42193374037742615,8786,Stefan Ortega Moreno
season,GK,33,0,0,2970,0,0,0.19871999695897102,5,2021,Arminia Bielefeld,1,0,0,0,2.1753453044220805,2.0484745064750314,8786,Stefan Ortega Moreno
season,GK,34,0,0,3060,0,1,0.2559500951319933,5,2020,Arminia Bielefeld,1,0,0,0,3.450949050486088,3.218182855285704,8786,Stefan Ortega Moreno
