group_type,position,games,goals,shots,time,xG,assists,xA,key_passes,season,team,yellow,red,npg,npxG,xGChain,xGBuildup,player_id,player_name
season,Sub,19,2,21,705,1.5486181434243917,2,0.5363962892442942,7,2022,Nottingham Forest,3,0,2,1.5486181434243917,2.086062991991639,0.9663639571517706,9301,Emmanuel Dennis
season,FW,33,10,60,2612,7.006806670688093,6,3.959161562845111,33,2021,Watford,7,1,10,7.006806670688093,12.345256780274212,4.416254226118326,9301,Emmanuel Dennis
season,FW,9,0,5,473,0.4957774877548218,1,0.7534655146300793,5,2020,FC Cologne,0,0,0,0.4957774877548218,1.9475050121545792,0.8792011886835098,9301,Emmanuel Dennis
