group_type,position,games,goals,shots,time,xG,assists,xA,key_passes,season,team,yellow,red,npg,npxG,xGChain,xGBuildup,player_id,player_name
season,DR,19,0,5,1079,0.22195007745176554,2,2.790492530912161,14,2024,Brentford,2,0,0,0.22195007745176554,5.177352083846927,2.4616973884403706,9685,Mads Roerslev
season,Sub,7,0,0,281,0,0,0.07028507441282272,1,2024,Wolfsburg,0,0,0,0,0.6111173927783966,0.6111173927783966,9685,Mads Roerslev
season,Sub,34,1,7,2009,1.1281067915260792,2,2.064798539504409,15,2023,Brentford,1,0,1,1.1281067915260792,6.286723421886563,4.37823604606092,9685,Mads Roerslev
season,DC,20,0,3,1089,0.3934907913208008,0,1.8459260575473309,8,2022,Brentford,0,0,0,0.3934907913208008,2.639313882216811,1.452640237286687,9685,Mads Roerslev
season,Sub,21,1,5,1240,0.2831443063914776,1,0.9667048780247569,7,2021,Brentford,1,0,1,0.2831443063914776,1.3581679975613952,0.4798683002591133,9685,Mads Roerslev
