group_type,position,games,goals,shots,time,xG,assists,xA,key_passes,season,team,yellow,red,npg,npxG,xGChain,xGBuildup,player_id,player_name
season,DC,11,0,3,822,0.08226848393678665,0,0.17279621958732605,3,2025,Wolverhampton Wanderers,4,0,0,0.08226848393678665,0.3009897619485855,0.12819353491067886,6852,Matt Doherty
season,DR,30,2,10,2140,1.576674222946167,1,1.7241646945476532,12,2024,Wolverhampton Wanderers,6,0,2,1.576674222946167,8.057520560920238,6.344307072460651,6852,Matt Doherty
season,Sub,30,1,8,1087,1.1126765199005604,0,1.0989295095205307,12,2023,Wolverhampton Wanderers,2,0,1,1.1126765199005604,3.6199135687202215,2.180733907967806,6852,Matt Doherty
season,Sub,12,1,10,665,0.8726177029311657,0,0.2881163954734802,6,2022,Tottenham,0,0,1,0.8726177029311657,2.7494057435542345,1.9657854363322258,6852,Matt Doherty
season,Sub,2,0,0,15,0,0,0,0,2022,Atletico Madrid,0,0,0,0,0.12806999683380127,0.12806999683380127,6852,Matt Doherty
season,Sub,15,2,16,864,3.0913910754024982,4,2.0252633318305016,15,2021,Tottenham,0,0,2,3.0913910754024982,7.882363170385361,4.257716134190559,6852,Matt Doherty
season,DR,17,0,3,1228,0.36388201266527176,2,0.7646760959178209,11,2020,Tottenham,2,1,0,0.36388201266527176,4.369951091706753,3.785178732126951,6852,Matt Doherty
season,DMR,36,4,34,2842,6.484134959988296,3,2.1279859263449907,21,2019,Wolverhampton Wanderers,1,0,4,6.484134959988296,14.165046449750662,7.663296630606055,6852,Matt Doherty
season,DMR,38,4,46,3145,5.275961680337787,5,5.037373922765255,38,2018,Wolverhampton Wanderers,5,0,4,5.275961680337787,13.514673576690257,7.9957356145605445,6852,Matt Doherty
