group_type,position,games,goals,shots,time,xG,assists,xA,key_passes,season,team,yellow,red,npg,npxG,xGChain,xGBuildup,player_id,player_name
season,Sub,26,1,15,1175,2.048229966312647,3,3.143440945073962,34,2023,Burnley,2,0,1,2.048229966312647,6.296170109882951,2.9956371504813433,1663,Johann Berg Gudmundsson
season,MR,18,0,19,1110,1.690343969501555,1,0.6487747821956873,6,2021,Burnley,2,0,0,1.690343969501555,2.9044559374451637,1.3834909815341234,1663,Johann Berg Gudmundsson
season,Sub,22,2,19,1369,1.5335707571357489,0,0.9595046062022448,10,2020,Burnley,2,0,2,1.5335707571357489,3.6138847433030605,1.325503310188651,1663,Johann Berg Gudmundsson
season,MR,12,1,10,629,0.7235375083982944,1,0.9180738814175129,14,2019,Burnley,0,0,1,0.7235375083982944,1.5657927207648754,1.0057295821607113,1663,Johann Berg Gudmundsson
season,ML,29,3,33,1732,2.613457875326276,6,3.586491769179702,37,2018,Burnley,2,0,3,2.613457875326276,7.218741001561284,3.094681709073484,1663,Johann Berg Gudmundsson
season,MR,35,2,52,2845,2.947692224755883,8,5.046248677186668,68,2017,Burnley,2,0,2,2.947692224755883,8.002531245350838,3.811488403007388,1663,Johann Berg Gudmundsson
season,Sub,20,1,17,988,0.6135827992111444,2,1.21002347022295,15,2016,Burnley,1,0,1,0.6135827992111444,1.5712092882022262,0.46364149544388056,1663,Johann Berg Gudmundsson
