group_type,position,games,goals,shots,time,xG,assists,xA,key_passes,season,team,yellow,red,npg,npxG,xGChain,xGBuildup,player_id,player_name
season,MC,9,0,12,457,0.49143339693546295,1,1.2346308156847954,15,2016,Chelsea,1,0,0,0.49143339693546295,3.4357391223311424,2.4968663565814495,692,Oscar
season,AMC,27,3,52,1785,5.1718630231916904,3,3.297748578712344,29,2015,Chelsea,4,0,2,3.6495230086147785,10.235748451203108,5.516655184328556,692,Oscar
season,AMC,28,6,72,2072,6.540385385975242,8,5.2243422120809555,37,2014,Chelsea,5,0,6,6.540385385975242,15.803944010287523,7.1499633844941854,692,Oscar
