group_type,position,games,goals,shots,time,xG,assists,xA,key_passes,season,team,yellow,red,npg,npxG,xGChain,xGBuildup,player_id,player_name
season,MC,24,1,13,1486,0.5323873395100236,0,0.8611094998195767,10,2025,Manchester City,6,0,1,0.5323873395100236,14.360877335071564,13.7659922670573,9802,Nico González
season,DMC,11,1,9,767,0.8193094208836555,0,0.08155591785907745,1,2024,Manchester City,3,0,1,0.8193094208836555,6.620623365044594,6.3495680540800095,9802,Nico González
season,Sub,26,1,14,1429,1.9084828272461891,1,1.0955780949443579,12,2022,Valencia,2,0,1,1.9084828272461891,5.509960202500224,3.8722922783344984,9802,Nico González
season,Sub,27,2,17,1107,1.424246771261096,1,0.8186406120657921,13,2021,Barcelona,6,0,2,1.424246771261096,7.858791917562485,5.745404623448849,9802,Nico González
