group_type,position,games,goals,shots,time,xG,assists,xA,key_passes,season,team,yellow,red,npg,npxG,xGChain,xGBuildup,player_id,player_name
season,Sub,17,2,15,525,2.9240276999771595,0,0,0,2018,Girona,2,0,2,2.9240276999771595,3.3030707128345966,0.4429985098540783,776,Seydou Doumbia
season,Sub,13,5,13,983,3.7689535319805145,5,3.472651216201484,24,2015,CSKA Moscow,0,0,4,3.0146815478801727,7.275662777014077,1.448452167212963,776,Seydou Doumbia
season,Sub,3,0,1,25,0.06874100118875504,0,0,0,2015,Newcastle United,0,0,0,0.06874100118875504,0.1341239959001541,0.06538280099630356,776,Seydou Doumbia
season,Sub,13,7,26,769,7.658327862620354,1,1.7118517756462097,11,2014,CSKA Moscow,2,0,5,6.149768903851509,9.35767836868763,1.598823994398117,776,Seydou Doumbia
season,FW,13,2,8,539,0.8845057096332312,0,0.11477010324597359,4,2014,Roma,0,0,2,0.8845057096332312,1.1744991969317198,0.26332100108265877,776,Seydou Doumbia
