group_type,position,games,goals,shots,time,xG,assists,xA,key_passes,season,team,yellow,red,npg,npxG,xGChain,xGBuildup,player_id,player_name
season,AMC,35,13,75,2962,9.894120320677757,4,4.402888776734471,45,2025,Nottingham Forest,1,0,12,9.132951483130455,15.326273631304502,5.22996692173183,6857,Morgan Gibbs-White
season,AMC,34,7,61,2868,6.140304567292333,8,6.105838568881154,51,2024,Nottingham Forest,9,1,7,6.140304567292333,17.928511697798967,10.13072724826634,6857,Morgan Gibbs-White
season,FWL,37,5,71,3177,6.069625414907932,10,9.522167706862092,74,2023,Nottingham Forest,9,0,4,5.308456636965275,18.272872403264046,9.268674820661545,6857,Morgan Gibbs-White
season,Sub,35,5,59,2990,6.071093298494816,8,7.719742547720671,66,2022,Nottingham Forest,5,0,3,4.548755586147308,13.123771226033568,4.559631913900375,6857,Morgan Gibbs-White
season,AMC,2,0,3,180,0.5845970064401627,0,0.08816809952259064,1,2022,Wolverhampton Wanderers,1,0,0,0.5845970064401627,0.5451209992170334,0,6857,Morgan Gibbs-White
season,Sub,2,0,2,4,0.09891019761562347,0,0,0,2021,Wolverhampton Wanderers,1,0,0,0.09891019761562347,0.13725019991397858,0.038339901715517044,6857,Morgan Gibbs-White
season,FW,11,1,10,395,0.8142993114888668,0,0.4069434069097042,8,2020,Wolverhampton Wanderers,1,0,1,0.8142993114888668,1.7168070655316114,0.83146240003407,6857,Morgan Gibbs-White
season,MC,7,0,2,119,0.07185499928891659,0,0.07087599858641624,3,2019,Wolverhampton Wanderers,0,0,0,0.07185499928891659,0.30642999336123466,0.19279959797859192,6857,Morgan Gibbs-White
season,Sub,26,0,8,628,0.9925088100135326,1,1.3041684199124575,11,2018,Wolverhampton Wanderers,1,0,0,0.9925088100135326,3.631218750961125,1.95873511582613,6857,Morgan Gibbs-White
