group_type,position,games,goals,shots,time,xG,assists,xA,key_passes,season,team,yellow,red,npg,npxG,xGChain,xGBuildup,player_id,player_name
season,Sub,15,3,16,496,2.6928724367171526,0,0.9300173129886389,7,2025,Paris FC,0,0,3,2.6928724367171526,5.008405860513449,2.4311221688985825,10620,Luca Koleosho
season,Sub,3,0,1,48,0.024271871894598007,0,0.018936829641461372,1,2025,Espanyol,0,0,0,0.024271871894598007,0.2459692731499672,0.20276057720184326,10620,Luca Koleosho
season,MR,15,1,23,1015,2.3243730422109365,1,1.4566490054130554,11,2023,Burnley,0,0,1,2.3243730422109365,3.7318228743970394,0.2789538074284792,10620,Luca Koleosho
season,Sub,4,1,1,40,0.028158461675047874,0,0,0,2022,Espanyol,0,0,1,0.028158461675047874,0.11560162715613842,0.08744316548109055,10620,Luca Koleosho
season,Sub,1,0,0,1,0,0,0,0,2021,Espanyol,0,0,0,0,0,0,10620,Luca Koleosho
