group_type,position,games,goals,shots,time,xG,assists,xA,key_passes,season,team,yellow,red,npg,npxG,xGChain,xGBuildup,player_id,player_name
season,DC,7,0,3,591,0.23848889023065567,0,0,0,2019,Norwich,0,0,0,0.23848889023065567,0.46543559432029724,0.46543559432029724,162,Timm Klose
season,DC,10,1,3,849,0.5434640273451805,0,0,0,2015,Norwich,3,0,1,0.5434640273451805,0.1904532015323639,0.15350420027971268,162,Timm Klose
season,DC,8,1,4,633,0.2627786984667182,0,0.01917470060288906,1,2015,Wolfsburg,1,0,1,0.2627786984667182,1.4531928962096572,1.3405166938900948,162,Timm Klose
season,Sub,12,1,3,959,0.27497099712491035,0,0.05893469974398613,1,2014,Wolfsburg,0,0,1,0.27497099712491035,4.330637309700251,4.330637309700251,162,Timm Klose
