group_type,position,games,goals,shots,time,xG,assists,xA,key_passes,season,team,yellow,red,npg,npxG,xGChain,xGBuildup,player_id,player_name
season,MC,29,0,17,1417,1.2812513932585716,0,1.772324912250042,19,2025,Crystal Palace,7,0,0,1.2812513932585716,6.367847118526697,4.755730241537094,6104,Will Hughes
season,MC,33,0,22,2160,0.9225301016122103,3,3.364077143371105,33,2024,Crystal Palace,11,0,0,0.9225301016122103,9.026491666212678,7.883489057421684,6104,Will Hughes
season,Sub,30,0,8,1924,0.30102055706083775,1,1.7067030258476734,21,2023,Crystal Palace,6,0,0,0.30102055706083775,5.737615456804633,5.330458853393793,6104,Will Hughes
season,Sub,27,1,6,796,0.5347504764795303,1,0.7693945411592722,6,2022,Crystal Palace,4,0,1,0.5347504764795303,3.049637194722891,1.9806809611618519,6104,Will Hughes
season,Sub,16,0,6,1071,0.13572119548916817,1,0.9568462930619717,9,2021,Crystal Palace,6,0,0,0.13572119548916817,3.0648518539965153,2.7063899599015713,6104,Will Hughes
season,AMC,30,1,27,2300,2.388310482725501,1,2.1773152742534876,25,2019,Watford,9,0,1,2.388310482725501,6.430048817768693,3.398620458319783,6104,Will Hughes
season,AMC,32,2,31,2454,2.9695313088595867,4,3.663111040368676,29,2018,Watford,5,0,2,2.9695313088595867,8.060839463025331,4.083356629125774,6104,Will Hughes
season,Sub,15,2,12,1004,0.6624465938657522,3,1.4841907946392894,18,2017,Watford,0,0,2,0.6624465938657522,3.2792119858786464,1.8477536011487246,6104,Will Hughes
