group_type,position,games,goals,shots,time,xG,assists,xA,key_passes,season,team,yellow,red,npg,npxG,xGChain,xGBuildup,player_id,player_name
season,DL,34,1,30,2929,1.8355175238102674,1,3.379575688391924,31,2021,Leeds,5,0,1,1.8355175238102674,9.495666805654764,6.707575690001249,8718,Stuart Dallas
season,DL,38,8,48,3412,4.457073759287596,2,2.084682686254382,26,2020,Leeds,7,0,8,4.457073759287596,18.53434094041586,13.809801509603858,8718,Stuart Dallas
