group_type,position,games,goals,shots,time,xG,assists,xA,key_passes,season,team,yellow,red,npg,npxG,xGChain,xGBuildup,player_id,player_name
season,AML,36,9,83,3211,7.110275078564882,5,6.5665632057935,44,2025,Aston Villa,7,0,9,7.110275078564882,16.80772640183568,6.691567745059729,12412,Morgan Rogers
season,AMC,37,8,55,3191,8.216648440808058,10,8.145913934335113,51,2024,Aston Villa,10,0,8,8.216648440808058,21.380799420177937,8.901325047016144,12412,Morgan Rogers
season,Sub,11,3,11,652,1.086574248969555,1,0.9047513920813799,9,2023,Aston Villa,3,0,3,1.086574248969555,3.6785017512738705,2.2780009116977453,12412,Morgan Rogers
