group_type,position,games,goals,shots,time,xG,assists,xA,key_passes,season,team,yellow,red,npg,npxG,xGChain,xGBuildup,player_id,player_name
season,DC,23,1,15,1733,0.718483354896307,2,1.399182764813304,7,2025,Leeds,3,0,1,0.718483354896307,5.410507315769792,4.423424476757646,6807,Jaka Bijol
season,DC,34,1,19,2964,2.1401905212551355,0,0.6740374462679029,12,2024,Udinese,11,1,1,2.1401905212551355,7.283961589448154,6.610245150513947,6807,Jaka Bijol
season,DC,24,0,15,2082,1.3593929968774319,0,0.11229369603097439,3,2023,Udinese,4,0,0,1.3593929968774319,4.954108491539955,4.864091504365206,6807,Jaka Bijol
season,DC,32,3,20,2732,2.505442278459668,2,1.848342938348651,10,2022,Udinese,9,0,3,2.505442278459668,5.394275683909655,4.509136389940977,6807,Jaka Bijol
season,Sub,28,1,9,2399,0.49368329904973507,1,0.8604396004229784,5,2021,CSKA Moscow,1,0,1,0.49368329904973507,4.506751701235771,4.3463601022958755,6807,Jaka Bijol
season,Sub,5,0,0,52,0,0,0,0,2020,CSKA Moscow,0,0,0,0,0.4422990083694458,0.4422990083694458,6807,Jaka Bijol
season,Sub,24,1,21,589,1.4147316198796034,1,0.6796225467696786,7,2019,CSKA Moscow,1,2,1,1.4147316198796034,3.029218727722764,1.6136400885879993,6807,Jaka Bijol
season,Sub,23,4,23,1062,2.266781061887741,2,1.1426135068759322,12,2018,CSKA Moscow,4,0,4,2.266781061887741,5.190887091681361,2.30658270791173,6807,Jaka Bijol
