group_type,position,games,goals,shots,time,xG,assists,xA,key_passes,season,team,yellow,red,npg,npxG,xGChain,xGBuildup,player_id,player_name
season,MC,14,1,5,1008,0.2894266080111265,0,0.05937799997627735,2,2021,Newcastle United,5,0,1,0.2894266080111265,1.0659864582121372,0.9370960630476475,6062,Isaac Hayden
season,MC,24,0,16,1946,0.6148465005680919,0,0.24249639827758074,7,2020,Newcastle United,8,0,0,0.6148465005680919,4.556475481018424,4.089187795296311,6062,Isaac Hayden
season,MC,29,1,18,2224,1.3907354967668653,2,2.533773982897401,15,2019,Newcastle United,4,1,1,1.3907354967668653,7.829531567171216,4.893850185908377,6062,Isaac Hayden
season,Sub,25,1,22,1865,0.8647690005600452,4,2.4501220830716193,22,2018,Newcastle United,3,1,1,0.8647690005600452,5.393953524529934,2.8308156207203865,6062,Isaac Hayden
season,DMC,26,1,14,1370,0.8404327025637031,0,0.6397889088839293,11,2017,Newcastle United,7,0,1,0.8404327025637031,3.2734248638153076,2.1752046830952168,6062,Isaac Hayden
