group_type,position,games,goals,shots,time,xG,assists,xA,key_passes,season,team,yellow,red,npg,npxG,xGChain,xGBuildup,player_id,player_name
season,AMR,19,0,19,680,0.9708829177543521,1,1.21384940110147,9,2025,Everton,4,0,0,0.9708829177543521,2.6459091352298856,1.3459198297932744,11297,Carlos Alcaraz
season,Sub,15,2,26,748,1.6208586618304253,3,2.238426521420479,13,2024,Everton,4,0,2,1.6208586618304253,3.8428907692432404,0.6103132143616676,11297,Carlos Alcaraz
season,Sub,1,0,1,5,0.039343107491731644,0,0.05025682970881462,1,2024,Southampton,0,0,0,0.039343107491731644,0.07209058851003647,0.032747477293014526,11297,Carlos Alcaraz
season,Sub,10,0,11,378,0.39867519587278366,1,0.29845622554421425,2,2023,Juventus,0,0,0,0.39867519587278366,1.1721367165446281,0.8768043182790279,11297,Carlos Alcaraz
season,Sub,18,4,24,1050,1.9036163073033094,2,0.8085567876696587,5,2022,Southampton,3,0,4,1.9036163073033094,3.896246693097055,1.4693974861875176,11297,Carlos Alcaraz
