group_type,position,games,goals,shots,time,xG,assists,xA,key_passes,season,team,yellow,red,npg,npxG,xGChain,xGBuildup,player_id,player_name
season,Sub,7,1,2,393,0.06403259932994843,0,0,0,2021,Aston Villa,0,0,1,0.06403259932994843,1.8135129772126675,1.8135129772126675,6859,Kortney Hause
season,DC,7,1,5,630,1.3037526831030846,0,0,0,2020,Aston Villa,2,0,1,1.3037526831030846,1.8043759763240814,1.8043759763240814,6859,Kortney Hause
season,DC,18,1,20,1541,2.8237650701776147,0,0.4907599985599518,2,2019,Aston Villa,3,0,1,2.8237650701776147,1.7359597831964493,1.7359597831964493,6859,Kortney Hause
