group_type,position,games,goals,shots,time,xG,assists,xA,key_passes,season,team,yellow,red,npg,npxG,xGChain,xGBuildup,player_id,player_name
season,DMC,1,0,0,90,0,0,0.06823749840259552,2,2016,Crystal Palace,0,0,0,0,0.11093500256538391,0.11093500256538391,515,Mile Jedinak
season,Sub,27,0,13,1511,0.9263467136770487,0,0.8903788039460778,8,2015,Crystal Palace,6,0,0,0.9263467136770487,4.383606683462858,3.8028412982821465,515,Mile Jedinak
season,MC,24,5,31,2092,3.9022558932192624,3,0.9916814006865025,14,2014,Crystal Palace,3,1,2,1.6187490834854543,3.540135175921023,2.9935821192339063,515,Mile Jedinak
