group_type,position,games,goals,shots,time,xG,assists,xA,key_passes,season,team,yellow,red,npg,npxG,xGChain,xGBuildup,player_id,player_name
season,AMC,24,9,58,1827,9.762309033423662,1,2.0455774012953043,23,2025,Chelsea,4,0,4,5.195296112447977,15.282409280538559,9.400349205359817,8497,Cole Palmer
season,AMR,37,15,126,3228,15.77423645183444,8,12.954366408288479,87,2024,Chelsea,7,0,11,11.968392122536898,29.99983731843531,9.8022615686059,8497,Cole Palmer
season,Sub,33,22,108,2635,17.83224501274526,11,11.869294486939907,72,2023,Chelsea,7,0,13,10.981725485995412,31.036520244553685,15.302413104102015,8497,Cole Palmer
season,Sub,1,0,0,5,0,0,0,0,2023,Manchester City,0,0,0,0,0,0,8497,Cole Palmer
season,Sub,14,0,11,336,0.913382014259696,1,0.6336369244381785,5,2022,Manchester City,1,0,0,0.913382014259696,2.081893088296056,0.8175896219909191,8497,Cole Palmer
season,Sub,4,0,4,123,0.2807210087776184,0,0.4464449882507324,2,2021,Manchester City,0,0,0,0.2807210087776184,2.009626030921936,1.3054470047354698,8497,Cole Palmer
