group_type,position,games,goals,shots,time,xG,assists,xA,key_passes,season,team,yellow,red,npg,npxG,xGChain,xGBuildup,player_id,player_name
season,Sub,4,0,1,10,0.08553469926118851,0,0,0,2022,Fulham,0,1,0,0.08553469926118851,0,0,1677,Nathaniel Chalobah
season,Sub,22,0,9,915,0.4986916873604059,1,1.616138432174921,9,2019,Watford,1,0,0,0.4986916873604059,2.396554782986641,1.413669609464705,1677,Nathaniel Chalobah
season,Sub,9,0,2,264,0.0794910965487361,0,0.22298899292945862,1,2018,Watford,2,0,0,0.0794910965487361,0.8824691101908684,0.8029773160815239,1677,Nathaniel Chalobah
season,MC,6,0,12,448,0.7731210584752262,0,0.026119999587535858,1,2017,Watford,1,0,0,0.7731210584752262,0.9812897560186684,0.4462831951677799,1677,Nathaniel Chalobah
season,Sub,10,0,1,152,0.03790869936347008,1,0.6755060106515884,4,2016,Chelsea,2,0,0,0.03790869936347008,1.4402057193219662,1.3191336952149868,1677,Nathaniel Chalobah
season,Sub,5,0,0,25,0,0,0.10918350145220757,2,2015,Napoli,0,0,0,0,0.30212150141596794,0.2828359007835388,1677,Nathaniel Chalobah
season,Sub,4,0,1,59,0.016966799274086952,0,0,0,2014,Burnley,1,0,0,0.016966799274086952,0.7547210976481438,0.7377540990710258,1677,Nathaniel Chalobah
