group_type,position,games,goals,shots,time,xG,assists,xA,key_passes,season,team,yellow,red,npg,npxG,xGChain,xGBuildup,player_id,player_name
season,Sub,18,0,3,1316,0.07622531428933144,0,0.04669840261340141,1,2025,Verona,3,0,0,0.07622531428933144,2.4115765765309334,2.3733383491635323,9710,Armel Bella Kotchap
season,Sub,4,0,1,331,0.2672498822212219,0,0,0,2024,Southampton,0,0,0,0.2672498822212219,0.7146918140351772,0.7146918140351772,9710,Armel Bella Kotchap
season,DC,24,0,14,1890,1.270264146849513,2,1.4630886502563953,6,2022,Southampton,4,0,0,1.270264146849513,4.837567955255508,3.89722553268075,9710,Armel Bella Kotchap
season,DC,22,0,10,1775,0.8344141822308302,0,0.0457163006067276,2,2021,Bochum,5,0,0,0.8344141822308302,3.3896181881427765,3.2657955922186375,9710,Armel Bella Kotchap
