group_type,position,games,goals,shots,time,xG,assists,xA,key_passes,season,team,yellow,red,npg,npxG,xGChain,xGBuildup,player_id,player_name
season,Sub,30,5,34,1072,6.912255180999637,2,1.7422378864139318,11,2024,Liverpool,8,0,5,6.912255180999637,11.696636958047748,3.613157507032156,10720,Darwin Núñez
season,Sub,36,11,108,2037,19.187851031310856,8,5.950456521473825,33,2023,Liverpool,9,0,11,18.42668213415891,25.07862750068307,5.313199203461409,10720,Darwin Núñez
season,Sub,29,9,84,1702,14.374805428087711,3,5.6468874625861645,28,2022,Liverpool,1,1,9,14.374805428087711,20.277393620461226,3.4813443943858147,10720,Darwin Núñez
