group_type,position,games,goals,shots,time,xG,assists,xA,key_passes,season,team,yellow,red,npg,npxG,xGChain,xGBuildup,player_id,player_name
season,Sub,31,0,3,1822,0.10550510138273239,1,2.24295702483505,21,2025,Wolverhampton Wanderers,3,0,0,0.10550510138273239,6.032643620856106,4.1699837278574705,12113,Jackson Tchatchoua
season,DMR,36,2,18,3172,1.9549099691212177,3,3.5700629903003573,34,2024,Verona,7,1,2,1.9549099691212177,9.686987875960767,4.775095266290009,12113,Jackson Tchatchoua
season,Sub,26,0,0,1713,0,2,1.4765660241246223,15,2023,Verona,2,0,0,0,4.330691508948803,3.0953275114297867,12113,Jackson Tchatchoua
