group_type,position,games,goals,shots,time,xG,assists,xA,key_passes,season,team,yellow,red,npg,npxG,xGChain,xGBuildup,player_id,player_name
season,Sub,18,0,20,1326,0.829635102301836,0,0.5261523053050041,12,2020,Nantes,5,0,0,0.829635102301836,3.500890541821718,2.766404581256211,4403,Mehdi Abeid
season,DMC,25,1,33,1819,1.2953847916796803,2,1.0557949962094426,27,2019,Nantes,5,0,1,1.2953847916796803,6.449592148885131,5.353606170974672,4403,Mehdi Abeid
season,Sub,26,3,37,2029,2.784831678494811,0,1.3548841811716557,22,2018,Dijon,6,0,2,2.0247368905693293,5.860435668379068,3.1272845724597573,4403,Mehdi Abeid
season,Sub,19,0,21,1172,0.8069101753644645,1,0.32282399758696556,7,2017,Dijon,2,0,0,0.8069101753644645,2.545814129523933,1.9823069367557764,4403,Mehdi Abeid
season,Sub,28,3,44,2374,2.7535585137084126,2,3.3211043272167444,32,2016,Dijon,8,0,3,2.7535585137084126,7.3136920826509595,4.909093319438398,4403,Mehdi Abeid
season,DMC,13,0,12,654,0.42071009427309036,0,0.02444469928741455,1,2014,Newcastle United,0,0,0,0.42071009427309036,1.3741771057248116,1.0811377000063658,4403,Mehdi Abeid
