group_type,position,games,goals,shots,time,xG,assists,xA,key_passes,season,team,yellow,red,npg,npxG,xGChain,xGBuildup,player_id,player_name
season,DC,18,0,1,1276,0.013867756351828575,0,0.08456607162952423,2,2025,Bournemouth,1,0,0,0.013867756351828575,3.9265325367450714,3.8777282163500786,7268,Bafode Diakite
season,DC,31,4,16,2770,2.7722266539931297,1,0.12409396469593048,3,2024,Lille,6,1,4,2.7722266539931297,12.609161705709994,12.580653757788241,7268,Bafode Diakite
season,DC,21,5,16,1695,2.9714528992772102,2,1.72285920009017,13,2023,Lille,4,0,5,2.9714528992772102,5.852686842903495,5.478594264015555,7268,Bafode Diakite
season,Sub,33,3,19,2655,1.2890831651166081,0,0.8743011299520731,7,2022,Lille,6,0,3,1.2890831651166081,12.083228540606797,11.234259467571974,7268,Bafode Diakite
season,DC,16,2,10,1368,2.450207768008113,0,0.03933899849653244,1,2019,Toulouse,1,1,2,2.450207768008113,2.872857680544257,2.872857680544257,7268,Bafode Diakite
season,DR,9,1,1,632,0.07909630239009857,0,0.04375799931585789,2,2018,Toulouse,2,0,1,0.07909630239009857,1.006897907704115,0.9631400071084499,7268,Bafode Diakite
