group_type,position,games,goals,shots,time,xG,assists,xA,key_passes,season,team,yellow,red,npg,npxG,xGChain,xGBuildup,player_id,player_name
season,AML,5,0,5,411,0.23703229799866676,0,0.06990410014986992,4,2018,Huddersfield,0,0,0,0.23703229799866676,0.39200369641184807,0.10413200035691261,6036,Rajiv van La Parra
season,Sub,33,3,44,2165,3.088003504090011,0,0.8345380071550608,14,2017,Huddersfield,3,1,2,2.32687150221318,4.758853401988745,2.0130399148911238,6036,Rajiv van La Parra
