group_type,position,games,goals,shots,time,xG,assists,xA,key_passes,season,team,yellow,red,npg,npxG,xGChain,xGBuildup,player_id,player_name
season,FW,23,10,57,1309,8.868786808103323,1,1.3566320519894361,17,2025,Atalanta,2,0,8,7.346189212054014,10.201008120551705,3.7025652900338173,6253,Gianluca Scamacca
season,Sub,1,0,1,2,0.12657105922698975,0,0,0,2024,Atalanta,0,0,0,0.12657105922698975,0.12657105922698975,0,6253,Gianluca Scamacca
season,Sub,29,12,60,1445,8.273879911750555,6,3.8059695661067963,33,2023,Atalanta,1,0,12,8.273879911750555,13.530910216271877,4.084158739075065,6253,Gianluca Scamacca
season,Sub,16,3,30,940,2.5387633964419365,0,1.1296455087140203,13,2022,West Ham,3,0,3,2.5387633964419365,3.51997191645205,0.5702235978096724,6253,Gianluca Scamacca
season,Sub,36,16,79,2166,11.125879927538335,0,2.1559393731877208,25,2021,Sassuolo,7,0,15,10.364581308327615,15.934039829298854,5.106660965830088,6253,Gianluca Scamacca
season,Sub,26,8,47,1345,7.83327073790133,2,2.8650350645184517,16,2020,Genoa,1,0,6,6.310677686706185,8.873398074880242,1.4219378009438515,6253,Gianluca Scamacca
season,Sub,3,0,3,21,0.04119420051574707,0,0.3934360146522522,1,2017,Sassuolo,0,0,0,0.04119420051574707,0.461726414039731,0.027096500620245934,6253,Gianluca Scamacca
