group_type,position,games,goals,shots,time,xG,assists,xA,key_passes,season,team,yellow,red,npg,npxG,xGChain,xGBuildup,player_id,player_name
season,Sub,3,0,4,86,0.17412810120731592,0,0.14253870397806168,3,2019,Amiens,0,0,0,0.17412810120731592,0.2105467990040779,0,5662,Isaac Mbenza
season,Sub,22,1,16,956,0.9028504993766546,1,0.9807284232228994,7,2018,Huddersfield,1,0,1,0.9028504993766546,2.1896756114438176,0.6319060893729329,5662,Isaac Mbenza
season,AMR,38,8,55,2090,7.547265041619539,0,1.1940422980114818,29,2017,Montpellier,4,0,8,7.547265041619539,9.759234627708793,2.4909240351989865,5662,Isaac Mbenza
season,Sub,16,3,20,954,2.8142204657197,1,0.9911848790943623,11,2016,Montpellier,0,0,3,2.8142204657197,4.699678868055344,1.3829286098480225,5662,Isaac Mbenza
