group_type,position,games,goals,shots,time,xG,assists,xA,key_passes,season,team,yellow,red,npg,npxG,xGChain,xGBuildup,player_id,player_name
season,DMC,34,9,70,2969,11.867621852084994,3,8.159640282392502,64,2025,Chelsea,9,0,7,10.345284154638648,26.692509919404984,15.655440244823694,11356,Enzo Fernández
season,AMC,36,6,53,2941,6.1332164872437716,7,7.737509123980999,77,2024,Chelsea,8,0,6,6.1332164872437716,20.848417054861784,10.725481959059834,11356,Enzo Fernández
season,MC,28,3,47,2237,6.147583088837564,2,3.5588307976722717,32,2023,Chelsea,7,0,2,4.62524542491883,18.34273999929428,12.553447233512998,11356,Enzo Fernández
season,MC,18,0,20,1559,0.6178922252729535,2,2.1305470690131187,20,2022,Chelsea,3,0,0,0.6178922252729535,8.81558745726943,7.622973386198282,11356,Enzo Fernández
