group_type,position,games,goals,shots,time,xG,assists,xA,key_passes,season,team,yellow,red,npg,npxG,xGChain,xGBuildup,player_id,player_name
season,Sub,29,1,25,1511,2.1777186449617147,4,3.7188727259635925,28,2025,Nottingham Forest,1,0,1,2.1777186449617147,9.2068907674402,4.894270496442914,10348,Omari Hutchinson
season,AML,31,3,45,2620,3.5237994957715273,2,3.373567247763276,31,2024,Ipswich,5,0,3,3.5237994957715273,10.518985860049725,4.673843790777028,10348,Omari Hutchinson
season,Sub,1,0,0,20,0,0,0,0,2022,Chelsea,0,0,0,0,0.059926699846982956,0.059926699846982956,10348,Omari Hutchinson
