group_type,position,games,goals,shots,time,xG,assists,xA,key_passes,season,team,yellow,red,npg,npxG,xGChain,xGBuildup,player_id,player_name
season,DC,30,2,5,2538,1.0302477153018117,0,0.3539321832358837,5,2024,Southampton,7,0,2,1.0302477153018117,6.619636853225529,6.190516717731953,6042,Jan Bednarek
season,DC,20,0,8,1677,0.34422395937144756,0,0.14729679748415947,3,2022,Southampton,5,0,0,0.34422395937144756,0.9362046532332897,0.9234542530030012,6042,Jan Bednarek
season,Sub,3,0,0,95,0,0,0,0,2022,Aston Villa,0,0,0,0,0.5473310053348541,0.5473310053348541,6042,Jan Bednarek
season,Sub,31,4,19,2637,2.7923311796039343,0,0.36588149331510067,6,2021,Southampton,10,0,4,2.7923311796039343,6.621771225705743,6.355030441656709,6042,Jan Bednarek
season,DC,36,1,10,3111,0.46839270554482937,1,1.159947693347931,5,2020,Southampton,5,1,1,0.46839270554482937,8.544506297446787,8.489991501905024,6042,Jan Bednarek
season,DC,34,1,7,3059,1.0607939325273037,1,1.0941205844283104,3,2019,Southampton,4,0,1,1.0607939325273037,4.889747679233551,4.872770681977272,6042,Jan Bednarek
season,Sub,25,0,5,2150,0.8431640844792128,1,0.6224703155457973,9,2018,Southampton,7,0,0,0.8431640844792128,4.15870048571378,3.647119085304439,6042,Jan Bednarek
season,DC,5,1,1,429,0.28035300970077515,0,0,0,2017,Southampton,1,0,1,0.28035300970077515,0.12691850028932095,0.12691850028932095,6042,Jan Bednarek
