group_type,position,games,goals,shots,time,xG,assists,xA,key_passes,season,team,yellow,red,npg,npxG,xGChain,xGBuildup,player_id,player_name
season,DL,4,0,0,127,0,0,0.012794500216841698,1,2022,Mallorca,0,0,0,0,0.02488880045711994,0.012094300240278244,6083,Ludwig Augustinsson
season,DL,3,0,2,74,0.07303450256586075,0,0,0,2022,Aston Villa,1,0,0,0.07303450256586075,0.08046679943799973,0.026183299720287323,6083,Ludwig Augustinsson
season,DL,19,0,4,778,0.24200160428881645,1,0.7400742061436176,9,2021,Sevilla,3,0,0,0.24200160428881645,1.583624835126102,1.2493365416303277,6083,Ludwig Augustinsson
season,DL,23,0,16,1964,0.8761180099099874,4,3.1245230389758945,40,2020,Werder Bremen,4,0,0,0.8761180099099874,4.170852204784751,2.9412509221583605,6083,Ludwig Augustinsson
season,DL,12,0,5,925,0.13178411778062582,1,1.7278021089732647,18,2019,Werder Bremen,2,0,0,0.13178411778062582,3.3606706159189343,1.8685572240501642,6083,Ludwig Augustinsson
season,DL,34,1,21,3032,1.6198000870645046,4,2.2416967041790485,28,2018,Werder Bremen,5,0,1,1.6198000870645046,11.354759733192623,9.91214422043413,6083,Ludwig Augustinsson
season,ML,29,1,24,2536,1.2173479925841093,0,2.3456930816173553,28,2017,Werder Bremen,3,0,1,1.2173479925841093,7.113383459858596,5.171812134794891,6083,Ludwig Augustinsson
