group_type,position,games,goals,shots,time,xG,assists,xA,key_passes,season,team,yellow,red,npg,npxG,xGChain,xGBuildup,player_id,player_name
season,DMC,35,2,47,2503,3.6070517553016543,4,2.6681410809978843,29,2025,Liverpool,6,0,2,3.6070517553016543,12.508250998333097,7.869856126606464,8379,Alexis Mac Allister
season,DMC,35,5,38,2621,3.568436846137047,5,4.891626043245196,45,2024,Liverpool,6,0,5,3.568436846137047,23.363473244011402,19.07193909212947,8379,Alexis Mac Allister
season,MC,33,5,44,2661,3.998983211815357,5,3.578091200441122,47,2023,Liverpool,7,1,4,3.237814389169216,22.71393956243992,18.186699956655502,8379,Alexis Mac Allister
season,MC,35,10,86,2882,11.532242968678474,2,3.9281202014535666,47,2022,Brighton,8,0,4,6.965230006724596,19.910672947764397,12.656914940103889,8379,Alexis Mac Allister
season,Sub,33,5,60,2102,6.832574421539903,2,2.1256866911426187,31,2021,Brighton,4,0,3,4.549069428816438,10.862735169008374,6.358379386365414,8379,Alexis Mac Allister
season,Sub,21,1,24,1110,1.3531396118924022,1,1.8708692993968725,15,2020,Brighton,1,0,1,1.3531396118924022,5.655094686895609,3.2666636938229203,8379,Alexis Mac Allister
season,Sub,9,0,7,357,0.5874680867418647,0,0.20335080474615097,5,2019,Brighton,0,0,0,0.5874680867418647,1.1725874012336135,0.5007041096687317,8379,Alexis Mac Allister
