group_type,position,games,goals,shots,time,xG,assists,xA,key_passes,season,team,yellow,red,npg,npxG,xGChain,xGBuildup,player_id,player_name
season,Sub,4,0,5,223,0.1980246976017952,0,0.016835900023579597,1,2019,Leganes,1,0,0,0.1980246976017952,0.28042619302868843,0.08240159973502159,5085,Marc Navarro
season,DR,2,0,0,87,0,0,0,0,2018,Watford,0,0,0,0,0,0,5085,Marc Navarro
season,Sub,19,1,20,1102,0.6131503973156214,0,0.8446599286980927,9,2017,Espanyol,3,0,1,0.6131503973156214,2.5520244762301445,1.9030408803373575,5085,Marc Navarro
season,DR,12,2,16,788,1.6980063933879137,1,0.34609130024909973,5,2016,Espanyol,0,0,2,1.6980063933879137,1.647406100295484,0.6777668073773384,5085,Marc Navarro
