group_type,position,games,goals,shots,time,xG,assists,xA,key_passes,season,team,yellow,red,npg,npxG,xGChain,xGBuildup,player_id,player_name
season,Sub,31,1,21,2354,1.210428036749363,0,1.7028822358697653,15,2025,Bournemouth,10,0,1,1.210428036749363,7.3223335556685925,4.869594149291515,12168,Alejandro Jiménez
season,Sub,1,0,0,42,0,0,0.14040954411029816,2,2025,AC Milan,1,0,0,0,0.38356098532676697,0.24315142631530762,12168,Alejandro Jiménez
season,DL,22,0,15,1285,1.2752824798226357,1,1.689367761835456,12,2024,AC Milan,6,0,0,1.2752824798226357,7.944430101662874,5.334013137966394,12168,Alejandro Jiménez
season,Sub,3,0,0,64,0,0,0.09680917859077454,1,2023,AC Milan,1,0,0,0,0.17740339040756226,0.17740339040756226,12168,Alejandro Jiménez
