group_type,position,games,goals,shots,time,xG,assists,xA,key_passes,season,team,yellow,red,npg,npxG,xGChain,xGBuildup,player_id,player_name
season,DR,33,1,17,2742,1.868973477743566,2,3.484444595873356,20,2025,Leeds,6,0,1,1.868973477743566,10.919060045853257,6.328800912946463,9205,Jayden Bogle
season,Sub,34,3,32,2817,2.6024017240852118,0,0.7326478343456984,10,2023,Sheffield United,8,0,3,2.6024017240852118,5.202804431319237,2.6289064050652087,9205,Jayden Bogle
season,Sub,16,2,17,1109,1.915019929409027,0,0.20855360105633736,4,2020,Sheffield United,2,0,2,1.915019929409027,2.668701633810997,1.3656456880271435,9205,Jayden Bogle
