group_type,position,games,goals,shots,time,xG,assists,xA,key_passes,season,team,yellow,red,npg,npxG,xGChain,xGBuildup,player_id,player_name
season,MC,31,0,16,1778,0.9379508132115006,2,2.346919506788254,36,2022,Wolverhampton Wanderers,3,0,0,0.9379508132115006,4.733368762768805,3.6467056507244706,3422,João Moutinho
season,MC,35,2,20,2987,1.1245428025722504,1,2.7696392191573977,39,2021,Wolverhampton Wanderers,4,0,2,1.1245428025722504,10.469512518495321,8.526896640658379,3422,João Moutinho
season,MC,33,1,14,2546,0.5027753990143538,1,1.6768403090536594,46,2020,Wolverhampton Wanderers,3,1,1,0.5027753990143538,7.028498159721494,6.2302312003448606,3422,João Moutinho
season,MC,38,1,22,3100,0.6877672988921404,6,6.775041971355677,76,2019,Wolverhampton Wanderers,7,0,1,0.6877672988921404,11.932693131268024,10.858657669275999,3422,João Moutinho
season,MC,38,1,18,3053,0.5053662927821279,8,6.528557356446981,84,2018,Wolverhampton Wanderers,4,0,1,0.5053662927821279,9.50427212100476,7.778367883525789,3422,João Moutinho
season,MC,33,1,23,2801,0.8857629038393497,6,5.286676175892353,55,2017,Monaco,6,0,1,0.8857629038393497,10.462751939892769,7.414040118455887,3422,João Moutinho
season,Sub,31,2,19,1768,0.7762219058349729,4,2.419774489477277,27,2016,Monaco,0,0,2,0.7762219058349729,12.427640032023191,11.201185442507267,3422,João Moutinho
season,AMC,26,1,21,2123,0.9550544777885079,2,3.985107358545065,43,2015,Monaco,3,0,1,0.9550544777885079,6.267411413602531,4.2510311007499695,3422,João Moutinho
season,AMC,37,4,47,3165,4.560935027897358,6,6.483137058094144,69,2014,Monaco,6,0,3,3.800840012729168,16.9881773814559,10.23352347780019,3422,João Moutinho
