group_type,position,games,goals,shots,time,xG,assists,xA,key_passes,season,team,yellow,red,npg,npxG,xGChain,xGBuildup,player_id,player_name
season,Sub,30,3,20,1023,3.5744741037487984,1,1.2779199946671724,17,2025,Bournemouth,2,0,3,3.5744741037487984,6.13513302244246,2.1690841764211655,8211,Amine Adli
season,Sub,20,2,19,733,2.8095271214842796,0,0.917626392096281,10,2024,Bayer Leverkusen,3,0,2,2.8095271214842796,5.38531244546175,2.3757032565772533,8211,Amine Adli
season,Sub,23,4,27,882,3.675458775833249,6,2.6393760927021503,23,2023,Bayer Leverkusen,5,0,4,3.675458775833249,8.638548348098993,3.9961099550127983,8211,Amine Adli
season,Sub,26,5,37,1446,5.577013881877065,3,1.5646598255261779,20,2022,Bayer Leverkusen,2,2,5,5.577013881877065,9.384396608918905,4.138404821977019,8211,Amine Adli
season,Sub,25,3,37,1255,4.803211346268654,2,2.1795675978064537,13,2021,Bayer Leverkusen,3,0,3,4.803211346268654,9.832424845546484,3.790403539314866,8211,Amine Adli
season,Sub,4,0,0,35,0,0,0.05544330086559057,2,2019,Toulouse,1,0,0,0,0.03160430025309324,0.016909100115299225,8211,Amine Adli
