group_type,position,games,goals,shots,time,xG,assists,xA,key_passes,season,team,yellow,red,npg,npxG,xGChain,xGBuildup,player_id,player_name
season,Sub,31,3,40,1567,3.0877593010663986,2,4.662523161619902,22,2025,Newcastle United,2,0,3,3.0877593010663986,8.108255276456475,2.566736124455929,6063,Jacob Murphy
season,FWR,35,8,43,2443,6.590988090261817,11,9.341311557218432,41,2024,Newcastle United,4,0,8,6.590988090261817,18.842034708708525,4.910585891455412,6063,Jacob Murphy
season,Sub,21,3,30,1216,2.8978680092841387,7,5.225788880139589,31,2023,Newcastle United,1,0,3,2.8978680092841387,11.551701165735722,4.93473332002759,6063,Jacob Murphy
season,Sub,36,4,29,1215,3.6970865204930305,2,2.6827865578234196,20,2022,Newcastle United,0,0,4,3.6970865204930305,10.11375443264842,4.066189099103212,6063,Jacob Murphy
season,DR,33,1,27,1418,2.588163224980235,2,2.386162133421749,20,2021,Newcastle United,4,0,1,2.588163224980235,6.965943414252251,2.7634960813447833,6063,Jacob Murphy
season,Sub,26,2,30,1611,1.490953603759408,3,3.4334884993731976,19,2020,Newcastle United,3,0,2,1.490953603759408,8.043610220775008,4.102311899885535,6063,Jacob Murphy
season,Sub,9,0,2,293,0.03307679947465658,1,0.6086339950561523,1,2018,Newcastle United,0,0,0,0.03307679947465658,0.6417107945308089,0,6063,Jacob Murphy
season,Sub,25,1,23,1147,1.6504778694361448,1,1.390768381766975,10,2017,Newcastle United,0,0,1,1.6504778694361448,4.082326270639896,1.0817434191703796,6063,Jacob Murphy
