group_type,position,games,goals,shots,time,xG,assists,xA,key_passes,season,team,yellow,red,npg,npxG,xGChain,xGBuildup,player_id,player_name
season,Sub,22,0,9,1104,0.4271783046424389,1,1.4883191110566258,16,2021,Valencia,3,0,0,0.4271783046424389,2.5123536102473736,1.4263392481952906,3428,Hélder Costa
season,Sub,1,0,1,20,0.018221000209450722,0,0,0,2021,Leeds,0,0,0,0.018221000209450722,0,0,3428,Hélder Costa
season,MR,22,3,16,1152,2.5981543734669685,3,0.628333006054163,7,2020,Leeds,0,0,3,2.5981543734669685,4.516008350998163,2.2073273733258247,3428,Hélder Costa
season,FWR,25,1,25,1345,2.6604435006156564,2,2.0111884754151106,17,2018,Wolverhampton Wanderers,3,0,1,2.6604435006156564,5.644506204873323,1.7383644795045257,3428,Hélder Costa
season,FWL,25,3,25,1296,3.048700639978051,2,2.5248525850474834,14,2015,Monaco,4,0,3,3.048700639978051,5.1304986253380775,1.2134736711159348,3428,Hélder Costa
season,Sub,6,0,2,134,0.12503620237112045,0,0.04054589942097664,2,2014,Deportivo La Coruna,0,0,0,0.12503620237112045,0.2983486969023943,0.14652450010180473,3428,Hélder Costa
