group_type,position,games,goals,shots,time,xG,assists,xA,key_passes,season,team,yellow,red,npg,npxG,xGChain,xGBuildup,player_id,player_name
season,Sub,17,0,4,1077,0.10935381054878235,1,1.0717255100607872,9,2024,Southampton,0,0,0,0.10935381054878235,3.7004061806946993,3.000851457938552,11359,James Bree
season,DR,5,0,1,373,0.014379559084773064,0,0.17823199555277824,4,2022,Southampton,1,0,0,0.014379559084773064,0.39735088124871254,0.230254914611578,11359,James Bree
