group_type,position,games,goals,shots,time,xG,assists,xA,key_passes,season,team,yellow,red,npg,npxG,xGChain,xGBuildup,player_id,player_name
season,DC,10,0,4,673,0.28383490815758705,0,0.0746380016207695,1,2016,Malaga,3,0,0,0.28383490815758705,0.8600023156031966,0.8600023156031966,623,Martín Demichelis
season,DC,2,0,0,98,0,0,0,0,2016,Espanyol,0,0,0,0,0.032098401337862015,0.032098401337862015,623,Martín Demichelis
season,Sub,20,0,5,999,0.29870820976793766,0,0.38325950130820274,4,2015,Manchester City,3,0,0,0.29870820976793766,3.0463088527321815,2.663048978894949,623,Martín Demichelis
season,DC,31,1,8,2554,0.38149650022387505,0,0.26282710395753384,5,2014,Manchester City,6,0,1,0.38149650022387505,10.527683798223734,10.460409764200449,623,Martín Demichelis
