group_type,position,games,goals,shots,time,xG,assists,xA,key_passes,season,team,yellow,red,npg,npxG,xGChain,xGBuildup,player_id,player_name
season,DR,34,0,12,3037,0.3098699990659952,2,0.35734269954264164,12,2017,Swansea,1,0,0,0.3098699990659952,4.037138158455491,3.5683264639228582,718,Kyle Naughton
season,DR,31,1,20,2722,0.5690799048170447,0,1.8282627910375595,23,2016,Swansea,5,0,1,0.5690799048170447,7.3038027454167604,5.3719260804355145,718,Kyle Naughton
season,DR,27,0,8,1750,0.2736861938610673,3,2.022213464602828,20,2015,Swansea,2,1,0,0.2736861938610673,6.259629434905946,4.39659991953522,718,Kyle Naughton
season,DR,10,0,3,860,0.0408255010843277,1,0.3703144108876586,3,2014,Swansea,1,0,0,0.0408255010843277,2.1567064402624965,2.115876722149551,718,Kyle Naughton
season,DR,5,0,0,329,0,0,0.028999999165534973,1,2014,Tottenham,0,2,0,0,0.26850879937410355,0.26850879937410355,718,Kyle Naughton
