group_type,position,games,goals,shots,time,xG,assists,xA,key_passes,season,team,yellow,red,npg,npxG,xGChain,xGBuildup,player_id,player_name
season,AML,30,3,30,1857,2.9516881722956896,4,3.9338085064664483,44,2025,Nottingham Forest,0,0,3,2.9516881722956896,11.127739728428423,5.728919830173254,6456,Callum Hudson-Odoi
season,AML,31,5,37,2221,2.5114910937845707,2,2.9465562608093023,44,2024,Nottingham Forest,2,0,5,2.5114910937845707,11.848760638386011,8.000117145478725,6456,Callum Hudson-Odoi
season,AML,29,8,38,1844,3.01959465444088,1,3.0873287972062826,36,2023,Nottingham Forest,0,0,8,3.01959465444088,12.357455093413591,6.948451370000839,6456,Callum Hudson-Odoi
season,Sub,14,0,4,610,0.16214790008962154,1,0.6222708076238632,12,2022,Bayer Leverkusen,0,0,0,0.16214790008962154,2.0590027030557394,1.4365442022681236,6456,Callum Hudson-Odoi
season,DMR,15,1,18,971,2.7757244147360325,2,2.638995425775647,25,2021,Chelsea,1,0,1,2.7757244147360325,6.930551851168275,2.432546889409423,6456,Callum Hudson-Odoi
season,Sub,23,2,23,1048,1.3696891833096743,3,3.1041410844773054,31,2020,Chelsea,0,0,2,1.3696891833096743,7.8243640046566725,5.499200417660177,6456,Callum Hudson-Odoi
season,Sub,22,1,21,816,2.015141984447837,5,2.7081676684319973,20,2019,Chelsea,1,0,1,2.015141984447837,7.247336816042662,3.8470645043998957,6456,Callum Hudson-Odoi
season,Sub,10,0,6,390,0.9915978163480759,1,1.5700714066624641,9,2018,Chelsea,0,0,0,0.9915978163480759,3.4172964617609978,1.0847020130604506,6456,Callum Hudson-Odoi
season,Sub,2,0,2,25,0.104544997215271,0,0,0,2017,Chelsea,0,0,0,0.104544997215271,0.20239299535751343,0.09784740209579468,6456,Callum Hudson-Odoi
