group_type,position,games,goals,shots,time,xG,assists,xA,key_passes,season,team,yellow,red,npg,npxG,xGChain,xGBuildup,player_id,player_name
season,AML,16,0,10,455,0.8924727980047464,2,0.978217288851738,9,2025,Chelsea,0,0,0,0.8924727980047464,2.936161085963249,1.3098940197378397,10542,Jamie Bynoe-Gittens
season,Sub,32,8,52,1803,4.5964207872748375,3,3.4763143323361874,21,2024,Borussia Dortmund,4,0,8,4.5964207872748375,12.025190606713295,5.523857708089054,10542,Jamie Bynoe-Gittens
season,Sub,25,1,42,1058,2.827054128050804,4,3.043994825333357,17,2023,Borussia Dortmund,1,0,1,2.827054128050804,8.045045936480165,3.4943683613091707,10542,Jamie Bynoe-Gittens
season,Sub,15,3,24,514,2.581368736922741,1,0.5960651729255915,2,2022,Borussia Dortmund,0,0,3,2.581368736922741,4.752277040854096,1.7946272119879723,10542,Jamie Bynoe-Gittens
season,Sub,4,0,1,128,0.11471299827098846,0,0.17316830158233643,2,2021,Borussia Dortmund,0,0,0,0.11471299827098846,0.43087340146303177,0.1429930031299591,10542,Jamie Bynoe-Gittens
