group_type,position,games,goals,shots,time,xG,assists,xA,key_passes,season,team,yellow,red,npg,npxG,xGChain,xGBuildup,player_id,player_name
season,MR,7,0,4,201,0.13856259733438492,0,0,0,2020,Brighton,0,0,0,0.13856259733438492,0.2699490040540695,0.1942277029156685,6050,Davy Pröpper
season,MC,35,1,29,2826,1.8662209268659353,2,2.9777762684971094,29,2019,Brighton,4,0,1,1.8662209268659353,11.89282389357686,8.669301722198725,6050,Davy Pröpper
season,MC,30,1,15,2554,0.950316408649087,1,1.2174459975212812,19,2018,Brighton,2,0,1,0.950316408649087,5.61499360203743,4.9498950727283955,6050,Davy Pröpper
season,MC,35,0,36,3122,1.792492805980146,4,1.4330479949712753,20,2017,Brighton,2,1,0,1.792492805980146,7.106950214132667,4.563934660516679,6050,Davy Pröpper
