group_type,position,games,goals,shots,time,xG,assists,xA,key_passes,season,team,yellow,red,npg,npxG,xGChain,xGBuildup,player_id,player_name
season,DC,23,1,14,1662,1.5100277569144964,0,1.4832177460193634,6,2025,Newcastle United,2,0,1,1.5100277569144964,5.544664250686765,5.246142581105232,8635,Sven Botman
season,DC,8,0,5,424,0.7963292263448238,0,0.6542200557887554,2,2024,Newcastle United,1,0,0,0.7963292263448238,1.063561487942934,1.063561487942934,8635,Sven Botman
season,DC,17,2,10,1383,0.9827942438423634,2,1.1396078020334244,5,2023,Newcastle United,2,0,2,0.9827942438423634,5.531088795512915,5.531088795512915,8635,Sven Botman
season,Sub,36,0,22,3141,2.445929459296167,0,0.9378497563302517,9,2022,Newcastle United,2,0,0,2.445929459296167,6.934289989992976,6.85584563575685,8635,Sven Botman
season,DC,25,3,15,2250,1.89656812697649,1,0.20679450035095215,7,2021,Lille,4,0,3,1.89656812697649,4.66733318567276,4.5413125939667225,8635,Sven Botman
season,DC,37,0,16,3311,0.8064401932060719,0,0.25204050075262785,5,2020,Lille,2,0,0,0.8064401932060719,7.073796784505248,6.944166960194707,8635,Sven Botman
