group_type,position,games,goals,shots,time,xG,assists,xA,key_passes,season,team,yellow,red,npg,npxG,xGChain,xGBuildup,player_id,player_name
season,DC,13,0,7,1011,1.0101884100586176,1,0.19648039899766445,4,2021,Newcastle United,2,1,0,1.0101884100586176,1.761743076145649,1.6704276781529188,875,Ciaran Clark
season,DC,22,1,8,1895,0.6622019987553358,0,0.14438939839601517,2,2020,Newcastle United,3,0,1,0.6622019987553358,2.8629614301025867,2.8629614301025867,875,Ciaran Clark
season,DC,14,2,6,1192,0.7519120126962662,0,0.054861798882484436,1,2019,Newcastle United,3,0,2,0.7519120126962662,2.049424583092332,2.0088459830731153,875,Ciaran Clark
season,DC,11,3,7,850,0.46525671146810055,0,0.052879698574543,2,2018,Newcastle United,1,0,3,0.46525671146810055,1.9674739316105843,1.6370069235563278,875,Ciaran Clark
season,DC,20,2,11,1744,2.1719513945281506,1,0.9510246887803078,4,2017,Newcastle United,3,0,2,2.1719513945281506,3.3952517490833998,2.942892273887992,875,Ciaran Clark
season,DC,18,1,10,1442,0.8913228996098042,0,0.6958843991160393,4,2015,Aston Villa,6,0,1,0.8913228996098042,0.7675878955051303,0.6018302924931049,875,Ciaran Clark
season,DC,25,1,16,2000,2.343070681206882,2,0.8780082985758781,6,2014,Aston Villa,8,1,1,2.343070681206882,3.1968469601124525,2.249183803796768,875,Ciaran Clark
