group_type,position,games,goals,shots,time,xG,assists,xA,key_passes,season,team,yellow,red,npg,npxG,xGChain,xGBuildup,player_id,player_name
season,MC,21,0,16,1472,0.7138744089752436,1,1.9478583820164204,23,2016,Sunderland,4,1,0,0.7138744089752436,2.19078815728426,1.4367265794426203,740,Sebastian Larsson
season,MC,18,0,7,531,0.34777030069381,1,0.7345791906118393,7,2015,Sunderland,2,0,0,0.34777030069381,1.7659752909094095,1.0161084337159991,740,Sebastian Larsson
season,MC,36,3,45,3079,2.7219163924455643,3,3.486309329047799,58,2014,Sunderland,10,0,3,2.7219163924455643,8.626348610967398,5.843435467220843,740,Sebastian Larsson
