group_type,position,games,goals,shots,time,xG,assists,xA,key_passes,season,team,yellow,red,npg,npxG,xGChain,xGBuildup,player_id,player_name
season,DR,1,0,1,90,0.014139300212264061,0,0,0,2017,Leicester,0,0,0,0.014139300212264061,0.048524800688028336,0.034385498613119125,974,Yohan Benalouane
season,DC,11,0,4,925,0.3551678005605936,0,0.06503750011324883,2,2016,Leicester,4,0,0,0.3551678005605936,0.28692060336470604,0.1651584953069687,974,Yohan Benalouane
season,Sub,4,0,0,56,0,0,0,0,2015,Leicester,1,0,0,0,0.025469999760389328,0.025469999760389328,974,Yohan Benalouane
season,DC,27,1,16,2189,0.6814719755202532,0,0.07725889980792999,2,2014,Atalanta,12,1,1,0.6814719755202532,2.2637846311554313,2.1076735323294997,974,Yohan Benalouane
