group_type,position,games,goals,shots,time,xG,assists,xA,key_passes,season,team,yellow,red,npg,npxG,xGChain,xGBuildup,player_id,player_name
season,Sub,26,0,7,686,0.3128305342979729,1,1.7376243714243174,23,2025,Real Oviedo,1,1,0,0.3128305342979729,4.519409850705415,3.917595419101417,965,Santiago Cazorla
season,DMC,35,11,49,2472,8.852406987920403,9,7.984716769307852,71,2019,Villarreal,3,0,3,2.906182263046503,20.0450070630759,13.102960212156177,965,Santiago Cazorla
season,ML,35,4,31,2651,4.290626020170748,10,7.843863552436233,72,2018,Villarreal,2,0,2,2.0607938123866916,13.49342168495059,10.591215498745441,965,Santiago Cazorla
season,Sub,8,2,8,621,1.6693916991353035,2,0.8027662038803101,10,2016,Arsenal,2,0,0,0.14705369994044304,3.2815439254045486,2.7705690264701843,965,Santiago Cazorla
season,AML,15,0,24,1297,1.8686606083065271,3,4.38658672105521,38,2015,Arsenal,2,1,0,1.1074920073151588,11.918342888355255,10.464280039072037,965,Santiago Cazorla
season,ML,37,7,93,2999,10.590725313872099,11,9.755182644352317,78,2014,Arsenal,5,0,1,6.023707624524832,24.657841611653566,16.91333621367812,965,Santiago Cazorla
