group_type,position,games,goals,shots,time,xG,assists,xA,key_passes,season,team,yellow,red,npg,npxG,xGChain,xGBuildup,player_id,player_name
season,DC,31,3,14,2750,1.8829212095588446,1,0.6507606822997332,9,2025,Eintracht Frankfurt,1,1,3,1.8829212095588446,8.133622571825981,7.517691250890493,6273,Robin Koch
season,DC,30,3,17,2595,2.037737676873803,0,0.2323272405192256,8,2024,Eintracht Frankfurt,3,0,3,2.037737676873803,12.173947259783745,11.469248436391354,6273,Robin Koch
season,DC,31,2,24,2742,3.7939876094460487,0,0.3878946341574192,5,2023,Eintracht Frankfurt,10,0,2,3.7939876094460487,10.042273595929146,8.55856654047966,6273,Robin Koch
season,DC,36,0,17,3186,1.059426173567772,0,0.27208547480404377,6,2022,Leeds,7,0,0,1.059426173567772,4.464030422270298,3.8801174629479647,6273,Robin Koch
season,MC,20,0,13,1573,1.0864260611124337,0,0.2802755981683731,5,2021,Leeds,3,0,0,1.0864260611124337,4.028054466936737,3.2361267395317554,6273,Robin Koch
season,DC,17,0,9,1124,0.5145202986896038,0,0.12580826226621866,4,2020,Leeds,1,0,0,0.5145202986896038,4.677589327096939,4.523157007992268,6273,Robin Koch
season,DC,32,1,35,2708,4.199454915709794,0,1.287268802523613,12,2019,Freiburg,3,0,1,4.199454915709794,5.81000829488039,3.903152272105217,6273,Robin Koch
season,Sub,24,1,11,1898,1.0855122916400433,0,0.4032461866736412,5,2018,Freiburg,3,0,1,1.0855122916400433,2.9095572847872972,2.7143294867128134,6273,Robin Koch
season,DC,26,2,13,1916,0.8200311101973057,1,0.8962864857167006,6,2017,Freiburg,3,0,2,0.8200311101973057,2.1993992161005735,2.105528423562646,6273,Robin Koch
