group_type,position,games,goals,shots,time,xG,assists,xA,key_passes,season,team,yellow,red,npg,npxG,xGChain,xGBuildup,player_id,player_name
season,DC,34,3,22,3034,2.7940335692837834,3,0.9983751699328423,11,2025,Brighton,9,0,3,2.7940335692837834,13.21765647828579,12.336129892617464,10807,Jan Paul van Hecke
season,DC,34,1,17,2962,1.0002109874039888,1,1.558699306100607,16,2024,Brighton,6,1,1,1.0002109874039888,14.846226522698998,13.811430538073182,10807,Jan Paul van Hecke
season,DC,28,0,15,2365,1.5838892180472612,0,0.48821631632745266,10,2023,Brighton,4,0,0,1.5838892180472612,11.12253069318831,10.831943391822278,10807,Jan Paul van Hecke
season,Sub,8,0,2,288,0.5538489818572998,0,0,0,2022,Brighton,2,0,0,0.5538489818572998,0.29887180402874947,0.27959340438246727,10807,Jan Paul van Hecke
