group_type,position,games,goals,shots,time,xG,assists,xA,key_passes,season,team,yellow,red,npg,npxG,xGChain,xGBuildup,player_id,player_name
season,Sub,13,1,11,318,1.4878704007714987,2,1.0062958588823676,9,2015,West Ham,1,0,1,1.4878704007714987,2.7488833758980036,0.4290879964828491,940,Nikica Jelavic
season,FW,26,8,57,1815,4.894789764657617,1,0.8632267005741596,17,2014,Hull,3,0,8,4.894789764657617,5.708561671897769,1.086764007806778,940,Nikica Jelavic
