group_type,position,games,goals,shots,time,xG,assists,xA,key_passes,season,team,yellow,red,npg,npxG,xGChain,xGBuildup,player_id,player_name
season,Sub,4,0,0,4,0,0,0.2036565337330103,3,2024,Brighton,0,0,0,0,0.13312120735645294,0.0772198848426342,9284,Jakub Moder
season,Sub,17,0,11,586,0.8932432122528553,0,0.7571170665323734,5,2023,Brighton,2,0,0,0.8932432122528553,2.4987766928970814,1.1246388629078865,9284,Jakub Moder
season,Sub,28,0,28,1709,3.1035482864826918,3,2.5826615393161774,16,2021,Brighton,1,0,0,3.1035482864826918,7.955996491014957,3.4272286519408226,9284,Jakub Moder
season,Sub,12,0,13,643,0.9168103076517582,0,0.20512420311570168,3,2020,Brighton,0,0,0,0.9168103076517582,1.8570118844509125,1.186261996626854,9284,Jakub Moder
