group_type,position,games,goals,shots,time,xG,assists,xA,key_passes,season,team,yellow,red,npg,npxG,xGChain,xGBuildup,player_id,player_name
season,Sub,12,0,7,722,0.1498642023652792,1,0.7618360780179501,2,2021,Burnley,1,0,0,0.1498642023652792,2.1208457928150892,1.256538325920701,887,Erik Pieters
season,Sub,20,0,4,1259,0.15116787049919367,1,0.36361539363861084,5,2020,Burnley,1,0,0,0.15116787049919367,1.9328868268057704,1.5527143124490976,887,Erik Pieters
season,DL,24,0,14,1880,0.4510196018964052,4,2.6981899132952094,18,2019,Burnley,2,0,0,0.4510196018964052,5.004479072056711,2.330094227567315,887,Erik Pieters
season,Sub,15,1,12,1261,0.9701680978760123,1,0.5891183027997613,12,2018,Amiens,2,0,1,0.9701680978760123,3.17305990960449,1.7866779631003737,887,Erik Pieters
season,DML,31,0,3,2726,0.09129739925265312,1,1.9800724918022752,14,2017,Stoke,5,0,0,0.09129739925265312,5.009238246828318,3.0785814095288515,887,Erik Pieters
season,DL,36,0,9,3151,0.7645714906975627,1,1.5609517879784107,18,2016,Stoke,4,0,0,0.7645714906975627,9.09391677705571,7.22167808143422,887,Erik Pieters
season,DL,35,0,5,3101,0.1312969047576189,1,2.1706457482650876,19,2015,Stoke,10,0,0,0.1312969047576189,9.07139937672764,8.080488102510571,887,Erik Pieters
season,DL,31,0,8,2571,0.4686110718175769,2,1.1495825964957476,17,2014,Stoke,8,0,0,0.4686110718175769,4.224028600379825,3.1595727670937777,887,Erik Pieters
