group_type,position,games,goals,shots,time,xG,assists,xA,key_passes,season,team,yellow,red,npg,npxG,xGChain,xGBuildup,player_id,player_name
season,Sub,32,0,24,2299,1.306289404630661,5,3.8157336954027414,48,2020,Dijon,5,1,0,1.306289404630661,6.1356883980333805,2.8187474999576807,1054,Bersant Celina
season,Sub,1,0,0,11,0,1,0.25564199686050415,2,2015,Manchester City,0,0,0,0,0.08173099905252457,0.08173099905252457,1054,Bersant Celina
