group_type,position,games,goals,shots,time,xG,assists,xA,key_passes,season,team,yellow,red,npg,npxG,xGChain,xGBuildup,player_id,player_name
season,Sub,28,0,12,1772,0.319299204275012,1,0.7971771331503987,12,2024,West Ham,7,1,0,0.319299204275012,4.297576429322362,3.420444831252098,11926,Edson Álvarez
season,Sub,31,1,17,2405,1.2118008164688945,1,0.5929595055058599,12,2023,West Ham,11,0,1,1.2118008164688945,6.416552271693945,5.055172272026539,11926,Edson Álvarez
