group_type,position,games,goals,shots,time,xG,assists,xA,key_passes,season,team,yellow,red,npg,npxG,xGChain,xGBuildup,player_id,player_name
season,DL,24,1,11,1637,0.8097230736166239,0,1.5601177141070366,12,2021,Greuther Fuerth,5,0,1,0.8097230736166239,3.1937208846211433,2.2164570186287165,6143,Jetro Willems
season,Sub,19,2,14,1501,0.48531039617955685,2,1.082734739407897,16,2019,Newcastle United,0,0,2,0.48531039617955685,3.265106139704585,1.9653564924374223,6143,Jetro Willems
season,DL,23,0,5,706,0.19659159798175097,1,2.1653587948530912,20,2018,Eintracht Frankfurt,2,1,0,0.19659159798175097,4.566478691995144,2.9939131336286664,6143,Jetro Willems
season,ML,23,0,21,1672,1.8805055599659681,2,2.316510636359453,37,2017,Eintracht Frankfurt,4,0,0,1.8805055599659681,6.268946662545204,4.326017740182579,6143,Jetro Willems
