group_type,position,games,goals,shots,time,xG,assists,xA,key_passes,season,team,yellow,red,npg,npxG,xGChain,xGBuildup,player_id,player_name
season,FW,15,0,5,417,0.3855976965278387,0,0.380062997341156,5,2017,Swansea,1,0,0,0.3855976965278387,1.3499411791563034,0.6720064803957939,719,Wayne Routledge
season,FWL,27,3,19,1957,3.7827996276319027,1,2.054804333485663,25,2016,Swansea,1,0,3,3.7827996276319027,6.5160643476992846,1.7848158106207848,719,Wayne Routledge
season,Sub,28,2,18,1700,2.52651600074023,1,1.7192793767899275,29,2015,Swansea,3,0,2,2.52651600074023,5.908184255473316,2.3552612997591496,719,Wayne Routledge
season,AML,29,3,31,2327,3.8581881392747164,1,2.311216900125146,28,2014,Swansea,1,1,3,3.8581881392747164,8.53514770977199,3.121097734197974,719,Wayne Routledge
