group_type,position,games,goals,shots,time,xG,assists,xA,key_passes,season,team,yellow,red,npg,npxG,xGChain,xGBuildup,player_id,player_name
season,DC,32,3,16,2744,1.84148343000561,0,0.6305756159126759,5,2025,Chelsea,3,1,3,1.84148343000561,14.679484831169248,14.547811800614,6615,Trevoh Chalobah
season,DC,12,3,11,1073,1.7686007991433144,0,0.8455903567373753,4,2024,Crystal Palace,1,0,3,1.7686007991433144,3.0016904920339584,2.4729873836040497,6615,Trevoh Chalobah
season,DC,13,0,7,910,0.7798374388366938,1,1.3063816148787737,4,2024,Chelsea,2,0,0,0.7798374388366938,3.111036829650402,3.052821956574917,6615,Trevoh Chalobah
season,Sub,13,1,2,944,0.35911528021097183,0,0.07494096830487251,2,2023,Chelsea,1,0,1,0.35911528021097183,4.417237082496285,4.417237082496285,6615,Trevoh Chalobah
season,DC,25,0,9,1598,0.7949223592877388,0,0.1997714750468731,4,2022,Chelsea,4,0,0,0.7949223592877388,7.1020578518509865,7.018729008734226,6615,Trevoh Chalobah
season,DC,20,3,9,1459,1.1775850867852569,1,0.26596400141716003,4,2021,Chelsea,2,0,3,1.1775850867852569,7.682923499494791,7.4314879067242146,6615,Trevoh Chalobah
season,Sub,29,2,14,2239,2.3505295999348164,2,0.7462743204087019,8,2020,Lorient,5,0,2,2.3505295999348164,6.2536472817882895,5.526634823530912,6615,Trevoh Chalobah
