group_type,position,games,goals,shots,time,xG,assists,xA,key_passes,season,team,yellow,red,npg,npxG,xGChain,xGBuildup,player_id,player_name
season,Sub,8,0,4,134,0.24903703294694424,0,0.03559113293886185,2,2024,Mallorca,2,0,0,0.24903703294694424,0.3664560653269291,0.10114248469471931,10327,Chiquinho
season,Sub,1,0,0,5,0,0,0.016207994893193245,1,2024,Wolverhampton Wanderers,0,0,0,0,0.06109914928674698,0.06109914928674698,10327,Chiquinho
season,Sub,8,0,5,191,0.5611130073666573,3,1.0862637870013714,5,2021,Wolverhampton Wanderers,0,0,0,0.5611130073666573,1.7611470185220242,0.1935874968767166,10327,Chiquinho
