group_type,position,games,goals,shots,time,xG,assists,xA,key_passes,season,team,yellow,red,npg,npxG,xGChain,xGBuildup,player_id,player_name
season,Sub,18,1,9,607,1.1216849964112043,0,0.9455582015216351,10,2017,Swansea,0,0,1,1.1216849964112043,2.355178203433752,1.0611374042928219,5554,Luciano Narsingh
season,Sub,13,0,2,400,0.1758510023355484,3,0.6974846012890339,7,2016,Swansea,0,0,0,0.1758510023355484,1.5234705843031406,0.7816392928361893,5554,Luciano Narsingh
