group_type,position,games,goals,shots,time,xG,assists,xA,key_passes,season,team,yellow,red,npg,npxG,xGChain,xGBuildup,player_id,player_name
season,MC,13,0,5,1140,0.1364169279113412,0,0.3258170820772648,7,2023,Luton,5,0,0,0.1364169279113412,3.025253765285015,2.7535953894257545,8040,Marvelous Nakamba
season,DMC,16,0,0,905,0,0,0.045388299971818924,2,2021,Aston Villa,5,0,0,0,1.7517936192452908,1.7517936192452908,8040,Marvelous Nakamba
season,Sub,13,0,2,757,0.033083499409258366,0,0.05933390185236931,2,2020,Aston Villa,3,0,0,0.033083499409258366,0.8930104114115238,0.8114348081871867,8040,Marvelous Nakamba
season,MC,29,0,7,1836,0.13154470175504684,0,0.5477455705404282,12,2019,Aston Villa,5,0,0,0.13154470175504684,4.796767007559538,4.29724601842463,8040,Marvelous Nakamba
