group_type,position,games,goals,shots,time,xG,assists,xA,key_passes,season,team,yellow,red,npg,npxG,xGChain,xGBuildup,player_id,player_name
season,DC,33,1,20,2899,1.696234492585063,0,0.39794129505753517,6,2021,Norwich,2,0,1,1.696234492585063,3.552236177958548,3.4605953795835376,7690,Grant Hanley
season,DC,15,0,8,1261,0.43989979662001133,0,0,0,2019,Norwich,4,0,0,0.43989979662001133,1.7992960009723902,1.7992960009723902,7690,Grant Hanley
