group_type,position,games,goals,shots,time,xG,assists,xA,key_passes,season,team,yellow,red,npg,npxG,xGChain,xGBuildup,player_id,player_name
season,DR,12,0,2,598,0.05020209960639477,1,0.38475089706480503,4,2016,Sunderland,1,0,0,0.05020209960639477,1.29962451569736,0.9656935017555952,1048,Donald Love
season,Sub,1,0,0,54,0,0,0,0,2015,Manchester United,0,0,0,0,0.022390099242329597,0.022390099242329597,1048,Donald Love
