group_type,position,games,goals,shots,time,xG,assists,xA,key_passes,season,team,yellow,red,npg,npxG,xGChain,xGBuildup,player_id,player_name
season,Sub,32,1,7,2717,0.6754733501002192,5,3.0714358370751143,27,2025,Manchester City,5,0,1,0.6754733501002192,21.433028608560562,19.617935210466385,11000,Matheus Nunes
season,Sub,26,1,9,1673,1.189816527068615,6,3.9489037338644266,23,2024,Manchester City,4,0,1,1.189816527068615,10.188475765287876,7.719313248991966,11000,Matheus Nunes
season,Sub,17,0,9,637,0.8191385120153427,2,1.4443662241101265,9,2023,Manchester City,0,0,0,0.8191385120153427,5.797309570014477,4.028275441378355,11000,Matheus Nunes
season,ML,2,0,1,180,0.10589331388473511,0,0.11348053254187107,3,2023,Wolverhampton Wanderers,0,1,0,0.10589331388473511,0.6091113686561584,0.5032180547714233,11000,Matheus Nunes
season,MC,34,1,28,2507,2.3803958501666784,1,2.0282051162794232,27,2022,Wolverhampton Wanderers,2,0,1,2.3803958501666784,6.00101482309401,2.8060512747615576,11000,Matheus Nunes
