group_type,position,games,goals,shots,time,xG,assists,xA,key_passes,season,team,yellow,red,npg,npxG,xGChain,xGBuildup,player_id,player_name
season,Sub,18,0,7,1154,1.5658284928649664,0,0.0823616674169898,3,2025,Crystal Palace,3,0,0,1.5658284928649664,3.734765158034861,3.7084906939417124,13091,Jaydee Canvot
season,MC,2,0,2,180,0.10035194456577301,0,0,0,2025,Toulouse,1,0,0,0.10035194456577301,0.1547568142414093,0.05440486967563629,13091,Jaydee Canvot
season,Sub,18,0,5,1102,0.24174315761774778,0,0.4410763494670391,4,2024,Toulouse,2,0,0,0.24174315761774778,3.721827119588852,3.361432507634163,13091,Jaydee Canvot
