group_type,position,games,goals,shots,time,xG,assists,xA,key_passes,season,team,yellow,red,npg,npxG,xGChain,xGBuildup,player_id,player_name
season,MC,32,3,17,2019,2.926058968529105,0,1.7567494381219149,16,2024,Southampton,1,0,3,2.926058968529105,6.906115759164095,3.7257509492337704,10766,Joe Ayodele-Aribo
season,FW,21,2,14,1224,2.054455615580082,0,0.9876715950667858,9,2022,Southampton,2,0,2,2.054455615580082,3.7902291137725115,0.947960801422596,10766,Joe Ayodele-Aribo
