group_type,position,games,goals,shots,time,xG,assists,xA,key_passes,season,team,yellow,red,npg,npxG,xGChain,xGBuildup,player_id,player_name
season,DMC,9,0,3,387,0.037510599941015244,0,0.11592760309576988,2,2021,Watford,3,0,0,0.037510599941015244,0.5564560107886791,0.4183493060991168,6538,Oghenekaro Etebo
season,Sub,10,1,9,578,0.800173900090158,0,0.5202502012252808,3,2019,Getafe,4,0,1,0.800173900090158,2.3601858615875244,1.1109808795154095,6538,Oghenekaro Etebo
season,MC,14,0,20,1216,0.5197472982108593,1,0.23896669782698154,7,2017,Las Palmas,3,0,0,0.5197472982108593,1.3684163615107536,0.9702565018087626,6538,Oghenekaro Etebo
