group_type,position,games,goals,shots,time,xG,assists,xA,key_passes,season,team,yellow,red,npg,npxG,xGChain,xGBuildup,player_id,player_name
season,Sub,18,0,11,1211,0.4762053117156029,0,1.4497609855607152,18,2025,Burnley,0,1,0,0.4762053117156029,3.2721965722739697,2.1940818494185805,11824,Lucas Pires
season,Sub,29,1,11,1485,0.8230944480746984,0,1.861044006422162,23,2023,Cadiz,6,0,1,0.8230944480746984,3.8035843656398356,1.9846527273766696,11824,Lucas Pires
