group_type,position,games,goals,shots,time,xG,assists,xA,key_passes,season,team,yellow,red,npg,npxG,xGChain,xGBuildup,player_id,player_name
season,Sub,32,0,9,2463,0.19824217725545168,0,0.1171861607581377,3,2025,Villarreal,4,1,0,0.19824217725545168,11.419933754950762,11.269415833055973,11383,Renato Veiga
season,DC,13,0,12,1091,0.8249842878431082,1,0.039737433195114136,2,2024,Juventus,2,0,0,0.8249842878431082,3.344063217751682,3.2855254961177707,11383,Renato Veiga
season,Sub,7,0,3,143,0.13544834405183792,0,0,0,2024,Chelsea,2,0,0,0.13544834405183792,0.8124905750155449,0.798570029437542,11383,Renato Veiga
season,DL,13,0,8,632,0.2196661764755845,0,0.1612498201429844,2,2022,Augsburg,3,0,0,0.2196661764755845,0.8151247007772326,0.7065835222601891,11383,Renato Veiga
