group_type,position,games,goals,shots,time,xG,assists,xA,key_passes,season,team,yellow,red,npg,npxG,xGChain,xGBuildup,player_id,player_name
season,DC,31,1,14,2704,1.6910450365394354,0,0.4875335106626153,9,2025,Crystal Palace,3,0,1,1.6910450365394354,7.80950731690973,7.502825566567481,8430,Chris Richards
season,DC,24,1,12,1925,1.6956392526626587,0,0.11428104154765606,2,2024,Crystal Palace,2,1,1,1.6956392526626587,4.323614971712232,4.20933392085135,8430,Chris Richards
season,DC,26,1,11,2085,0.6396042630076408,1,0.6775753749534488,6,2023,Crystal Palace,3,0,1,0.6396042630076408,5.3978734547272325,4.986880736425519,8430,Chris Richards
season,Sub,9,0,4,432,0.6922851279377937,0,0.45222198963165283,1,2022,Crystal Palace,0,0,0,0.6922851279377937,0.3347281888127327,0.3347281888127327,8430,Chris Richards
season,DC,19,1,9,1294,1.319004811346531,1,0.46228349953889847,3,2021,Hoffenheim,1,0,1,1.319004811346531,4.079617720097303,4.036979716271162,8430,Chris Richards
season,Sub,1,0,0,1,0,0,0,0,2021,Bayern Munich,0,0,0,0,0,0,8430,Chris Richards
season,DC,11,0,1,950,0.21793200075626373,1,0.295579400844872,4,2020,Hoffenheim,1,0,0,0.21793200075626373,1.617668304592371,1.5639773048460484,8430,Chris Richards
season,Sub,3,0,0,86,0,1,0.5389149785041809,3,2020,Bayern Munich,0,0,0,0,0.6168460249900818,0.1940709948539734,8430,Chris Richards
season,Sub,1,0,0,5,0,0,0,0,2019,Bayern Munich,0,0,0,0,0,0,8430,Chris Richards
