group_type,position,games,goals,shots,time,xG,assists,xA,key_passes,season,team,yellow,red,npg,npxG,xGChain,xGBuildup,player_id,player_name
season,DC,31,2,18,2721,3.1987725156359375,0,0.3212678972631693,7,2021,Wolverhampton Wanderers,6,0,2,3.1987725156359375,5.640757723711431,5.433617138303816,3491,Romain Saiss
season,DC,27,3,28,2409,3.169141403399408,0,0.6693506045266986,5,2020,Wolverhampton Wanderers,2,0,3,3.169141403399408,4.751172102987766,3.912272027693689,3491,Romain Saiss
season,Sub,33,2,23,2702,3.6698413603007793,1,1.2324705859646201,12,2019,Wolverhampton Wanderers,10,1,2,3.6698413603007793,10.521785717457533,9.557376256212592,3491,Romain Saiss
season,Sub,19,2,11,1133,1.2892464557662606,0,0.7273802049458027,4,2018,Wolverhampton Wanderers,7,0,2,1.2892464557662606,3.860409795306623,2.933738235384226,3491,Romain Saiss
season,DMC,35,2,27,3115,2.462891078554094,2,1.2092723762616515,14,2015,Angers,12,0,2,2.462891078554094,4.2028686963021755,3.326761394739151,3491,Romain Saiss
