group_type,position,games,goals,shots,time,xG,assists,xA,key_passes,season,team,yellow,red,npg,npxG,xGChain,xGBuildup,player_id,player_name
season,FW,33,1,36,2212,3.06923589669168,1,1.825184103101492,18,2022,Southampton,4,0,1,3.06923589669168,7.860458409413695,4.556406237185001,6894,Mohamed Elyounoussi
season,MR,30,4,43,2048,6.580140575766563,2,2.227864108979702,28,2021,Southampton,4,0,4,6.580140575766563,8.982657704502344,2.9428734220564365,6894,Mohamed Elyounoussi
season,Sub,16,0,20,786,2.2058671582490206,0,1.1448204163461924,15,2018,Southampton,0,0,0,2.2058671582490206,3.5312400460243225,1.0457509979605675,6894,Mohamed Elyounoussi
