group_type,position,games,goals,shots,time,xG,assists,xA,key_passes,season,team,yellow,red,npg,npxG,xGChain,xGBuildup,player_id,player_name
season,Sub,4,0,0,230,0,0,0.02232169918715954,1,2020,West Bromwich Albion,1,0,0,0,0.17831569723784924,0.1559939980506897,6822,Lee Peltier
season,DR,20,0,1,1539,0.035975899547338486,0,0.06544999778270721,2,2018,Cardiff,3,0,0,0.035975899547338486,1.6744474209845066,1.653773121535778,6822,Lee Peltier
