group_type,position,games,goals,shots,time,xG,assists,xA,key_passes,season,team,yellow,red,npg,npxG,xGChain,xGBuildup,player_id,player_name
season,Sub,20,0,14,1181,0.9763357732445002,0,0.23992899805307388,5,2018,Huddersfield,2,0,0,0.9763357732445002,1.663942502811551,0.8041862118989229,248,Elias Kachunga
season,AMR,19,1,12,1350,1.8368729976937175,1,0.6263600084930658,10,2017,Huddersfield,1,0,1,1.8368729976937175,2.367136892862618,1.1234530275687575,248,Elias Kachunga
season,Sub,10,0,4,269,0.3614153079688549,0,0,0,2015,Ingolstadt,0,0,0,0.3614153079688549,0.8472418859601021,0.48582590371370316,248,Elias Kachunga
season,FW,32,6,55,2224,7.732157791033387,1,0.6422295114025474,21,2014,Paderborn,4,0,6,7.732157791033387,8.226144224405289,2.2039115633815527,248,Elias Kachunga
