group_type,position,games,goals,shots,time,xG,assists,xA,key_passes,season,team,yellow,red,npg,npxG,xGChain,xGBuildup,player_id,player_name
season,Sub,27,1,22,1581,3.1262632329016924,1,2.0823801709339023,28,2022,Nice,3,0,1,3.1262632329016924,9.045833084732294,5.283895339816809,504,Aaron Ramsey
season,MC,3,0,0,97,0,0,0.15081000328063965,2,2021,Juventus,0,0,0,0,0.9046973958611488,0.7538869976997375,504,Aaron Ramsey
season,AMC,22,2,24,1105,4.6512732077389956,4,3.7844073846936226,31,2020,Juventus,2,0,2,4.6512732077389956,12.456481852568686,4.7835573786869645,504,Aaron Ramsey
season,MC,24,3,28,1049,2.5706996959634125,1,1.2068672142922878,20,2019,Juventus,2,0,3,2.5706996959634125,6.555631205439568,3.480691362172365,504,Aaron Ramsey
season,AMC,28,4,33,1326,3.7076626317575574,6,2.3036546036601067,25,2018,Arsenal,0,0,4,3.7076626317575574,8.951481003314257,3.683660376816988,504,Aaron Ramsey
season,Sub,24,7,56,1849,6.840765129774809,8,5.922476544976234,28,2017,Arsenal,0,0,7,6.840765129774809,19.13114408403635,11.193596303462982,504,Aaron Ramsey
season,AMC,23,1,42,1212,3.50575712043792,4,4.432390306144953,23,2016,Arsenal,3,0,1,3.50575712043792,11.132133066654205,5.294310482218862,504,Aaron Ramsey
season,DMC,31,5,69,2624,8.614322556182742,4,4.046241706237197,37,2015,Arsenal,4,0,5,8.614322556182742,23.282566286623478,14.17644389718771,504,Aaron Ramsey
season,MC,29,6,63,2013,6.636921921744943,6,5.299689516425133,47,2014,Arsenal,6,0,6,6.636921921744943,16.720761343836784,8.166224587708712,504,Aaron Ramsey
