group_type,position,games,goals,shots,time,xG,assists,xA,key_passes,season,team,yellow,red,npg,npxG,xGChain,xGBuildup,player_id,player_name
season,Sub,31,5,48,1840,5.927633602172136,2,3.2093243608251214,25,2025,Torino,0,0,5,5.927633602172136,11.709310034289956,3.8528790585696697,7700,Che Adams
season,Sub,36,9,64,2650,9.513159267604351,3,2.1832971647381783,26,2024,Torino,2,0,9,8.751860439777374,12.417382868006825,3.57548772636801,7700,Che Adams
season,FW,28,5,47,2019,7.306276918388903,3,2.7257514875382185,24,2022,Southampton,1,0,5,7.306276918388903,11.955216951668262,4.128748474642634,7700,Che Adams
season,FW,30,7,49,2039,8.289287440478802,3,2.845940789207816,25,2021,Southampton,0,0,7,8.289287440478802,10.300948925316334,1.4006276857107878,7700,Che Adams
season,FW,36,9,55,2685,12.118733704090118,5,5.227753119543195,37,2020,Southampton,1,0,9,12.118733704090118,14.486906673759222,2.744625011458993,7700,Che Adams
season,FW,30,4,36,1096,5.865680541843176,2,1.988808723166585,13,2019,Southampton,0,0,4,5.865680541843176,7.280021192505956,1.2057215981185436,7700,Che Adams
