group_type,position,games,goals,shots,time,xG,assists,xA,key_passes,season,team,yellow,red,npg,npxG,xGChain,xGBuildup,player_id,player_name
season,Sub,13,0,7,949,0.33667536824941635,0,0.5853789737448096,4,2025,Lille,3,0,0,0.33667536824941635,4.433986961841583,4.335267826914787,849,Chancel Mbemba
season,DC,25,2,19,2213,1.8016112111508846,2,0.9920555800199509,7,2023,Marseille,1,0,2,1.8016112111508846,8.687920725438744,8.569199843797833,849,Chancel Mbemba
season,DC,36,5,27,2850,3.730300398543477,0,0.6017956919968128,6,2022,Marseille,2,0,5,3.730300398543477,11.160157611593604,10.150980548933148,849,Chancel Mbemba
season,Sub,9,0,0,673,0,0,0.6038043815642595,4,2017,Newcastle United,0,0,0,0,1.096686489880085,0.9644999951124191,849,Chancel Mbemba
season,DC,33,0,12,2923,0.7767010671086609,0,0.2683054096996784,4,2015,Newcastle United,5,0,0,0.7767010671086609,4.485577578656375,4.202229606918991,849,Chancel Mbemba
