group_type,position,games,goals,shots,time,xG,assists,xA,key_passes,season,team,yellow,red,npg,npxG,xGChain,xGBuildup,player_id,player_name
season,DL,2,0,0,126,0,0,0.14172199368476868,2,2019,Bournemouth,0,0,0,0,0.49434399604797363,0.4184969961643219,459,Charlie Daniels
season,DL,21,1,12,1587,0.6230829888954759,0,0.4582164054736495,11,2018,Bournemouth,4,0,1,0.6230829888954759,5.916822295635939,5.410698838531971,459,Charlie Daniels
season,DL,35,1,20,3012,0.5691780680790544,3,2.4838927080854774,30,2017,Bournemouth,0,0,1,0.5691780680790544,5.587671730667353,4.4223194103688,459,Charlie Daniels
season,DL,34,4,19,3060,1.6076873922720551,3,2.1656230110675097,29,2016,Bournemouth,1,0,4,1.6076873922720551,9.365667060017586,7.032921178266406,459,Charlie Daniels
season,DL,37,3,20,3288,2.930394820868969,5,2.489581812173128,37,2015,Bournemouth,2,0,1,1.408056490123272,7.959776259958744,5.750342682003975,459,Charlie Daniels
