group_type,position,games,goals,shots,time,xG,assists,xA,key_passes,season,team,yellow,red,npg,npxG,xGChain,xGBuildup,player_id,player_name
season,DC,1,0,0,90,0,0,0,0,2022,Elche,0,0,0,0,0,0,708,Federico Fernández
season,DC,7,0,6,523,0.3371326047927141,0,0.2842389941215515,1,2021,Newcastle United,0,0,0,0.3371326047927141,0.5562516041100025,0.27201230078935623,708,Federico Fernández
season,DC,24,0,4,2090,0.19384320173412561,0,0.5685489978641272,7,2020,Newcastle United,4,0,0,0.19384320173412561,3.3054693043231964,3.2190255261957645,708,Federico Fernández
season,Sub,32,2,15,2610,1.781358391046524,2,1.4652108028531075,4,2019,Newcastle United,8,0,2,1.781358391046524,4.351394359022379,3.7974874936044216,708,Federico Fernández
season,DC,19,0,4,1486,0.08289749920368195,1,0.4301623059436679,5,2018,Newcastle United,2,0,0,0.08289749920368195,2.922757290303707,2.6451697051525116,708,Federico Fernández
season,DC,30,1,8,2678,1.0560476016253233,1,0.7558943126350641,6,2017,Swansea,5,0,1,1.0560476016253233,2.6410146029666066,2.0668775876984,708,Federico Fernández
season,DC,27,0,15,2430,1.6510254181921482,2,0.796491514891386,3,2016,Swansea,7,0,0,1.6510254181921482,3.9389299750328064,3.7999159693717957,708,Federico Fernández
season,DC,32,1,17,2880,1.670275891199708,1,0.38642445020377636,8,2015,Swansea,3,0,1,1.670275891199708,5.869625451043248,5.686014052480459,708,Federico Fernández
season,Sub,28,0,13,2472,0.5938718896359205,0,0.0922016017138958,3,2014,Swansea,0,0,0,0.5938718896359205,3.7380386600270867,3.619105172343552,708,Federico Fernández
