group_type,position,games,goals,shots,time,xG,assists,xA,key_passes,season,team,yellow,red,npg,npxG,xGChain,xGBuildup,player_id,player_name
season,Sub,20,0,1,1244,0.019212599843740463,0,0.7427316242828965,8,2015,Newcastle United,5,0,0,0.019212599843740463,2.947970049455762,2.685065032914281,854,Cheick Tioté
season,Sub,11,0,10,899,0.1609902996569872,2,0.5410728976130486,8,2014,Newcastle United,5,0,0,0.1609902996569872,3.026809599250555,2.4337085746228695,854,Cheick Tioté
