group_type,position,games,goals,shots,time,xG,assists,xA,key_passes,season,team,yellow,red,npg,npxG,xGChain,xGBuildup,player_id,player_name
season,DL,17,0,3,1323,0.15228571370244026,1,0.6162818782031536,10,2025,Newcastle United,1,0,0,0.15228571370244026,6.227930787950754,5.61184873059392,9512,Valentino Livramento
season,DR,37,0,6,2848,0.3249886427074671,1,3.147453512996435,25,2024,Newcastle United,1,0,0,0.3249886427074671,13.396901009604335,10.808134069666266,9512,Valentino Livramento
season,Sub,26,1,4,1275,0.961045878008008,0,1.0808788742870092,12,2023,Newcastle United,1,0,1,0.961045878008008,6.6416795793920755,5.265429927036166,9512,Valentino Livramento
season,Sub,2,0,0,19,0,0,0,0,2022,Southampton,0,0,0,0,0,0,9512,Valentino Livramento
season,DR,28,1,12,2202,1.1455561704933643,1,2.9600232373923063,20,2021,Southampton,2,0,1,1.1455561704933643,7.637431217357516,4.881157960742712,9512,Valentino Livramento
