group_type,position,games,goals,shots,time,xG,assists,xA,key_passes,season,team,yellow,red,npg,npxG,xGChain,xGBuildup,player_id,player_name
season,GK,20,0,0,1797,0,0,0,0,2019,Aston Villa,0,0,0,0,2.095073110423982,2.095073110423982,1651,Tom Heaton
season,GK,19,0,1,1710,0.058809999376535416,0,0.041520699858665466,2,2018,Burnley,3,0,0,0.058809999376535416,0.698526605963707,0.6648065894842148,1651,Tom Heaton
season,GK,4,0,0,305,0,0,0,0,2017,Burnley,0,0,0,0,0.2742437981069088,0.2742437981069088,1651,Tom Heaton
season,GK,35,0,0,3150,0,0,0.13962899893522263,3,2016,Burnley,1,0,0,0,0.7979688933119178,0.7430295934900641,1651,Tom Heaton
season,GK,38,0,0,3420,0,0,0.07019650004804134,2,2014,Burnley,1,0,0,0,1.310417240485549,1.2402207404375076,1651,Tom Heaton
