group_type,position,games,goals,shots,time,xG,assists,xA,key_passes,season,team,yellow,red,npg,npxG,xGChain,xGBuildup,player_id,player_name
season,MC,6,0,6,382,0.6146683916449547,0,0.8430846873670816,5,2018,Huddersfield,1,0,0,0.6146683916449547,1.364948034286499,0.31283061392605305,514,Jason Puncheon
season,Sub,5,0,0,7,0,0,0,0,2018,Crystal Palace,0,0,0,0,0,0,514,Jason Puncheon
season,MC,10,0,10,560,1.378137692809105,0,0.43081729486584663,5,2017,Crystal Palace,5,0,0,1.378137692809105,2.2230249792337418,0.7845398038625717,514,Jason Puncheon
season,DMC,36,0,45,3099,1.7941933497786522,5,5.027023102156818,60,2016,Crystal Palace,9,0,0,1.7941933497786522,6.893292895518243,4.80950806196779,514,Jason Puncheon
season,ML,31,2,54,2647,3.8735057078301907,3,4.142699588090181,59,2015,Crystal Palace,3,0,2,3.8735057078301907,10.056628016754985,5.015376521274447,514,Jason Puncheon
season,MR,37,6,65,2823,2.794277905486524,7,5.305931127630174,65,2014,Crystal Palace,7,1,6,2.794277905486524,8.85564645100385,4.6230769054964185,514,Jason Puncheon
