group_type,position,games,goals,shots,time,xG,assists,xA,key_passes,season,team,yellow,red,npg,npxG,xGChain,xGBuildup,player_id,player_name
season,DC,18,0,5,1423,0.9501397321000695,0,0.15858490392565727,6,2025,Wolverhampton Wanderers,2,1,0,0.9501397321000695,2.2318925885483623,2.04580488614738,10293,Toti
season,DC,31,0,7,2622,0.9773350562900305,1,0.9932401478290558,9,2024,Wolverhampton Wanderers,7,0,0,0.9773350562900305,7.0250079073011875,6.87811416387558,10293,Toti
season,Sub,35,1,10,2789,1.6792987622320652,3,1.210701234638691,6,2023,Wolverhampton Wanderers,7,0,1,1.6792987622320652,5.863689404912293,5.540323508903384,10293,Toti
season,DC,17,1,5,973,0.23565197456628084,0,0.18459822237491608,4,2022,Wolverhampton Wanderers,6,0,1,0.23565197456628084,0.9124105321243405,0.8092133747413754,10293,Toti
season,DC,4,0,1,360,0.036618199199438095,0,0,0,2021,Wolverhampton Wanderers,1,0,0,0.036618199199438095,0.29255499690771103,0.29255499690771103,10293,Toti
