group_type,position,games,goals,shots,time,xG,assists,xA,key_passes,season,team,yellow,red,npg,npxG,xGChain,xGBuildup,player_id,player_name
season,Sub,4,0,1,13,0.1310960054397583,0,0,0,2018,Bournemouth,0,0,0,0.1310960054397583,0.1310960054397583,0,735,Jermain Defoe
season,Sub,24,4,27,1074,4.541552532464266,1,1.0175689067691565,13,2017,Bournemouth,1,0,4,4.541552532464266,4.455104967579246,0.24525019526481628,735,Jermain Defoe
season,FW,37,15,99,3324,13.647576574236155,2,1.3696143869310617,20,2016,Sunderland,1,0,10,9.841728202998638,11.509979609400034,2.290653853677213,735,Jermain Defoe
season,FW,33,15,85,2558,11.712620459496975,1,1.1022664522752166,22,2015,Sunderland,3,0,14,10.951450489461422,12.263893619179726,1.3269580826163292,735,Jermain Defoe
season,FW,17,4,34,1468,4.020906526595354,0,1.2605447256937623,13,2014,Sunderland,1,0,4,4.020906526595354,7.368550059385598,2.511991562321782,735,Jermain Defoe
