group_type,position,games,goals,shots,time,xG,assists,xA,key_passes,season,team,yellow,red,npg,npxG,xGChain,xGBuildup,player_id,player_name
season,Sub,26,0,10,1723,1.053914662450552,1,0.9042857214808464,5,2025,Brentford,4,0,0,1.053914662450552,5.491811184212565,3.8735721353441477,9677,Kristoffer Ajer
season,DL,24,0,9,1450,1.142456667497754,0,1.4724152060225606,9,2024,Brentford,5,0,0,1.142456667497754,4.822844059206545,2.9706503534689546,9677,Kristoffer Ajer
season,DC,28,2,12,1845,1.4675675723701715,1,2.600812576711178,12,2023,Brentford,5,0,2,1.4675675723701715,5.710211778059602,3.668103391304612,9677,Kristoffer Ajer
season,DC,9,0,1,781,0.023081500083208084,0,0.016511399298906326,1,2022,Brentford,0,0,0,0.023081500083208084,1.5337861999869347,1.5337861999869347,9677,Kristoffer Ajer
season,DC,24,1,7,2012,1.0655757747590542,3,2.2111876308918,8,2021,Brentford,5,0,1,1.0655757747590542,5.553348563611507,3.8359059505164623,9677,Kristoffer Ajer
