group_type,position,games,goals,shots,time,xG,assists,xA,key_passes,season,team,yellow,red,npg,npxG,xGChain,xGBuildup,player_id,player_name
season,MC,10,1,6,164,1.9009495750069618,0,0.1413416489958763,3,2024,Napoli,1,0,1,1.9009495750069618,1.9609037414193153,0.6691972948610783,6034,Philip Billing
season,Sub,10,0,5,152,0.3570811375975609,0,1.401890940964222,8,2024,Bournemouth,1,0,0,0.3570811375975609,1.9741406198590994,0.9171814527362585,6034,Philip Billing
season,DMC,29,2,30,1359,2.870723254047334,2,3.7171403001993895,23,2023,Bournemouth,3,1,2,2.870723254047334,7.183791579678655,2.8327820003032684,6034,Philip Billing
season,MC,36,7,38,2822,4.894198485650122,1,3.457261343486607,27,2022,Bournemouth,5,0,7,4.894198485650122,9.995119906961918,3.561682090163231,6034,Philip Billing
season,MC,34,1,33,2542,2.2746941074728966,1,1.43443089351058,15,2019,Bournemouth,8,0,1,2.2746941074728966,6.998952125199139,5.092860587872565,6034,Philip Billing
season,MC,27,2,42,2199,1.6647705221548676,0,1.8249883875250816,22,2018,Huddersfield,7,0,2,1.6647705221548676,5.94055647496134,3.6992531660944223,6034,Philip Billing
season,DMC,16,0,7,755,0.12302299961447716,0,0.5159220099449158,2,2017,Huddersfield,3,0,0,0.12302299961447716,1.3330966038629413,1.193539086729288,6034,Philip Billing
