group_type,position,games,goals,shots,time,xG,assists,xA,key_passes,season,team,yellow,red,npg,npxG,xGChain,xGBuildup,player_id,player_name
season,Sub,17,0,11,326,0.45077959541231394,1,0.1964062564074993,4,2024,Valencia,3,0,0,0.45077959541231394,0.7551172645762563,0.2356214402243495,1078,Sergi Canos
season,Sub,27,1,43,1245,3.1207109168171883,2,2.454174777492881,12,2023,Valencia,1,0,1,3.1207109168171883,6.818596877157688,2.015315644443035,1078,Sergi Canos
season,Sub,5,0,1,55,0.05990799888968468,0,0.017622999846935272,1,2022,Brentford,0,0,0,0.05990799888968468,0.07753099873661995,0,1078,Sergi Canos
season,DMR,31,3,33,2128,3.4899188801646233,2,2.1664950996637344,17,2021,Brentford,6,1,3,3.4899188801646233,6.9550468772649765,2.181806704029441,1078,Sergi Canos
season,Sub,1,0,0,7,0,0,0,0,2015,Liverpool,0,0,0,0,0,0,1078,Sergi Canos
