group_type,position,games,goals,shots,time,xG,assists,xA,key_passes,season,team,yellow,red,npg,npxG,xGChain,xGBuildup,player_id,player_name
season,AMR,32,3,41,2279,4.752463513985276,4,5.690702870488167,42,2025,Brighton,3,0,3,4.752463513985276,15.70837820880115,8.021752515807748,12759,Yankuba Minteh
season,AMR,32,6,34,1832,5.669837724417448,4,4.871835011057556,28,2024,Brighton,6,0,6,5.669837724417448,14.345422247424722,4.895437384024262,12759,Yankuba Minteh
