group_type,position,games,goals,shots,time,xG,assists,xA,key_passes,season,team,yellow,red,npg,npxG,xGChain,xGBuildup,player_id,player_name
season,FW,36,8,76,3236,8.007644895464182,10,7.569885296747088,42,2025,West Ham,4,0,7,7.246476050466299,13.546466521918774,3.646068850532174,1776,Jarrod Bowen
season,MR,34,13,87,2993,9.816103929653764,8,7.633318647742271,50,2024,West Ham,1,0,12,9.054935092106462,15.45670910179615,3.2645750464871526,1776,Jarrod Bowen
season,AMR,34,16,85,3026,13.498636420816183,6,6.437707958742976,32,2023,West Ham,2,0,16,13.498636420816183,17.76942592486739,2.457054629921913,1776,Jarrod Bowen
season,AMR,38,6,75,3245,10.004229810088873,5,6.90739019960165,48,2022,West Ham,2,0,5,8.48189047165215,15.171011984348297,3.6215272583067417,1776,Jarrod Bowen
season,AMR,36,12,80,3003,12.92943012341857,10,5.819746069610119,41,2021,West Ham,6,0,12,12.92943012341857,21.70068991370499,6.549722044728696,1776,Jarrod Bowen
season,AMR,38,8,55,2599,7.988896971568465,5,5.229475359432399,29,2020,West Ham,0,0,8,7.988896971568465,14.171945477835834,3.0969946375116706,1776,Jarrod Bowen
season,Sub,13,1,24,935,2.3164746090769768,4,2.61239730194211,15,2019,West Ham,0,0,1,2.3164746090769768,5.648858577013016,2.02986803650856,1776,Jarrod Bowen
season,AMC,7,0,3,168,0.3194136917591095,0,0,0,2016,Hull,0,0,0,0.3194136917591095,0.4158182144165039,0.0964042991399765,1776,Jarrod Bowen
