group_type,position,games,goals,shots,time,xG,assists,xA,key_passes,season,team,yellow,red,npg,npxG,xGChain,xGBuildup,player_id,player_name
season,AML,12,1,13,221,1.7229826282709837,1,1.762933598831296,8,2024,Bournemouth,0,0,1,1.7229826282709837,2.894174002110958,0.5542034497484565,10866,Luis Sinisterra
season,Sub,20,2,27,670,2.296443399041891,2,2.3218660429120064,19,2023,Bournemouth,0,0,2,2.296443399041891,4.859211741015315,2.420190142467618,10866,Luis Sinisterra
season,Sub,19,5,28,891,3.3617069628089666,0,0.38904310017824173,9,2022,Leeds,1,1,5,3.3617069628089666,5.349757798016071,2.453906362876296,10866,Luis Sinisterra
