group_type,position,games,goals,shots,time,xG,assists,xA,key_passes,season,team,yellow,red,npg,npxG,xGChain,xGBuildup,player_id,player_name
season,DMC,36,1,16,2589,1.3752933973446488,2,1.2573875626549125,14,2025,Brentford,7,0,1,1.3752933973446488,9.143594267778099,7.77487238869071,11772,Yehor Yarmolyuk
season,Sub,31,0,9,1416,0.7878594100475311,0,1.025589969009161,9,2024,Brentford,6,0,0,0.7878594100475311,5.0115865878760815,4.2129704765975475,11772,Yehor Yarmolyuk
season,Sub,27,0,11,619,1.0328057277947664,0,0.08315489068627357,3,2023,Brentford,2,0,0,1.0328057277947664,3.1682952363044024,2.1086901389062405,11772,Yehor Yarmolyuk
