group_type,position,games,goals,shots,time,xG,assists,xA,key_passes,season,team,yellow,red,npg,npxG,xGChain,xGBuildup,player_id,player_name
season,Sub,8,1,1,589,0.08249639719724655,0,0,0,2018,Brighton,2,0,1,0.08249639719724655,0.7314175926148891,0.7314175926148891,394,Leon Balogun
season,DC,14,0,2,1176,0.03986591938883066,0,0.012081700377166271,1,2017,Mainz 05,4,1,0,0.03986591938883066,1.0577761139720678,1.051182309165597,394,Leon Balogun
season,DC,17,0,3,1020,0.17685730010271072,0,0.05609169974923134,2,2016,Mainz 05,3,0,0,0.17685730010271072,1.1976792104542255,1.16222520545125,394,Leon Balogun
season,Sub,21,1,12,1512,0.5586606464348733,0,0.642522893846035,6,2015,Mainz 05,4,0,1,0.5586606464348733,4.9331435933709145,4.501880563795567,394,Leon Balogun
