group_type,position,games,goals,shots,time,xG,assists,xA,key_passes,season,team,yellow,red,npg,npxG,xGChain,xGBuildup,player_id,player_name
season,GK,1,0,0,90,0,0,0,0,2025,Crystal Palace,0,0,0,0,0,0,5652,Walter Benítez
season,GK,37,0,0,3330,0,0,0,0,2021,Nice,2,0,0,0,2.350246526300907,2.350246526300907,5652,Walter Benítez
season,GK,38,0,0,3420,0,0,0,0,2020,Nice,3,0,0,0,4.964003559201956,4.964003559201956,5652,Walter Benítez
season,GK,26,0,0,2340,0,0,0,0,2019,Nice,0,0,0,0,4.423767092637718,4.423767092637718,5652,Walter Benítez
season,GK,35,0,0,3150,0,0,0,0,2018,Nice,1,0,0,0,4.568120427429676,4.568120427429676,5652,Walter Benítez
season,GK,28,0,0,2520,0,0,0,0,2017,Nice,3,0,0,0,3.076282705180347,3.076282705180347,5652,Walter Benítez
season,Sub,3,0,0,212,0,0,0,0,2016,Nice,0,0,0,0,0.3570865988731384,0.3570865988731384,5652,Walter Benítez
