group_type,position,games,goals,shots,time,xG,assists,xA,key_passes,season,team,yellow,red,npg,npxG,xGChain,xGBuildup,player_id,player_name
season,AML,34,7,83,2591,8.941126476973295,5,6.3657439183443785,50,2025,Liverpool,3,0,7,8.941126476973295,17.014311011880636,5.07487335242331,11296,Cody Gakpo
season,Sub,35,10,57,1970,8.601265830919147,4,6.257204940542579,38,2024,Liverpool,5,0,10,8.601265830919147,22.09034220688045,8.677158913575113,11296,Cody Gakpo
season,MC,35,8,66,1640,8.769219513982534,5,4.2288118079304695,25,2023,Liverpool,1,0,8,8.769219513982534,17.55027423426509,6.47403072565794,11296,Cody Gakpo
season,FW,21,7,39,1483,6.5545395612716675,2,2.981710772961378,23,2022,Liverpool,0,0,7,6.5545395612716675,12.117870450019836,4.4253273122012615,11296,Cody Gakpo
