group_type,position,games,goals,shots,time,xG,assists,xA,key_passes,season,team,yellow,red,npg,npxG,xGChain,xGBuildup,player_id,player_name
season,MC,24,0,7,1155,0.8447289383038878,1,2.0110023748129606,20,2024,Holstein Kiel,1,1,0,0.8447289383038878,6.485551903955638,5.228207517415285,169,Lewis Holtby
season,Sub,16,6,22,1199,3.401725602336228,0,0.8449741080403328,14,2017,Hamburger SV,1,0,6,3.401725602336228,5.634720783680677,2.0616860948503017,169,Lewis Holtby
season,DMC,29,1,28,2421,1.8933923784643412,6,4.152202534489334,33,2016,Hamburger SV,4,1,1,1.8933923784643412,10.372501622885466,5.324926326051354,169,Lewis Holtby
season,MC,34,3,32,2916,2.8854949083179235,2,4.145373215898871,44,2015,Hamburger SV,4,0,3,2.8854949083179235,9.24617626145482,5.606674512848258,169,Lewis Holtby
season,DMC,22,0,21,1585,0.9473642958328128,2,2.323578323237598,24,2014,Hamburger SV,5,0,0,0.9473642958328128,5.614886864088476,3.66224358137697,169,Lewis Holtby
season,Sub,1,0,1,28,0.04579009860754013,0,0,0,2014,Tottenham,0,0,0,0.04579009860754013,0.7009310126304626,0.6551409959793091,169,Lewis Holtby
