group_type,position,games,goals,shots,time,xG,assists,xA,key_passes,season,team,yellow,red,npg,npxG,xGChain,xGBuildup,player_id,player_name
season,Sub,33,4,28,2229,1.8306225752457976,2,1.8270882591605186,34,2023,Burnley,4,1,4,1.8306225752457976,6.495785586535931,4.306291623972356,8323,Josh Brownhill
season,Sub,35,2,29,2953,1.2014812054112554,3,2.353918094187975,40,2021,Burnley,10,0,2,1.2014812054112554,5.99081162083894,4.411198206245899,8323,Josh Brownhill
season,MC,33,0,34,2818,1.5182226011529565,1,0.8824938023462892,19,2020,Burnley,2,0,0,1.5182226011529565,5.996075024828315,4.790277905762196,8323,Josh Brownhill
season,Sub,10,0,6,808,0.318044301122427,0,0.12225660309195518,3,2019,Burnley,2,0,0,0.318044301122427,2.098622285760939,1.8908498296514153,8323,Josh Brownhill
