group_type,position,games,goals,shots,time,xG,assists,xA,key_passes,season,team,yellow,red,npg,npxG,xGChain,xGBuildup,player_id,player_name
season,Sub,24,1,16,822,2.5165178887546062,1,0.6097559537738562,5,2025,Burnley,0,0,1,2.5165178887546062,2.6858433932065964,1.0258077569305897,8384,Armando Broja
season,Sub,10,0,4,314,0.10446199029684067,0,0.17477769032120705,4,2024,Everton,1,0,0,0.10446199029684067,0.7260864749550819,0.45814821776002645,8384,Armando Broja
season,Sub,13,1,13,448,2.4893455486744642,0,0.13792585209012032,3,2023,Chelsea,0,0,1,2.4893455486744642,3.597324600443244,1.0137090012431145,8384,Armando Broja
season,Sub,8,0,0,52,0,1,0.6014708280563354,1,2023,Fulham,0,0,0,0,0.6361501812934875,0.6361501812934875,8384,Armando Broja
season,Sub,12,1,6,266,0.8572464846074581,0,0.08667439967393875,1,2022,Chelsea,0,0,1,0.8572464846074581,0.8978355824947357,0,8384,Armando Broja
season,Sub,32,6,45,1986,5.893730046227574,0,1.4606569707393646,10,2021,Southampton,2,0,6,5.893730046227574,8.278900971636176,2.0138738844543695,8384,Armando Broja
season,Sub,1,0,0,4,0,0,0,0,2019,Chelsea,0,0,0,0,0.020872799679636955,0.020872799679636955,8384,Armando Broja
