group_type,position,games,goals,shots,time,xG,assists,xA,key_passes,season,team,yellow,red,npg,npxG,xGChain,xGBuildup,player_id,player_name
season,Sub,6,0,0,288,0,0,0.025306399911642075,1,2018,Leicester,0,0,0,0,0.3342661075294018,0.30895962845534086,746,Danny Simpson
season,DR,28,0,3,2325,0.13286089897155762,0,0.1542365960776806,5,2017,Leicester,4,0,0,0.13286089897155762,3.445119297131896,3.1924013011157513,746,Danny Simpson
season,DR,35,0,2,2994,0.10695300437510014,2,0.8389066997915506,11,2016,Leicester,12,0,0,0.10695300437510014,4.835922872647643,4.295953072607517,746,Danny Simpson
season,DR,30,0,7,2620,0.7629526928067207,0,0.34914609231054783,6,2015,Leicester,3,1,0,0.7629526928067207,4.6956237107515335,3.740172613412142,746,Danny Simpson
season,Sub,14,0,2,1186,0.04405909962952137,0,0.4562433883547783,4,2014,Leicester,4,0,0,0.04405909962952137,0.9332379922270775,0.8350171931087971,746,Danny Simpson
season,DMR,1,0,0,71,0,0,0.013217899948358536,1,2014,Queens Park Rangers,0,0,0,0,0.032656099647283554,0.032656099647283554,746,Danny Simpson
