group_type,position,games,goals,shots,time,xG,assists,xA,key_passes,season,team,yellow,red,npg,npxG,xGChain,xGBuildup,player_id,player_name
season,Sub,22,1,17,330,2.7179346177726984,0,0.47535512410104275,4,2023,Rayo Vallecano,3,0,0,1.9746569897979498,1.6436348035931587,0.18408090434968472,696,Falcao
season,Sub,27,2,21,557,3.3304264014586806,0,0.10647049359977245,3,2022,Rayo Vallecano,4,0,1,2.5871483450755477,2.564963976852596,0.9134693592786789,696,Falcao
season,Sub,22,6,34,812,5.830461908131838,0,0.5145781049504876,6,2021,Rayo Vallecano,1,0,6,5.830461908131838,5.467607350088656,0.6519907955080271,696,Falcao
season,Sub,33,15,94,2570,15.046608971897513,2,2.0081374887377024,18,2018,Monaco,10,0,12,12.006235005799681,14.69210039684549,3.706950582563877,696,Falcao
season,FW,26,18,70,2148,15.285138526000082,4,2.0114439241588116,16,2017,Monaco,1,0,15,12.244761834852397,12.214859701693058,2.885861137881875,696,Falcao
season,Sub,29,21,80,1969,14.863331604748964,5,2.8996158242225647,23,2016,Monaco,2,0,17,11.822962630540133,15.487091083079576,3.574448049068451,696,Falcao
season,Sub,10,1,11,208,0.7739494126290083,0,0.09176900424063206,2,2015,Chelsea,1,0,1,0.7739494126290083,0.8805264085531235,0.19261359423398972,696,Falcao
season,Sub,26,4,38,1278,7.156317615881562,4,1.894074559211731,18,2014,Manchester United,2,0,4,7.156317615881562,9.530356481671333,2.6327808806672692,696,Falcao
season,Sub,3,2,4,127,1.2522462904453278,0,0,0,2014,Monaco,0,0,1,0.49215129017829895,0.6402253210544586,0.14807400107383728,696,Falcao
