group_type,position,games,goals,shots,time,xG,assists,xA,key_passes,season,team,yellow,red,npg,npxG,xGChain,xGBuildup,player_id,player_name
season,DC,20,2,15,1800,2.596217369660735,2,1.7415820085443556,9,2025,Crystal Palace,4,0,2,2.596217369660735,8.490778326056898,6.364178701303899,7603,Marc Guehi
season,DC,13,1,15,1170,1.9566527884453535,1,0.9850102700293064,9,2025,Manchester City,2,0,1,1.9566527884453535,7.979678999632597,7.938332688063383,7603,Marc Guehi
season,DC,34,3,15,3060,2.9608455933630466,2,2.1349100805819035,16,2024,Crystal Palace,7,1,3,2.9608455933630466,8.626218263059855,7.739544311538339,7603,Marc Guehi
season,DC,25,0,5,2021,0.4888940155506134,1,0.962568361312151,7,2023,Crystal Palace,2,0,0,0.4888940155506134,6.667929092422128,6.454947093501687,7603,Marc Guehi
season,DC,37,1,14,3330,1.6622220277786255,0,0.6576718036085367,10,2022,Crystal Palace,8,0,1,1.6622220277786255,4.7370849046856165,4.268240002915263,7603,Marc Guehi
season,DC,36,2,19,3227,2.491802053526044,1,1.2006488796323538,6,2021,Crystal Palace,4,0,2,2.491802053526044,7.82427760027349,7.775645872578025,7603,Marc Guehi
