group_type,position,games,goals,shots,time,xG,assists,xA,key_passes,season,team,yellow,red,npg,npxG,xGChain,xGBuildup,player_id,player_name
season,Sub,3,0,2,157,0.05421239882707596,0,0,0,2017,Brighton,0,0,0,0.05421239882707596,0.5664092041552067,0.539934191852808,4462,Liam Rosenior
season,Sub,13,0,4,568,0.06972681917250156,1,0.8106440007686615,3,2014,Hull,0,0,0,0.06972681917250156,1.292232820764184,0.5257345894351602,4462,Liam Rosenior
