group_type,position,games,goals,shots,time,xG,assists,xA,key_passes,season,team,yellow,red,npg,npxG,xGChain,xGBuildup,player_id,player_name
season,AML,10,0,7,328,0.3959855027496815,0,0.16766449809074402,5,2017,Mainz 05,1,0,0,0.3959855027496815,0.9716372862458229,0.5736391097307205,1713,Viktor Fischer
season,Sub,13,0,12,434,0.8227257113903761,3,1.5478860139846802,7,2016,Middlesbrough,0,0,0,0.8227257113903761,1.8076523281633854,0.5335184875875711,1713,Viktor Fischer
