group_type,position,games,goals,shots,time,xG,assists,xA,key_passes,season,team,yellow,red,npg,npxG,xGChain,xGBuildup,player_id,player_name
season,FW,2,0,1,149,0.09045089781284332,0,0,0,2018,Rennes,0,0,0,0.09045089781284332,0.10362129751592875,0.10362129751592875,656,Diafra Sakho
season,FW,13,2,20,770,3.7476808205246925,0,0.23065399564802647,6,2017,Rennes,1,0,2,3.7476808205246925,4.534558206796646,0.8956796117126942,656,Diafra Sakho
season,Sub,14,2,9,264,1.7452047057449818,0,0.025693699717521667,1,2017,West Ham,2,0,2,1.7452047057449818,1.9794154865667224,0.5864611892029643,656,Diafra Sakho
season,FW,4,1,3,183,0.6023831851780415,0,0.05729740113019943,1,2016,West Ham,0,0,1,0.6023831851780415,0.142238799482584,0.02287380024790764,656,Diafra Sakho
season,FW,21,5,48,1539,7.360721768811345,1,1.8989981887862086,14,2015,West Ham,3,0,5,7.360721768811345,8.050178641453385,1.3451794032007456,656,Diafra Sakho
season,Sub,23,10,66,1765,9.070379790849984,2,2.615855161100626,23,2014,West Ham,2,0,10,9.070379790849984,9.083618108183146,0.9128177799284458,656,Diafra Sakho
