group_type,position,games,goals,shots,time,xG,assists,xA,key_passes,season,team,yellow,red,npg,npxG,xGChain,xGBuildup,player_id,player_name
season,Sub,8,0,1,399,0.043360400944948196,0,0.7610810045152903,7,2019,Everton,0,0,0,0.043360400944948196,1.677618719637394,1.677618719637394,588,Leighton Baines
season,DL,6,0,2,375,0.07558160275220871,0,0.0834846030920744,4,2018,Everton,0,0,0,0.07558160275220871,0.8094734735786915,0.7900804728269577,588,Leighton Baines
season,DML,22,2,7,1911,2.0704966159537435,3,2.298934182152152,24,2017,Everton,1,0,0,0.5481556029990315,4.415299782529473,3.6214977321214974,588,Leighton Baines
season,ML,32,2,15,2827,2.7509228345006704,3,2.6850180039182305,46,2016,Everton,4,0,0,0.46741550229489803,12.14088617824018,10.553630283102393,588,Leighton Baines
season,DL,18,2,9,1473,1.2093742927536368,1,1.6651656907051802,22,2015,Everton,0,0,1,0.4482050007209182,4.1670159082859755,2.980505997315049,588,Leighton Baines
season,DL,31,2,22,2775,2.973817222751677,9,6.3470416609197855,70,2014,Everton,4,0,0,0.690310106612742,9.676740575581789,6.8342065047472715,588,Leighton Baines
