group_type,position,games,goals,shots,time,xG,assists,xA,key_passes,season,team,yellow,red,npg,npxG,xGChain,xGBuildup,player_id,player_name
season,GK,32,0,0,2880,0,0,0.03346681594848633,1,2025,Sassuolo,4,0,0,0,3.8466744776815176,3.8466744776815176,7027,Arijanet Muric
season,GK,18,0,0,1620,0,0,0,0,2024,Ipswich,1,0,0,0,2.3349773976951838,2.3349773976951838,7027,Arijanet Muric
season,GK,10,0,0,900,0,0,0.37258302234113216,4,2023,Burnley,0,0,0,0,2.251372165977955,1.878789134323597,7027,Arijanet Muric
