group_type,position,games,goals,shots,time,xG,assists,xA,key_passes,season,team,yellow,red,npg,npxG,xGChain,xGBuildup,player_id,player_name
season,Sub,14,0,4,224,0.1730077974498272,0,0.28865519911050797,5,2022,Leeds,2,0,0,0.1730077974498272,1.2394929844886065,0.9285477884113789,4381,Mateusz Klich
season,MC,33,1,42,2117,2.7019910784438252,2,1.9125773273408413,32,2021,Leeds,5,0,1,2.7019910784438252,8.965397104620934,5.376784522086382,4381,Mateusz Klich
season,MC,35,4,36,2404,2.9999594227410853,5,3.650848997756839,44,2020,Leeds,6,0,2,1.4776212074793875,14.608116365969181,10.386437094770372,4381,Mateusz Klich
