group_type,position,games,goals,shots,time,xG,assists,xA,key_passes,season,team,yellow,red,npg,npxG,xGChain,xGBuildup,player_id,player_name
season,Sub,12,1,6,438,0.19363570399582386,0,0.5254478920251131,10,2020,Everton,2,0,1,0.19363570399582386,1.2825448121875525,0.7026601061224937,7063,Bernard
season,AML,27,3,12,1267,1.697566106915474,2,2.3037208076566458,24,2019,Everton,2,0,3,1.697566106915474,6.573720674961805,3.0494453702121973,7063,Bernard
season,Sub,34,1,23,2146,2.6929494235664606,3,3.2409915225580335,41,2018,Everton,5,0,1,2.6929494235664606,9.933074563741684,4.96146141551435,7063,Bernard
