group_type,position,games,goals,shots,time,xG,assists,xA,key_passes,season,team,yellow,red,npg,npxG,xGChain,xGBuildup,player_id,player_name
season,AMC,23,0,16,1432,0.830576203763485,2,2.254389534704387,17,2020,Alaves,3,1,0,0.830576203763485,3.338287767022848,0.9876271076500416,2132,Jota
season,Sub,10,0,6,328,0.2638003006577492,1,0.5682310946285725,4,2019,Aston Villa,0,0,0,0.2638003006577492,1.558620523661375,0.849068209528923,2132,Jota
season,AMC,5,0,3,203,0.17331918608397245,0,0.13670599460601807,2,2016,Eibar,0,0,0,0.17331918608397245,0.23514118511229753,0.03728510066866875,2132,Jota
season,Sub,13,0,13,689,1.6859705653041601,0,1.3416727054864168,13,2015,Eibar,1,0,0,1.6859705653041601,3.396335808560252,0.9424160812050104,2132,Jota
