group_type,position,games,goals,shots,time,xG,assists,xA,key_passes,season,team,yellow,red,npg,npxG,xGChain,xGBuildup,player_id,player_name
season,Sub,15,3,6,991,1.6827510111033916,0,0.03019849956035614,1,2021,Lyon,2,0,3,1.6827510111033916,4.470551576465368,4.440353538841009,1039,Jason Denayer
season,DC,31,1,5,2620,0.5482416283339262,0,0,0,2020,Lyon,1,0,1,0.5482416283339262,9.94297931343317,9.94297931343317,1039,Jason Denayer
season,DC,25,0,5,2137,0.7389690205454826,1,0.11627648770809174,3,2019,Lyon,0,0,0,0.7389690205454826,5.066892435774207,4.913017442449927,1039,Jason Denayer
season,DC,31,2,15,2756,1.7106646187603474,0,0.2225441113114357,5,2018,Lyon,2,0,2,1.7106646187603474,10.356185466051102,10.241769433021545,1039,Jason Denayer
season,Sub,24,0,6,1885,0.2626847540959716,0,0.14413930103182793,2,2016,Sunderland,2,0,0,0.2626847540959716,2.560316947288811,2.305957494303584,1039,Jason Denayer
