group_type,position,games,goals,shots,time,xG,assists,xA,key_passes,season,team,yellow,red,npg,npxG,xGChain,xGBuildup,player_id,player_name
season,Sub,14,3,39,806,2.94406009092927,0,0.44271209090948105,7,2019,Verona,1,1,2,2.1828011013567448,3.6389577630907297,1.3095128796994686,737,Fabio Borini
season,MC,2,0,2,73,0.08943179994821548,0,0,0,2019,AC Milan,1,0,0,0.08943179994821548,0.22462640702724457,0.13519500195980072,737,Fabio Borini
season,FWL,20,2,30,1047,2.6028503738343716,2,1.1320272218436003,13,2018,AC Milan,3,0,2,2.6028503738343716,5.037841342389584,1.4452403020113707,737,Fabio Borini
season,FWL,29,2,37,1607,2.2210749983787537,3,0.7463502148166299,15,2017,AC Milan,4,0,2,2.2210749983787537,5.232902895659208,2.65846049785614,737,Fabio Borini
season,AMC,24,2,33,1739,2.044637428596616,0,0.5919893030077219,15,2016,Sunderland,5,0,2,2.044637428596616,3.13609940931201,1.0123161990195513,737,Fabio Borini
season,AML,26,5,48,1913,4.93459333665669,2,1.737776736728847,18,2015,Sunderland,6,0,4,4.173425326123834,5.729666614905,2.1620970480144024,737,Fabio Borini
season,Sub,12,1,14,389,1.947100818157196,1,0.9333350993692875,8,2014,Liverpool,1,1,1,1.947100818157196,2.3626261055469513,0.16385349724441767,737,Fabio Borini
