group_type,position,games,goals,shots,time,xG,assists,xA,key_passes,season,team,yellow,red,npg,npxG,xGChain,xGBuildup,player_id,player_name
season,Sub,15,3,26,910,3.1188822723925114,1,0.30352509766817093,8,2019,Toulouse,1,0,2,2.358787301927805,2.9127373173832893,0.6659202948212624,4402,Yaya Sanogo
season,Sub,21,3,46,1240,7.193591447547078,0,0.7089904993772507,11,2018,Toulouse,3,0,2,6.43349632807076,7.362541441805661,1.8369014039635658,4402,Yaya Sanogo
season,Sub,27,6,49,1504,7.614829253405333,0,0.38080819603055716,12,2017,Toulouse,6,0,6,7.614829253405333,6.411861274391413,0.6757549028843641,4402,Yaya Sanogo
season,FW,10,0,9,306,0.6418375000357628,0,0.2049696035683155,5,2014,Crystal Palace,1,0,0,0.6418375000357628,0.58934710547328,0.020191200077533722,4402,Yaya Sanogo
season,FW,3,0,8,146,1.1524981409311295,0,0,0,2014,Arsenal,0,0,0,1.1524981409311295,1.6754598915576935,0.6584587246179581,4402,Yaya Sanogo
