group_type,position,games,goals,shots,time,xG,assists,xA,key_passes,season,team,yellow,red,npg,npxG,xGChain,xGBuildup,player_id,player_name
season,Sub,7,0,6,138,0.3288260931149125,0,0.0317097008228302,2,2021,Saint-Etienne,0,0,0,0.3288260931149125,0.22137340251356363,0,520,Bakary Sako
season,Sub,4,0,0,19,0,0,0,0,2018,Crystal Palace,0,0,0,0,0,0,520,Bakary Sako
season,Sub,16,3,17,446,2.2703607995063066,0,0.7738896021619439,7,2017,Crystal Palace,0,0,3,2.2703607995063066,2.393583637662232,0.5047072134912014,520,Bakary Sako
season,Sub,7,0,4,121,0.13087019883096218,0,0.09001059830188751,1,2016,Crystal Palace,0,0,0,0.13087019883096218,0.13712540082633495,0.0881837997585535,520,Bakary Sako
season,FW,20,2,34,1073,2.3595071816816926,1,1.8894953643903136,9,2015,Crystal Palace,1,0,2,2.3595071816816926,4.876719728112221,1.9568675085902214,520,Bakary Sako
