group_type,position,games,goals,shots,time,xG,assists,xA,key_passes,season,team,yellow,red,npg,npxG,xGChain,xGBuildup,player_id,player_name
season,DC,26,2,20,1939,2.327382738701999,2,1.1454473715275526,10,2025,Real Madrid,7,1,2,2.327382738701999,9.927167125046253,9.520156245678663,11943,Dean Huijsen
season,DC,32,3,17,2403,1.5728872679173946,2,2.331902604550123,15,2024,Bournemouth,10,0,3,1.5728872679173946,11.550221702083945,10.0397496689111,11943,Dean Huijsen
season,Sub,13,2,6,485,0.5376391168683767,0,0.06008364260196686,1,2023,Roma,4,0,2,0.5376391168683767,2.1391787603497505,2.1194995529949665,11943,Dean Huijsen
season,Sub,1,0,0,9,0,0,0,0,2023,Juventus,0,0,0,0,0,0,11943,Dean Huijsen
