group_type,position,games,goals,shots,time,xG,assists,xA,key_passes,season,team,yellow,red,npg,npxG,xGChain,xGBuildup,player_id,player_name
season,MC,32,2,20,1374,2.7754334015771747,0,2.2512091072276235,14,2021,Celta Vigo,1,0,2,2.7754334015771747,6.903901039622724,2.392388876527548,1732,Nolito
season,FWL,36,7,55,2671,6.9841454438865185,5,5.507579838857055,35,2020,Celta Vigo,7,0,7,6.9841454438865185,20.086183613166213,9.36247827950865,1732,Nolito
season,FWL,15,3,30,912,2.5119819529354572,0,0.45029532350599766,10,2019,Sevilla,0,0,3,2.5119819529354572,4.884269904345274,2.1790689239278436,1732,Nolito
season,Sub,7,2,7,310,1.635495045222342,1,0.6363488920032978,6,2019,Celta Vigo,0,1,1,0.8922170186415315,1.5115662105381489,0.21294545475393534,1732,Nolito
season,FWL,4,0,2,73,0.45191600918769836,0,0,0,2018,Sevilla,0,0,0,0.45191600918769836,0.48139600828289986,0.029479999095201492,1732,Nolito
season,ML,30,4,38,1596,5.20962268859148,5,4.349010426551104,33,2017,Sevilla,4,0,4,4.466345734894276,9.889684310182929,4.264166861772537,1732,Nolito
season,AML,19,4,32,786,3.989437036216259,2,1.4063788950443268,13,2016,Manchester City,3,1,4,3.989437036216259,8.056466039270163,3.6412904001772404,1732,Nolito
season,FWL,29,12,81,2473,8.688584979623556,7,7.386070318520069,60,2015,Celta Vigo,9,0,11,7.202029816806316,17.687699623405933,8.310332233086228,1732,Nolito
season,AML,36,13,105,2970,11.040581971406937,13,14.72691248357296,96,2014,Celta Vigo,11,0,10,8.067464888095856,26.532404277473688,9.863798018544912,1732,Nolito
