group_type,position,games,goals,shots,time,xG,assists,xA,key_passes,season,team,yellow,red,npg,npxG,xGChain,xGBuildup,player_id,player_name
season,Sub,4,0,0,154,0,0,0.12047600001096725,1,2017,Swansea,0,0,0,0,0.4973075967282057,0.4973075967282057,707,Angel Rangel
season,Sub,18,1,5,811,0.2413316024467349,0,0.6948097981512547,7,2016,Swansea,1,0,1,0.2413316024467349,2.6399309150874615,2.4480347856879234,707,Angel Rangel
season,DR,23,0,14,1824,0.850328590720892,0,0.6480673085898161,12,2015,Swansea,6,0,0,0.850328590720892,4.8985338900238276,4.435109935700893,707,Angel Rangel
season,DR,27,0,7,2036,0.1650554994121194,0,1.4722545929253101,13,2014,Swansea,1,1,0,0.1650554994121194,6.861091006547213,6.046136010438204,707,Angel Rangel
