group_type,position,games,goals,shots,time,xG,assists,xA,key_passes,season,team,yellow,red,npg,npxG,xGChain,xGBuildup,player_id,player_name
season,Sub,23,0,8,1598,0.5401721596717834,1,0.658527560532093,3,2025,Chelsea,5,1,0,0.5401721596717834,8.059391107410192,8.028775479644537,7589,Wesley Fofana
season,DC,14,0,3,1192,0.20475389622151852,0,0.5259660333395004,6,2024,Chelsea,7,0,0,0.20475389622151852,4.953598186373711,4.430655201897025,7589,Wesley Fofana
season,DC,15,1,6,1192,0.41842419374734163,0,0.03663677629083395,2,2022,Chelsea,3,0,1,0.41842419374734163,3.707444317638874,3.6944747176021338,7589,Wesley Fofana
season,DC,2,0,2,180,0.4368094112724066,0,0,0,2022,Leicester,1,0,0,0.4368094112724066,0.7555929720401764,0.3324030041694641,7589,Wesley Fofana
season,DC,7,0,3,630,0.5680099092423916,0,0.03604919835925102,2,2021,Leicester,2,0,0,0.5680099092423916,2.999755318276584,2.980498324148357,7589,Wesley Fofana
season,DC,28,0,11,2274,1.376329679042101,0,0.28285560198128223,6,2020,Leicester,7,0,0,1.376329679042101,7.294463628903031,7.199465861544013,7589,Wesley Fofana
season,DC,4,0,1,312,0.017917200922966003,0,0.017700500786304474,1,2020,Saint-Etienne,1,0,0,0.017917200922966003,0.6193414852023125,0.601640984416008,7589,Wesley Fofana
season,DC,14,1,6,1213,0.8253348097205162,0,0.036073398776352406,2,2019,Saint-Etienne,4,0,1,0.8253348097205162,0.9138063881546259,0.7500347960740328,7589,Wesley Fofana
season,Sub,2,0,0,161,0,0,0,0,2018,Saint-Etienne,0,0,0,0,0.612683616578579,0.612683616578579,7589,Wesley Fofana
