group_type,position,games,goals,shots,time,xG,assists,xA,key_passes,season,team,yellow,red,npg,npxG,xGChain,xGBuildup,player_id,player_name
season,Sub,3,0,1,121,0.04461440071463585,0,0.017272500321269035,1,2021,Burnley,1,0,0,0.04461440071463585,0.061886899173259735,0,6051,Dale Stephens
season,MC,7,0,3,258,0.08226919732987881,0,0,0,2020,Burnley,1,0,0,0.08226919732987881,0.24124889820814133,0.15897969901561737,6051,Dale Stephens
season,MC,33,0,19,2528,0.44413422979414463,1,1.2471918314695358,18,2019,Brighton,8,0,0,0.44413422979414463,7.186790246516466,6.239625861868262,6051,Dale Stephens
season,MC,30,1,11,2485,0.24952240101993084,1,0.5923440903425217,18,2018,Brighton,6,1,1,0.24952240101993084,4.766996528953314,4.261580133810639,6051,Dale Stephens
season,MC,36,0,19,3240,0.7653935039415956,3,2.108914197422564,17,2017,Brighton,6,0,0,0.7653935039415956,7.67539716232568,5.764905093237758,6051,Dale Stephens
