group_type,position,games,goals,shots,time,xG,assists,xA,key_passes,season,team,yellow,red,npg,npxG,xGChain,xGBuildup,player_id,player_name
season,DR,31,0,3,2395,0.16149530187249184,1,1.4212622176855803,3,2021,Watford,3,0,0,0.16149530187249184,1.947451688349247,1.947451688349247,581,Craig Cathcart
season,DC,29,0,2,2490,0.18517609685659409,0,0.07538779824972153,2,2019,Watford,7,0,0,0.18517609685659409,2.232964104041457,2.1953310053795576,581,Craig Cathcart
season,DC,36,3,13,3104,1.8465651907026768,0,0.10806500166654587,1,2018,Watford,2,0,3,1.8465651907026768,4.140128007158637,4.140128007158637,581,Craig Cathcart
season,Sub,7,0,2,496,0.16062100231647491,0,0,0,2017,Watford,1,0,0,0.16062100231647491,0.12969129905104637,0.12969129905104637,581,Craig Cathcart
season,DC,15,0,3,1154,0.14386500045657158,1,0.7175358980894089,4,2016,Watford,3,0,0,0.14386500045657158,1.7694043219089508,1.671617329120636,581,Craig Cathcart
season,DC,35,1,5,3034,0.6867376808077097,0,0.10606209933757782,3,2015,Watford,3,0,1,0.6867376808077097,3.8294328143820167,3.711509123444557,581,Craig Cathcart
