group_type,position,games,goals,shots,time,xG,assists,xA,key_passes,season,team,yellow,red,npg,npxG,xGChain,xGBuildup,player_id,player_name
season,Sub,15,3,20,989,3.586364097893238,0,0.5976490452885628,6,2025,Tottenham,1,0,3,3.586364097893238,4.704602524638176,1.6908956598490477,1679,Dominic Solanke
season,FW,27,9,60,2220,12.416034620255232,3,2.4611449129879475,14,2024,Tottenham,0,0,8,11.65486578270793,16.30166282877326,4.277167193591595,1679,Dominic Solanke
season,FW,38,19,109,3346,21.40683087334037,3,3.5437498800456524,39,2023,Bournemouth,3,0,17,19.12332433462143,22.5880119279027,4.080137750133872,1679,Dominic Solanke
season,FW,33,6,76,2874,9.317674346268177,7,3.9576231529936194,21,2022,Bournemouth,2,0,6,9.317674346268177,14.145027499645948,3.0667414711788297,1679,Dominic Solanke
season,Sub,32,3,32,1617,4.439335510134697,1,1.053561699576676,15,2019,Bournemouth,1,0,3,4.439335510134697,6.863941753283143,2.4171565398573875,1679,Dominic Solanke
season,FW,10,0,11,322,0.7951504969969392,1,0.3580828905105591,8,2018,Bournemouth,0,0,0,0.7951504969969392,1.6433689249679446,0.6305439285933971,1679,Dominic Solanke
season,Sub,21,1,22,552,3.6663912441581488,1,2.531804454512894,15,2017,Liverpool,0,0,1,3.6663912441581488,7.042425975203514,1.8860114328563213,1679,Dominic Solanke
