group_type,position,games,goals,shots,time,xG,assists,xA,key_passes,season,team,yellow,red,npg,npxG,xGChain,xGBuildup,player_id,player_name
season,Sub,12,2,15,396,1.942964792251587,0,0.9605132089927793,7,2025,Crystal Palace,2,0,2,1.942964792251587,2.89599169138819,0.14879368524998426,6482,Eddie Nketiah
season,AMC,29,3,43,984,7.15336112678051,1,1.3858313784003258,13,2024,Crystal Palace,4,1,3,7.15336112678051,9.502782799303532,2.1897604260593653,6482,Eddie Nketiah
season,FW,27,5,38,1036,5.057408779859543,2,1.209644090384245,9,2023,Arsenal,3,0,5,5.057408779859543,5.851144388318062,0.9911122377961874,6482,Eddie Nketiah
season,Sub,30,4,41,1017,9.223067251965404,1,1.481980249285698,9,2022,Arsenal,3,0,4,9.223067251965404,10.200598530471325,1.7821177616715431,6482,Eddie Nketiah
season,Sub,21,5,28,803,4.993681591004133,1,1.6652061231434345,13,2021,Arsenal,3,0,5,4.993681591004133,7.677356168627739,2.160008793696761,6482,Eddie Nketiah
season,Sub,17,2,12,405,2.022098023444414,1,0.7423548139631748,8,2020,Arsenal,0,0,2,2.022098023444414,2.0772799979895353,0.22055049799382687,6482,Eddie Nketiah
season,Sub,13,2,15,629,3.4787297137081623,0,0.631174492649734,5,2019,Arsenal,0,1,2,3.4787297137081623,4.134649693965912,0.5784084871411324,6482,Eddie Nketiah
season,Sub,5,1,3,54,0.2696470022201538,0,0.13141000270843506,1,2018,Arsenal,0,0,1,0.2696470022201538,0.958267018198967,0.6886199712753296,6482,Eddie Nketiah
season,Sub,3,0,1,11,0.08146669715642929,0,0,0,2017,Arsenal,0,0,0,0.08146669715642929,0.08146669715642929,0,6482,Eddie Nketiah
