group_type,position,games,goals,shots,time,xG,assists,xA,key_passes,season,team,yellow,red,npg,npxG,xGChain,xGBuildup,player_id,player_name
season,MC,31,1,21,2025,1.2344687096774578,0,1.0967805199325085,19,2016,Hull,5,1,0,0.47329969331622124,7.109625894576311,6.004909521900117,1695,Tom Huddlestone
season,MC,31,0,38,2552,0.9374580001458526,2,1.1501444019377232,24,2014,Hull,6,2,0,0.9374580001458526,6.04863590747118,5.365605456754565,1695,Tom Huddlestone
