group_type,position,games,goals,shots,time,xG,assists,xA,key_passes,season,team,yellow,red,npg,npxG,xGChain,xGBuildup,player_id,player_name
season,DC,6,0,3,491,0.2383595146238804,0,0,0,2023,Sheffield United,2,0,0,0.2383595146238804,0.3853593021631241,0.2653413340449333,7703,John Egan
season,DC,31,0,14,2628,0.4912482975050807,1,0.6186051927506924,3,2020,Sheffield United,7,1,0,0.4912482975050807,4.387039129622281,3.7450276343151927,7703,John Egan
season,DC,36,2,27,3193,2.6867086198180914,0,0.4515930116176605,1,2019,Sheffield United,3,1,2,2.6867086198180914,3.889268606901169,3.759342309087515,7703,John Egan
