group_type,position,games,goals,shots,time,xG,assists,xA,key_passes,season,team,yellow,red,npg,npxG,xGChain,xGBuildup,player_id,player_name
season,Sub,15,0,3,813,0.15612759068608284,1,0.5980998799204826,2,2025,Aston Villa,0,0,0,0.15612759068608284,2.456116044893861,2.4394004065543413,6080,Victor Lindelöf
season,Sub,16,0,0,679,0,0,0.12252716906368732,3,2024,Manchester United,1,0,0,0,1.1769144833087921,1.0819011144340038,6080,Victor Lindelöf
season,Sub,19,1,6,1340,0.43084179423749447,1,0.2853157091885805,8,2023,Manchester United,2,0,1,0.43084179423749447,3.862116176635027,3.649274256080389,6080,Victor Lindelöf
season,Sub,20,0,3,1350,0.23235159739851952,0,0.08466855436563492,3,2022,Manchester United,1,0,0,0.23235159739851952,7.236471671611071,7.146713148802519,6080,Victor Lindelöf
season,DC,28,0,3,2349,0.18983770348131657,2,0.6558029912412167,4,2021,Manchester United,4,0,0,0.18983770348131657,6.806016536429524,6.787732543423772,6080,Victor Lindelöf
season,DC,29,1,4,2587,0.7988889738917351,1,0.40237830206751823,6,2020,Manchester United,0,0,1,0.7988889738917351,9.030322298407555,8.881874991580844,6080,Victor Lindelöf
season,DC,35,1,6,3100,0.1840899009257555,0,0.3704903954640031,4,2019,Manchester United,6,0,1,0.1840899009257555,8.878298587165773,8.868011387065053,6080,Victor Lindelöf
season,DC,30,1,8,2604,0.8407717123627663,1,1.583196997642517,5,2018,Manchester United,1,0,1,0.8407717123627663,8.736518723890185,7.977655736729503,6080,Victor Lindelöf
season,Sub,17,0,1,1280,0.012279500253498554,0,0.2188110053539276,2,2017,Manchester United,1,0,0,0.012279500253498554,3.081314178183675,2.862503172829747,6080,Victor Lindelöf
