group_type,position,games,goals,shots,time,xG,assists,xA,key_passes,season,team,yellow,red,npg,npxG,xGChain,xGBuildup,player_id,player_name
season,FW,22,1,21,1409,3.4406843297183514,1,0.5215367181226611,7,2025,Wolverhampton Wanderers,2,0,0,1.9183466229587793,3.1420091316103935,1.5383319780230522,11070,Jørgen Strand Larsen
season,FW,11,3,18,769,2.668547159060836,0,0.16502494737505913,3,2025,Crystal Palace,2,0,3,2.668547159060836,3.2866961043328047,0.6988501399755478,11070,Jørgen Strand Larsen
season,FW,35,14,54,2624,11.689683858305216,4,3.358626527711749,19,2024,Wolverhampton Wanderers,4,0,14,11.689683858305216,16.568026771768928,3.4464203380048275,11070,Jørgen Strand Larsen
season,FW,37,13,81,2951,16.671772304922342,3,2.7474186159670353,24,2023,Celta Vigo,3,0,13,16.671772304922342,20.40579062514007,4.552490897476673,11070,Jørgen Strand Larsen
season,Sub,32,4,41,1735,4.807609509676695,4,1.9461370818316936,12,2022,Celta Vigo,4,0,4,4.807609509676695,7.904950646683574,2.37780256383121,11070,Jørgen Strand Larsen
